{
"type": "FeatureCollection",
"name": "coastline",
"crs": { "type": "name", "properties": { "name": "urn:ogc:def:crs:OGC:1.3:CRS84" } },
"features": [
{ "type": "Feature", "properties": { }, "geometry": { "type": "Polygon", "coordinates": [ [ [ 1.579274936000047, 50.533148505000042 ], [ 1.610362175000091, 50.548163153000075 ], [ 1.57789147200009, 50.588609117000033 ], [ 1.563161655000044, 50.678290106000077 ], [ 1.567637566000087, 50.716742255000042 ], [ 1.605642123000052, 50.790025132000039 ], [ 1.580577019000089, 50.868801174000055 ], [ 1.60482832100007, 50.881048895000049 ], [ 1.653330925000091, 50.889105536000045 ], [ 1.72982832100007, 50.943915106000077 ], [ 1.921397332000083, 50.996771552000041 ], [ 2.134043816000087, 51.019964911000045 ], [ 2.31609134200005, 51.059027411000045 ], [ 2.38445071700005, 51.05532461100006 ], [ 2.506683790000068, 51.080755927000041 ], [ 2.579925977000073, 51.104803778000075 ], [ 2.715668165000068, 51.169501044000071 ], [ 3.124847852000073, 51.329657294000071 ], [ 3.541351759000065, 51.416734117000033 ], [ 3.604665561000047, 51.391058661000045 ], [ 3.702159050000091, 51.373602606000077 ], [ 3.75554446700005, 51.350083726000037 ], [ 3.858164910000085, 51.345445054000038 ], [ 3.955821160000085, 51.371771552000041 ], [ 3.98414147200009, 51.41046784100007 ], [ 4.005707227000073, 51.409816799000055 ], [ 4.043467644000089, 51.398504950000074 ], [ 4.070160352000073, 51.37055084800005 ], [ 4.121918165000068, 51.359361070000034 ], [ 4.156504754000082, 51.357570705000057 ], [ 4.180023634000065, 51.377427476000037 ], [ 4.222178582000083, 51.367743231000077 ], [ 4.241058790000068, 51.356594143000052 ], [ 4.256114129000082, 51.32843659100007 ], [ 4.302989129000082, 51.296087958000044 ], [ 4.308116082000083, 51.283636786000045 ], [ 4.296722852000073, 51.267564195000034 ], [ 4.30836022200009, 51.271226304000038 ], [ 4.330821160000085, 51.296087958000044 ], [ 4.289317254000082, 51.309149481000077 ], [ 4.283050977000073, 51.350083726000037 ], [ 4.257090691000087, 51.37250397300005 ], [ 4.244883660000085, 51.414496161000045 ], [ 4.234711134000065, 51.419012762000079 ], [ 4.201019727000073, 51.405340887000079 ], [ 4.11109459700009, 51.406968492000033 ], [ 4.070160352000073, 51.419012762000079 ], [ 4.015147332000083, 51.448919989000046 ], [ 3.957041863000086, 51.455796617000033 ], [ 3.94312584700009, 51.450384833000044 ], [ 3.90211022200009, 51.40493398600006 ], [ 3.827159050000091, 51.391058661000045 ], [ 3.789073113000086, 51.412176825000074 ], [ 3.728770379000082, 51.430812893000052 ], [ 3.689707879000082, 51.454291083000044 ], [ 3.610036655000044, 51.445054429000038 ], [ 3.535411004000082, 51.459214585000041 ], [ 3.494802280000044, 51.500921942000048 ], [ 3.461924675000091, 51.51898834800005 ], [ 3.44703209700009, 51.545965887000079 ], [ 3.560394727000073, 51.594631252000056 ], [ 3.851084832000083, 51.61078522300005 ], [ 3.88217207100007, 51.596096096000053 ], [ 3.905772332000083, 51.569240627000056 ], [ 3.871592644000089, 51.555568752000056 ], [ 3.871592644000089, 51.549383856000077 ], [ 3.967295769000089, 51.543117580000057 ], [ 4.015879754000082, 51.530829169000071 ], [ 4.057139519000089, 51.508368231000077 ], [ 4.10482832100007, 51.445705471000053 ], [ 4.180837436000047, 51.445868231000077 ], [ 4.200450066000087, 51.439520575000074 ], [ 4.283213738000086, 51.447699286000045 ], [ 4.296722852000073, 51.470526434000078 ], [ 4.288584832000083, 51.492132880000042 ], [ 4.267751498000052, 51.508286851000037 ], [ 4.153330925000091, 51.535060940000051 ], [ 4.091319207000083, 51.535060940000051 ], [ 3.988129102000073, 51.590277411000045 ], [ 4.06771894600007, 51.610663153000075 ], [ 4.157237175000091, 51.607896226000037 ], [ 4.207286004000082, 51.590277411000045 ], [ 4.202647332000083, 51.609116929000038 ], [ 4.189952019000089, 51.616685289000088 ], [ 4.135996941000087, 51.620428778000075 ], [ 4.11296634200005, 51.639390367000033 ], [ 4.11264082100007, 51.670803127000056 ], [ 4.142914259000065, 51.684149481000077 ], [ 4.176931186000047, 51.68585846600007 ], [ 4.141123894000089, 51.703924872000073 ], [ 4.071543816000087, 51.717189846000053 ], [ 4.057139519000089, 51.730292059000078 ], [ 4.050791863000086, 51.763495184000078 ], [ 4.033946160000085, 51.784247137000079 ], [ 3.981455925000091, 51.81000397300005 ], [ 3.871592644000089, 51.788275458000044 ], [ 3.862315300000091, 51.816066799000055 ], [ 3.96265709700009, 51.847357489000046 ], [ 4.047618035000085, 51.833685614000046 ], [ 4.077647332000083, 51.843573309000078 ], [ 4.032074415000068, 51.882025458000044 ], [ 4.031993035000085, 51.896063544000071 ], [ 4.043467644000089, 51.908677476000037 ], [ 4.010020379000082, 51.980129299000055 ], [ 4.015635613000086, 51.987697658000059 ], [ 4.022471550000091, 51.994370835000041 ], [ 4.069021030000044, 51.987941799000055 ], [ 4.107676629000082, 51.991888739000046 ], [ 4.141856316000087, 52.005601304000038 ], [ 4.284678582000083, 52.112941799000055 ], [ 4.406911655000044, 52.223456122000073 ], [ 4.508148634000065, 52.336371161000045 ], [ 4.568614129000082, 52.445257880000042 ], [ 4.577321811000047, 52.480943101000037 ], [ 4.596934441000087, 52.506577867000033 ], [ 4.639333530000044, 52.700669664000031 ], [ 4.669444207000083, 52.796576239000046 ], [ 4.711680535000085, 52.863104559000078 ], [ 4.733897332000083, 52.958889065000051 ], [ 4.74545332100007, 52.967596747000073 ], [ 4.806976759000065, 52.961818752000056 ], [ 4.816905144000089, 52.967596747000073 ], [ 4.824392123000052, 52.960150458000044 ], [ 4.809418165000068, 52.929592190000051 ], [ 4.832774285000085, 52.911322333000044 ], [ 4.873789910000085, 52.903957424000055 ], [ 4.913096550000091, 52.905585028000075 ], [ 4.97828209700009, 52.935695705000057 ], [ 5.078135613000086, 52.954006252000056 ], [ 5.312754754000082, 53.082831122000073 ], [ 5.379242384000065, 53.097357489000046 ], [ 5.39975019600007, 53.122056382000039 ], [ 5.42709394600007, 53.190334377000056 ], [ 5.447438998000052, 53.220892645000049 ], [ 5.504242384000065, 53.257025458000044 ], [ 5.541026238000086, 53.266587632000039 ], [ 5.59156334700009, 53.302801825000074 ], [ 5.659678582000083, 53.31195709800005 ], [ 5.694590691000087, 53.330064195000034 ], [ 5.980804884000065, 53.406073309000078 ], [ 6.273936394000089, 53.412665106000077 ], [ 6.311534050000091, 53.398993231000077 ], [ 6.345550977000073, 53.412665106000077 ], [ 6.494395379000082, 53.438706773000035 ], [ 6.73023522200009, 53.460638739000046 ], [ 6.849782748000052, 53.444891669000071 ], [ 6.86687259200005, 53.434271552000041 ], [ 6.900563998000052, 53.351792710000041 ], [ 6.94857832100007, 53.326076565000051 ], [ 7.020030144000089, 53.306138414000031 ], [ 7.037771030000044, 53.309637762000079 ], [ 7.05827884200005, 53.301947333000044 ], [ 7.085459832000083, 53.309637762000079 ], [ 7.073496941000087, 53.295640367000033 ], [ 7.080739780000044, 53.266791083000044 ], [ 7.194590691000087, 53.245021877000056 ], [ 7.233571811000047, 53.273627020000049 ], [ 7.236989780000044, 53.285549221000053 ], [ 7.229502800000091, 53.296576239000046 ], [ 7.254730665000068, 53.319525458000044 ], [ 7.291514519000089, 53.323919989000046 ], [ 7.36654707100007, 53.302801825000074 ], [ 7.342539910000085, 53.324042059000078 ], [ 7.302907748000052, 53.332749742000033 ], [ 7.075205925000091, 53.337591864000046 ], [ 7.038259311000047, 53.348578192000048 ], [ 7.023610873000052, 53.37641022300005 ], [ 7.023285352000073, 53.450506903000075 ], [ 7.051442905000044, 53.512600002000056 ], [ 7.059743686000047, 53.521714585000041 ], [ 7.119639519000089, 53.516302802000041 ], [ 7.141774936000047, 53.537176825000074 ], [ 7.131114129000082, 53.55695221600007 ], [ 7.088877800000091, 53.573716539000031 ], [ 7.086761915000068, 53.586859442000048 ], [ 7.10092207100007, 53.597886460000041 ], [ 7.226084832000083, 53.666489976000037 ], [ 7.305023634000065, 53.684800523000035 ], [ 7.458832227000073, 53.695135809000078 ], [ 7.503916863000086, 53.678656317000048 ], [ 7.951426629000082, 53.721909898000035 ], [ 8.031423373000052, 53.708075262000079 ], [ 8.024912957000083, 53.672552802000041 ], [ 8.052907748000052, 53.636297919000071 ], [ 8.094086134000065, 53.604722398000035 ], [ 8.127614780000044, 53.590765692000048 ], [ 8.119151238000086, 53.571926174000055 ], [ 8.156748894000089, 53.563666083000044 ], [ 8.167979363000086, 53.553208726000037 ], [ 8.155446811000047, 53.52602773600006 ], [ 8.115733269000089, 53.510728257000039 ], [ 8.058767123000052, 53.502020575000074 ], [ 8.086192254000082, 53.456122137000079 ], [ 8.099782748000052, 53.447414455000057 ], [ 8.123871290000068, 53.454006252000056 ], [ 8.152354363000086, 53.449774481000077 ], [ 8.205332879000082, 53.410711981000077 ], [ 8.25945071700005, 53.412298895000049 ], [ 8.292816602000073, 53.440497137000079 ], [ 8.315114780000044, 53.47492096600007 ], [ 8.320485873000052, 53.50922272300005 ], [ 8.291514519000089, 53.529364325000074 ], [ 8.231211785000085, 53.525213934000078 ], [ 8.248871290000068, 53.590277411000045 ], [ 8.270681186000047, 53.612860419000071 ], [ 8.329356316000087, 53.618109442000048 ], [ 8.348480665000068, 53.612860419000071 ], [ 8.387705925000091, 53.577134507000039 ], [ 8.55209394600007, 53.54360586100006 ], [ 8.55209394600007, 53.536200262000079 ], [ 8.506195509000065, 53.507961330000057 ], [ 8.49000084700009, 53.486395575000074 ], [ 8.485036655000044, 53.401190497000073 ], [ 8.504405144000089, 53.35805898600006 ], [ 8.497569207000083, 53.474758205000057 ], [ 8.512868686000047, 53.496486721000053 ], [ 8.556651238000086, 53.51821523600006 ], [ 8.56576582100007, 53.546698309000078 ], [ 8.508311394000089, 53.625148830000057 ], [ 8.487071160000085, 53.666937567000048 ], [ 8.48609459700009, 53.700425523000035 ], [ 8.573252800000091, 53.857652085000041 ], [ 8.60710696700005, 53.881537177000041 ], [ 8.651866082000083, 53.892482815000051 ], [ 8.684580925000091, 53.888495184000078 ], [ 8.744639519000089, 53.85415273600006 ], [ 8.782481316000087, 53.842474677000041 ], [ 8.86068769600007, 53.831000067000048 ], [ 9.016286655000044, 53.840521552000041 ], [ 9.035004102000073, 53.853583075000074 ], [ 9.114512566000087, 53.865139065000051 ], [ 9.193614129000082, 53.86469147300005 ], [ 9.21070397200009, 53.871975002000056 ], [ 9.274668816000087, 53.865139065000051 ], [ 9.305349155000044, 53.844549872000073 ], [ 9.402679884000065, 53.742417710000041 ], [ 9.484711134000065, 53.69009023600006 ], [ 9.498383009000065, 53.659857489000046 ], [ 9.567067905000044, 53.599595445000034 ], [ 9.69662519600007, 53.556626695000034 ], [ 9.832041863000086, 53.54360586100006 ], [ 9.819590691000087, 53.556626695000034 ], [ 9.782074415000068, 53.569728908000059 ], [ 9.692393425000091, 53.575913804000038 ], [ 9.58366946700005, 53.612453518000052 ], [ 9.550791863000086, 53.634588934000078 ], [ 9.532237175000091, 53.711167710000041 ], [ 9.435801629000082, 53.74868398600006 ], [ 9.412445509000065, 53.77875397300005 ], [ 9.395192905000044, 53.831000067000048 ], [ 9.35873457100007, 53.839544989000046 ], [ 9.257823113000086, 53.885565497000073 ], [ 9.09343509200005, 53.892482815000051 ], [ 9.029958530000044, 53.907131252000056 ], [ 9.007823113000086, 53.892482815000051 ], [ 8.984629754000082, 53.897040106000077 ], [ 8.916026238000086, 53.937404690000051 ], [ 8.83334394600007, 54.036444403000075 ], [ 8.890635613000086, 54.047796942000048 ], [ 8.975352410000085, 54.02407461100006 ], [ 8.997243686000047, 54.030218817000048 ], [ 9.01303144600007, 54.060980536000045 ], [ 9.018321160000085, 54.097886460000041 ], [ 8.974457227000073, 54.128078518000052 ], [ 8.977305535000085, 54.145697333000044 ], [ 8.95289147200009, 54.150091864000046 ], [ 8.917979363000086, 54.146307684000078 ], [ 8.86068769600007, 54.125189520000049 ], [ 8.812836134000065, 54.180487372000073 ], [ 8.846690300000091, 54.233547268000052 ], [ 8.83961022200009, 54.255560614000046 ], [ 8.922048373000052, 54.274237372000073 ], [ 8.963145379000082, 54.317613023000035 ], [ 8.881114129000082, 54.290269273000035 ], [ 8.887950066000087, 54.303941148000035 ], [ 8.774668816000087, 54.290269273000035 ], [ 8.738942905000044, 54.293890692000048 ], [ 8.678477410000085, 54.269191799000055 ], [ 8.623383009000065, 54.290106512000079 ], [ 8.602712436000047, 54.312079169000071 ], [ 8.599864129000082, 54.338080145000049 ], [ 8.614024285000085, 54.348374742000033 ], [ 8.695567254000082, 54.358587958000044 ], [ 8.695567254000082, 54.365423895000049 ], [ 8.650645379000082, 54.377997137000079 ], [ 8.634776238000086, 54.365423895000049 ], [ 8.626231316000087, 54.37641022300005 ], [ 8.629161004000082, 54.387681382000039 ], [ 8.648448113000086, 54.406398830000057 ], [ 8.669769727000073, 54.400824286000045 ], [ 8.750824415000068, 54.413804429000038 ], [ 8.88607832100007, 54.417792059000078 ], [ 9.004730665000068, 54.465887762000079 ], [ 9.011566602000073, 54.506333726000037 ], [ 8.904470248000052, 54.580633856000077 ], [ 8.878754102000073, 54.606512762000079 ], [ 8.82585696700005, 54.598130601000037 ], [ 8.819021030000044, 54.605617580000057 ], [ 8.85328209700009, 54.619289455000057 ], [ 8.805430535000085, 54.687567450000074 ], [ 8.688731316000087, 54.735296942000048 ], [ 8.694346550000091, 54.760239976000037 ], [ 8.648448113000086, 54.817857164000031 ], [ 8.642751498000052, 54.844183661000045 ], [ 8.674815300000091, 54.947943427000041 ], [ 8.640961134000065, 55.023382880000042 ], [ 8.644786004000082, 55.055731512000079 ], [ 8.681895379000082, 55.133205471000053 ], [ 8.563649936000047, 55.143377997000073 ], [ 8.557383660000085, 55.096380927000041 ], [ 8.49935957100007, 55.065578518000052 ], [ 8.470225457000083, 55.078599351000037 ], [ 8.458832227000073, 55.103461005000042 ], [ 8.470225457000083, 55.177557684000078 ], [ 8.488942905000044, 55.197170315000051 ], [ 8.530528191000087, 55.200751044000071 ], [ 8.572601759000065, 55.19367096600007 ], [ 8.593760613000086, 55.180975653000075 ], [ 8.55209394600007, 55.160549221000053 ], [ 8.555186394000089, 55.149359442000048 ], [ 8.66928144600007, 55.136908270000049 ], [ 8.689463738000086, 55.141587632000039 ], [ 8.648448113000086, 55.280259507000039 ], [ 8.659678582000083, 55.327215887000079 ], [ 8.632090691000087, 55.418768622000073 ], [ 8.617686394000089, 55.437933661000045 ], [ 8.592539910000085, 55.449286200000074 ], [ 8.441905144000089, 55.463934637000079 ], [ 8.401133660000085, 55.485663153000075 ], [ 8.310394727000073, 55.562689520000049 ], [ 8.311208530000044, 55.56976959800005 ], [ 8.332367384000065, 55.572007554000038 ], [ 8.332367384000065, 55.578273830000057 ], [ 8.313161655000044, 55.582709052000041 ], [ 8.267832879000082, 55.580511786000045 ], [ 8.239024285000085, 55.557928778000075 ], [ 8.242035352000073, 55.548529364000046 ], [ 8.271739129000082, 55.530462958000044 ], [ 8.243662957000083, 55.516791083000044 ], [ 8.293955925000091, 55.504339911000045 ], [ 8.316742384000065, 55.489406643000052 ], [ 8.326182488000086, 55.47211334800005 ], [ 8.313324415000068, 55.469305731000077 ], [ 8.193614129000082, 55.525946356000077 ], [ 8.110606316000087, 55.540228583000044 ], [ 8.095225457000083, 55.549058335000041 ], [ 8.094004754000082, 55.56391022300005 ], [ 8.150238477000073, 55.649237372000073 ], [ 8.181651238000086, 55.729071356000077 ], [ 8.18336022200009, 55.769598700000074 ], [ 8.127777540000068, 55.987616278000075 ], [ 8.150563998000052, 55.977036851000037 ], [ 8.17546634200005, 55.900336005000042 ], [ 8.193369988000086, 55.873846747000073 ], [ 8.193614129000082, 55.853216864000046 ], [ 8.181651238000086, 55.828355210000041 ], [ 8.185069207000083, 55.814642645000049 ], [ 8.193614129000082, 55.811835028000075 ], [ 8.347829623000052, 55.869330145000049 ], [ 8.387705925000091, 55.89288971600007 ], [ 8.393321160000085, 55.909165757000039 ], [ 8.372894727000073, 55.943426825000074 ], [ 8.319509311000047, 55.986029364000046 ], [ 8.319509311000047, 56.01703522300005 ], [ 8.308116082000083, 56.052923895000049 ], [ 8.282399936000047, 56.075873114000046 ], [ 8.149668816000087, 56.111151434000078 ], [ 8.140635613000086, 56.102728583000044 ], [ 8.134776238000086, 55.993963934000078 ], [ 8.120127800000091, 55.996568101000037 ], [ 8.107920769000089, 56.024318752000056 ], [ 8.103363477000073, 56.096869208000044 ], [ 8.133799675000091, 56.205471096000053 ], [ 8.12240644600007, 56.551662502000056 ], [ 8.178721550000091, 56.672064520000049 ], [ 8.213877800000091, 56.711818752000056 ], [ 8.232432488000086, 56.688381252000056 ], [ 8.202159050000091, 56.640204169000071 ], [ 8.233164910000085, 56.633978583000044 ], [ 8.253916863000086, 56.60610586100006 ], [ 8.305918816000087, 56.597805080000057 ], [ 8.291514519000089, 56.593003648000035 ], [ 8.298350457000083, 56.558294989000046 ], [ 8.315196160000085, 56.556870835000041 ], [ 8.312022332000083, 56.578802802000041 ], [ 8.392100457000083, 56.585272528000075 ], [ 8.436534050000091, 56.580226955000057 ], [ 8.514659050000091, 56.544663804000038 ], [ 8.56576582100007, 56.578802802000041 ], [ 8.596039259000065, 56.531805731000077 ], [ 8.601084832000083, 56.501125393000052 ], [ 8.636973504000082, 56.479722398000035 ], [ 8.665537957000083, 56.475897528000075 ], [ 8.733164910000085, 56.485052802000041 ], [ 8.742035352000073, 56.497748114000046 ], [ 8.750824415000068, 56.552069403000075 ], [ 8.762543165000068, 56.563381252000056 ], [ 8.75757897200009, 56.571966864000046 ], [ 8.708994988000086, 56.588568427000041 ], [ 8.698496941000087, 56.611232815000051 ], [ 8.681488477000073, 56.616278387000079 ], [ 8.681895379000082, 56.626532294000071 ], [ 8.740896030000044, 56.634955145000049 ], [ 8.805430535000085, 56.695461330000057 ], [ 8.861582879000082, 56.707464911000045 ], [ 8.916758660000085, 56.708807684000078 ], [ 8.840830925000091, 56.722357489000046 ], [ 8.87663821700005, 56.76430898600006 ], [ 8.955739780000044, 56.802964585000041 ], [ 9.014903191000087, 56.797837632000039 ], [ 9.063161655000044, 56.812567450000074 ], [ 9.105967644000089, 56.800116278000075 ], [ 9.12045332100007, 56.764593817000048 ], [ 9.162852410000085, 56.729641018000052 ], [ 9.176036004000082, 56.708563544000071 ], [ 9.14820397200009, 56.704738674000055 ], [ 9.11882571700005, 56.678778387000079 ], [ 9.09343509200005, 56.674994208000044 ], [ 9.097504102000073, 56.658433335000041 ], [ 9.059336785000085, 56.633978583000044 ], [ 9.048838738000086, 56.607163804000038 ], [ 9.060557488000086, 56.565741278000075 ], [ 9.09343509200005, 56.578070380000042 ], [ 9.10678144600007, 56.61078522300005 ], [ 9.155446811000047, 56.612941799000055 ], [ 9.141123894000089, 56.626044012000079 ], [ 9.121348504000082, 56.620347398000035 ], [ 9.148610873000052, 56.661322333000044 ], [ 9.155446811000047, 56.661322333000044 ], [ 9.149424675000091, 56.638861395000049 ], [ 9.276215040000068, 56.632961330000057 ], [ 9.285329623000052, 56.620347398000035 ], [ 9.282399936000047, 56.610541083000044 ], [ 9.250336134000065, 56.578802802000041 ], [ 9.261241082000083, 56.576361395000049 ], [ 9.27084394600007, 56.558294989000046 ], [ 9.326182488000086, 56.530340887000079 ], [ 9.346690300000091, 56.552069403000075 ], [ 9.360850457000083, 56.544745184000078 ], [ 9.373057488000086, 56.552720445000034 ], [ 9.37273196700005, 56.565375067000048 ], [ 9.350352410000085, 56.571966864000046 ], [ 9.312836134000065, 56.557766018000052 ], [ 9.293711785000085, 56.561021226000037 ], [ 9.300629102000073, 56.609116929000038 ], [ 9.326019727000073, 56.669419664000031 ], [ 9.305674675000091, 56.695461330000057 ], [ 9.29070071700005, 56.703843492000033 ], [ 9.27084394600007, 56.702337958000044 ], [ 9.199066602000073, 56.676581122000073 ], [ 9.177907748000052, 56.675848700000074 ], [ 9.169118686000047, 56.688666083000044 ], [ 9.180349155000044, 56.700751044000071 ], [ 9.226410352000073, 56.71625397300005 ], [ 9.242523634000065, 56.747056382000039 ], [ 9.240489129000082, 56.753973700000074 ], [ 9.196543816000087, 56.770453192000048 ], [ 9.174978061000047, 56.806057033000059 ], [ 9.176036004000082, 56.818426825000074 ], [ 9.211436394000089, 56.851507880000042 ], [ 9.21062259200005, 56.863104559000078 ], [ 9.199554884000065, 56.879828192000048 ], [ 9.162852410000085, 56.894110419000071 ], [ 9.200205925000091, 56.93891022300005 ], [ 9.251475457000083, 56.972560940000051 ], [ 9.279958530000044, 56.979803778000075 ], [ 9.28874759200005, 56.997137762000079 ], [ 9.437022332000083, 57.024400132000039 ], [ 9.47006269600007, 57.023830471000053 ], [ 9.586761915000068, 56.997137762000079 ], [ 9.573090040000068, 56.97882721600007 ], [ 9.607920769000089, 56.969875393000052 ], [ 9.688975457000083, 57.039129950000074 ], [ 9.761241082000083, 57.058579820000034 ], [ 9.809092644000089, 57.051743882000039 ], [ 9.91578209700009, 57.058579820000034 ], [ 9.856618686000047, 57.088690497000073 ], [ 9.795664910000085, 57.106390692000048 ], [ 9.733246290000068, 57.066799221000053 ], [ 9.711924675000091, 57.061265367000033 ], [ 9.67514082100007, 57.079169012000079 ], [ 9.580821160000085, 57.049302476000037 ], [ 9.493988477000073, 57.048570054000038 ], [ 9.245371941000087, 57.002346096000053 ], [ 9.114512566000087, 57.058579820000034 ], [ 9.12086022200009, 57.045396226000037 ], [ 9.112803582000083, 57.038641669000071 ], [ 9.04265384200005, 57.017726955000057 ], [ 9.025726759000065, 57.017564195000034 ], [ 9.031993035000085, 57.023830471000053 ], [ 9.014008009000065, 57.030178127000056 ], [ 8.996755405000044, 57.028062242000033 ], [ 8.901621941000087, 56.986273505000042 ], [ 8.893077019000089, 56.999660549000055 ], [ 8.850433790000068, 57.003485419000071 ], [ 8.83334394600007, 56.997137762000079 ], [ 8.847992384000065, 56.988470770000049 ], [ 8.811696811000047, 56.969875393000052 ], [ 8.762054884000065, 56.955471096000053 ], [ 8.726410352000073, 56.96124909100007 ], [ 8.679535352000073, 56.952541408000059 ], [ 8.668793165000068, 56.945298570000034 ], [ 8.663340691000087, 56.925930080000057 ], [ 8.621104363000086, 56.894110419000071 ], [ 8.607920769000089, 56.849676825000074 ], [ 8.569590691000087, 56.818426825000074 ], [ 8.536306186000047, 56.814520575000074 ], [ 8.491384311000047, 56.794256903000075 ], [ 8.483897332000083, 56.781154690000051 ], [ 8.491465691000087, 56.731390692000048 ], [ 8.476410352000073, 56.715969143000052 ], [ 8.525563998000052, 56.715969143000052 ], [ 8.533050977000073, 56.703802802000041 ], [ 8.52702884200005, 56.695298570000034 ], [ 8.500987175000091, 56.688666083000044 ], [ 8.45289147200009, 56.702337958000044 ], [ 8.408213738000086, 56.688666083000044 ], [ 8.408213738000086, 56.681219794000071 ], [ 8.455902540000068, 56.688666083000044 ], [ 8.500987175000091, 56.674994208000044 ], [ 8.571543816000087, 56.691961981000077 ], [ 8.586273634000065, 56.688666083000044 ], [ 8.586273634000065, 56.653876044000071 ], [ 8.608083530000044, 56.631048895000049 ], [ 8.583018425000091, 56.609320380000042 ], [ 8.54664147200009, 56.601711330000057 ], [ 8.559580925000091, 56.593003648000035 ], [ 8.539317254000082, 56.592759507000039 ], [ 8.51148522200009, 56.607001044000071 ], [ 8.467295769000089, 56.652044989000046 ], [ 8.444834832000083, 56.664048570000034 ], [ 8.373383009000065, 56.680243231000077 ], [ 8.352224155000044, 56.692938544000071 ], [ 8.319509311000047, 56.722154039000031 ], [ 8.302012566000087, 56.763739325000074 ], [ 8.243662957000083, 56.777411200000074 ], [ 8.258067254000082, 56.74054596600007 ], [ 8.260752800000091, 56.70538971600007 ], [ 8.24586022200009, 56.704006252000056 ], [ 8.238291863000086, 56.725043036000045 ], [ 8.236175977000073, 56.771185614000046 ], [ 8.247894727000073, 56.812445380000042 ], [ 8.270355665000068, 56.843247789000031 ], [ 8.449717644000089, 57.003973700000074 ], [ 8.50359134200005, 57.034654039000031 ], [ 8.586273634000065, 57.106390692000048 ], [ 8.618011915000068, 57.122870184000078 ], [ 8.783946160000085, 57.104803778000075 ], [ 8.914561394000089, 57.127427476000037 ], [ 8.980479363000086, 57.161037502000056 ], [ 9.230642123000052, 57.141099351000037 ], [ 9.321543816000087, 57.147040106000077 ], [ 9.412119988000086, 57.165432033000059 ], [ 9.49781334700009, 57.197007554000038 ], [ 9.573252800000091, 57.242905992000033 ], [ 9.78842207100007, 57.45929596600007 ], [ 9.895355665000068, 57.53156159100007 ], [ 9.929860873000052, 57.567450262000079 ], [ 9.966970248000052, 57.591376044000071 ], [ 10.197601759000065, 57.601223049000055 ], [ 10.279551629000082, 57.620917059000078 ], [ 10.350596550000091, 57.648993231000077 ], [ 10.472504102000073, 57.716986395000049 ], [ 10.539073113000086, 57.743841864000046 ], [ 10.596039259000065, 57.751166083000044 ], [ 10.648936394000089, 57.737005927000041 ], [ 10.594411655000044, 57.725897528000075 ], [ 10.542491082000083, 57.698919989000046 ], [ 10.460459832000083, 57.630560614000046 ], [ 10.430430535000085, 57.570542710000041 ], [ 10.45834394600007, 57.525458075000074 ], [ 10.508962436000047, 57.484035549000055 ], [ 10.54656009200005, 57.435288804000038 ], [ 10.517425977000073, 57.391302802000041 ], [ 10.517914259000065, 57.339178778000075 ], [ 10.539073113000086, 57.236721096000053 ], [ 10.446787957000083, 57.184881903000075 ], [ 10.41146894600007, 57.144435940000051 ], [ 10.384043816000087, 57.074204820000034 ], [ 10.347178582000083, 57.010199286000045 ], [ 10.31967207100007, 56.99750397300005 ], [ 10.239756707000083, 56.99282461100006 ], [ 10.15601647200009, 57.023830471000053 ], [ 10.094004754000082, 57.060492255000042 ], [ 9.994639519000089, 57.092718817000048 ], [ 9.974457227000073, 57.086493231000077 ], [ 9.946136915000068, 57.06118398600006 ], [ 9.926931186000047, 57.058579820000034 ], [ 9.945485873000052, 57.057318427000041 ], [ 10.001963738000086, 57.083889065000051 ], [ 10.192393425000091, 56.994045315000051 ], [ 10.313731316000087, 56.982855536000045 ], [ 10.279551629000082, 56.955511786000045 ], [ 10.265879754000082, 56.907700914000031 ], [ 10.295420769000089, 56.778876044000071 ], [ 10.31999759200005, 56.736476955000057 ], [ 10.340586785000085, 56.717352606000077 ], [ 10.318695509000065, 56.708238023000035 ], [ 10.237559441000087, 56.715969143000052 ], [ 10.203868035000085, 56.702337958000044 ], [ 10.146494988000086, 56.722357489000046 ], [ 9.945567254000082, 56.658148505000042 ], [ 9.805918816000087, 56.647040106000077 ], [ 9.805918816000087, 56.640204169000071 ], [ 9.85132897200009, 56.635728257000039 ], [ 10.001475457000083, 56.661322333000044 ], [ 10.049571160000085, 56.674994208000044 ], [ 10.062836134000065, 56.688666083000044 ], [ 10.10132897200009, 56.682684637000079 ], [ 10.123789910000085, 56.692328192000048 ], [ 10.134776238000086, 56.712388414000031 ], [ 10.150563998000052, 56.714422919000071 ], [ 10.18336022200009, 56.708563544000071 ], [ 10.175791863000086, 56.695461330000057 ], [ 10.24195397200009, 56.688381252000056 ], [ 10.283539259000065, 56.68976471600007 ], [ 10.334239129000082, 56.703843492000033 ], [ 10.352793816000087, 56.681830145000049 ], [ 10.357676629000082, 56.64874909100007 ], [ 10.340342644000089, 56.620347398000035 ], [ 10.214366082000083, 56.558294989000046 ], [ 10.203868035000085, 56.516669012000079 ], [ 10.211436394000089, 56.50531647300005 ], [ 10.20679772200009, 56.490952867000033 ], [ 10.18336022200009, 56.469549872000073 ], [ 10.225596550000091, 56.475734768000052 ], [ 10.227549675000091, 56.541083075000074 ], [ 10.23764082100007, 56.554388739000046 ], [ 10.330332879000082, 56.603216864000046 ], [ 10.35092207100007, 56.595892645000049 ], [ 10.365244988000086, 56.558417059000078 ], [ 10.469899936000047, 56.520900783000059 ], [ 10.551524285000085, 56.515570380000042 ], [ 10.822276238000086, 56.534247137000079 ], [ 10.869883660000085, 56.514715887000079 ], [ 10.90211022200009, 56.483221747000073 ], [ 10.964121941000087, 56.448431708000044 ], [ 10.964121941000087, 56.442206122000073 ], [ 10.940928582000083, 56.429510809000078 ], [ 10.928477410000085, 56.406480210000041 ], [ 10.922618035000085, 56.356268622000073 ], [ 10.911631707000083, 56.334051825000074 ], [ 10.819590691000087, 56.260931708000044 ], [ 10.755381707000083, 56.229315497000073 ], [ 10.752614780000044, 56.184963283000059 ], [ 10.738617384000065, 56.154527085000041 ], [ 10.707041863000086, 56.150864976000037 ], [ 10.672211134000065, 56.165187893000052 ], [ 10.648936394000089, 56.188381252000056 ], [ 10.68523196700005, 56.196234442000048 ], [ 10.687673373000052, 56.222235419000071 ], [ 10.62859134200005, 56.237534898000035 ], [ 10.549164259000065, 56.178208726000037 ], [ 10.573741082000083, 56.112616278000075 ], [ 10.548024936000047, 56.101263739000046 ], [ 10.518565300000091, 56.102728583000044 ], [ 10.491221550000091, 56.139960028000075 ], [ 10.525401238000086, 56.153631903000075 ], [ 10.50945071700005, 56.170111395000049 ], [ 10.46810957100007, 56.177069403000075 ], [ 10.408702019000089, 56.164862372000073 ], [ 10.354665561000047, 56.202053127000056 ], [ 10.429209832000083, 56.222479559000078 ], [ 10.477793816000087, 56.202337958000044 ], [ 10.491221550000091, 56.216294664000031 ], [ 10.47429446700005, 56.232245184000078 ], [ 10.475433790000068, 56.244696356000077 ], [ 10.504730665000068, 56.277777411000045 ], [ 10.476817254000082, 56.280910549000055 ], [ 10.442637566000087, 56.298651434000078 ], [ 10.416758660000085, 56.291896877000056 ], [ 10.403005405000044, 56.298244533000059 ], [ 10.393809441000087, 56.276516018000052 ], [ 10.363780144000089, 56.265570380000042 ], [ 10.336924675000091, 56.23273346600007 ], [ 10.258474155000044, 56.190252997000073 ], [ 10.234222852000073, 56.17133209800005 ], [ 10.220225457000083, 56.14789459800005 ], [ 10.259043816000087, 56.099025783000059 ], [ 10.265635613000086, 56.073716539000031 ], [ 10.26148522200009, 56.054429429000038 ], [ 10.231130405000044, 56.01703522300005 ], [ 10.272715691000087, 56.02484772300005 ], [ 10.277517123000052, 56.017767645000049 ], [ 10.252452019000089, 55.986232815000051 ], [ 10.245371941000087, 55.914618231000077 ], [ 10.217539910000085, 55.889837958000044 ], [ 10.18336022200009, 55.873724677000041 ], [ 10.199392123000052, 55.850734768000052 ], [ 10.182139519000089, 55.833685614000046 ], [ 10.151052280000044, 55.838120835000041 ], [ 10.123789910000085, 55.873277085000041 ], [ 10.101817254000082, 55.882391669000071 ], [ 10.004649285000085, 55.879868882000039 ], [ 9.97046959700009, 55.859442450000074 ], [ 9.944509311000047, 55.853583075000074 ], [ 9.867442254000082, 55.851996161000045 ], [ 9.892588738000086, 55.83624909100007 ], [ 10.045746290000068, 55.813950914000031 ], [ 10.01734459700009, 55.765570380000042 ], [ 10.019786004000082, 55.757879950000074 ], [ 10.059825066000087, 55.756415106000077 ], [ 10.059825066000087, 55.749497789000031 ], [ 10.018809441000087, 55.736273505000042 ], [ 10.006846550000091, 55.725043036000045 ], [ 10.018239780000044, 55.708563544000071 ], [ 10.00521894600007, 55.701117255000042 ], [ 9.981700066000087, 55.709418036000045 ], [ 9.792246941000087, 55.67446523600006 ], [ 9.730967644000089, 55.68813711100006 ], [ 9.686534050000091, 55.708563544000071 ], [ 9.583018425000091, 55.708889065000051 ], [ 9.559580925000091, 55.715399481000077 ], [ 9.552744988000086, 55.701117255000042 ], [ 9.57357832100007, 55.695461330000057 ], [ 9.658539259000065, 55.690375067000048 ], [ 9.71029707100007, 55.660142320000034 ], [ 9.738291863000086, 55.629706122000073 ], [ 9.853770379000082, 55.626654364000046 ], [ 9.757660352000073, 55.571600653000075 ], [ 9.712412957000083, 55.560288804000038 ], [ 9.706879102000073, 55.537298895000049 ], [ 9.607269727000073, 55.516791083000044 ], [ 9.559580925000091, 55.523627020000049 ], [ 9.566416863000086, 55.516791083000044 ], [ 9.551931186000047, 55.505113023000035 ], [ 9.498057488000086, 55.489447333000044 ], [ 9.534434441000087, 55.48383209800005 ], [ 9.602386915000068, 55.495794989000046 ], [ 9.660166863000086, 55.47797272300005 ], [ 9.664235873000052, 55.466701565000051 ], [ 9.648936394000089, 55.441066799000055 ], [ 9.586761915000068, 55.427435614000046 ], [ 9.607920769000089, 55.393255927000041 ], [ 9.600840691000087, 55.365912177000041 ], [ 9.645274285000085, 55.342718817000048 ], [ 9.648285352000073, 55.332912502000056 ], [ 9.634613477000073, 55.317572333000044 ], [ 9.681895379000082, 55.274644273000035 ], [ 9.706065300000091, 55.26508209800005 ], [ 9.71029707100007, 55.24868398600006 ], [ 9.684418165000068, 55.19757721600007 ], [ 9.642100457000083, 55.188421942000048 ], [ 9.569834832000083, 55.192531643000052 ], [ 9.545909050000091, 55.17413971600007 ], [ 9.486338738000086, 55.156236070000034 ], [ 9.486338738000086, 55.147406317000048 ], [ 9.511892123000052, 55.14008209800005 ], [ 9.511892123000052, 55.133205471000053 ], [ 9.456553582000083, 55.125718492000033 ], [ 9.521332227000073, 55.11587148600006 ], [ 9.559580925000091, 55.08539459800005 ], [ 9.516612175000091, 55.056545315000051 ], [ 9.434336785000085, 55.037543036000045 ], [ 9.442881707000083, 55.023382880000042 ], [ 9.455251498000052, 55.023179429000038 ], [ 9.545909050000091, 55.036363023000035 ], [ 9.579925977000073, 55.050685940000051 ], [ 9.662608269000089, 55.009711005000042 ], [ 9.717539910000085, 55.001166083000044 ], [ 9.730967644000089, 54.995428778000075 ], [ 9.738617384000065, 54.980861721000053 ], [ 9.763194207000083, 54.900458075000074 ], [ 9.751963738000086, 54.893011786000045 ], [ 9.711436394000089, 54.898586330000057 ], [ 9.703461134000065, 54.88617584800005 ], [ 9.744476759000065, 54.866278387000079 ], [ 9.750254754000082, 54.846258856000077 ], [ 9.745941602000073, 54.836004950000074 ], [ 9.731211785000085, 54.831529039000031 ], [ 9.69662519600007, 54.858872789000031 ], [ 9.655039910000085, 54.857082424000055 ], [ 9.623301629000082, 54.865301825000074 ], [ 9.634613477000073, 54.879339911000045 ], [ 9.610362175000091, 54.903225002000056 ], [ 9.64421634200005, 54.913275458000044 ], [ 9.638845248000052, 54.924750067000048 ], [ 9.61500084700009, 54.932684637000079 ], [ 9.586761915000068, 54.927720445000034 ], [ 9.545909050000091, 54.879339911000045 ], [ 9.522146030000044, 54.879299221000053 ], [ 9.45639082100007, 54.843817450000074 ], [ 9.442881707000083, 54.831529039000031 ], [ 9.436289910000085, 54.810451565000051 ], [ 9.510996941000087, 54.827826239000046 ], [ 9.579925977000073, 54.866278387000079 ], [ 9.583181186000047, 54.830267645000049 ], [ 9.734629754000082, 54.807318427000041 ], [ 9.801768425000091, 54.783392645000049 ], [ 9.823741082000083, 54.756740627000056 ], [ 9.895355665000068, 54.769476630000042 ], [ 9.891449415000068, 54.790269273000035 ], [ 9.915049675000091, 54.791205145000049 ], [ 9.947520379000082, 54.779527085000041 ], [ 9.97046959700009, 54.762640692000048 ], [ 9.990489129000082, 54.720526434000078 ], [ 10.018239780000044, 54.701239325000074 ], [ 10.005381707000083, 54.695502020000049 ], [ 9.97046959700009, 54.701239325000074 ], [ 9.932383660000085, 54.685248114000046 ], [ 9.92945397200009, 54.673895575000074 ], [ 9.996348504000082, 54.678778387000079 ], [ 10.01140384200005, 54.667059637000079 ], [ 10.033539259000065, 54.672919012000079 ], [ 10.039073113000086, 54.666815497000073 ], [ 10.031911655000044, 54.652777411000045 ], [ 10.037608269000089, 54.619086005000042 ], [ 10.026866082000083, 54.559963283000059 ], [ 10.010427280000044, 54.534328518000052 ], [ 9.965586785000085, 54.50617096600007 ], [ 9.925303582000083, 54.493109442000048 ], [ 9.840098504000082, 54.482123114000046 ], [ 9.840098504000082, 54.475287177000041 ], [ 9.883311394000089, 54.462103583000044 ], [ 10.12468509200005, 54.495754299000055 ], [ 10.143402540000068, 54.491848049000055 ], [ 10.203868035000085, 54.461004950000074 ], [ 10.183929884000065, 54.449367580000057 ], [ 10.19703209700009, 54.410101630000042 ], [ 10.191254102000073, 54.396714585000041 ], [ 10.141774936000047, 54.372259833000044 ], [ 10.148285352000073, 54.365179755000042 ], [ 10.141774936000047, 54.358587958000044 ], [ 10.155528191000087, 54.343410549000055 ], [ 10.141774936000047, 54.324408270000049 ], [ 10.180349155000044, 54.341131903000075 ], [ 10.22437584700009, 54.413804429000038 ], [ 10.272146030000044, 54.420070705000057 ], [ 10.318369988000086, 54.443304755000042 ], [ 10.360850457000083, 54.441107489000046 ], [ 10.443369988000086, 54.406398830000057 ], [ 10.601084832000083, 54.365423895000049 ], [ 10.690196160000085, 54.316229559000078 ], [ 10.731293165000068, 54.310207424000055 ], [ 10.77711022200009, 54.315130927000041 ], [ 10.867930535000085, 54.358587958000044 ], [ 10.93531334700009, 54.37954336100006 ], [ 11.018809441000087, 54.385891018000052 ], [ 11.018809441000087, 54.379095770000049 ], [ 10.975840691000087, 54.378404039000031 ], [ 11.010508660000085, 54.377183335000041 ], [ 11.033946160000085, 54.367621161000045 ], [ 11.104177280000044, 54.39288971600007 ], [ 11.135508660000085, 54.385891018000052 ], [ 11.087738477000073, 54.351752020000049 ], [ 11.066579623000052, 54.358587958000044 ], [ 11.094493035000085, 54.28351471600007 ], [ 11.087087436000047, 54.270900783000059 ], [ 11.094493035000085, 54.225083726000037 ], [ 11.090179884000065, 54.207993882000039 ], [ 11.066579623000052, 54.18390534100007 ], [ 10.950450066000087, 54.139471747000073 ], [ 10.892832879000082, 54.102525132000039 ], [ 10.836110873000052, 54.089992580000057 ], [ 10.822276238000086, 54.097357489000046 ], [ 10.805430535000085, 54.094875393000052 ], [ 10.752614780000044, 54.050116278000075 ], [ 10.765879754000082, 54.024359442000048 ], [ 10.799652540000068, 54.000555731000077 ], [ 10.875498894000089, 53.995428778000075 ], [ 10.887380405000044, 53.963934637000079 ], [ 10.922618035000085, 53.961371161000045 ], [ 10.964691602000073, 53.985419012000079 ], [ 11.053477410000085, 54.008490302000041 ], [ 11.175059441000087, 54.018011786000045 ], [ 11.19076582100007, 54.010321356000077 ], [ 11.204356316000087, 53.989243882000039 ], [ 11.245371941000087, 53.978420315000051 ], [ 11.242930535000085, 53.945217190000051 ], [ 11.293711785000085, 53.94086334800005 ], [ 11.334157748000052, 53.961371161000045 ], [ 11.358246290000068, 53.94086334800005 ], [ 11.399912957000083, 53.94086334800005 ], [ 11.438731316000087, 53.909125067000048 ], [ 11.457692905000044, 53.906154690000051 ], [ 11.476817254000082, 53.952704169000071 ], [ 11.47242272200009, 53.968817450000074 ], [ 11.497894727000073, 53.981838283000059 ], [ 11.491709832000083, 54.002346096000053 ], [ 11.525889519000089, 54.022772528000075 ], [ 11.519053582000083, 54.036444403000075 ], [ 11.553233269000089, 54.030218817000048 ], [ 11.573496941000087, 54.039048570000034 ], [ 11.591319207000083, 54.065619208000044 ], [ 11.624522332000083, 54.083644924000055 ], [ 11.625254754000082, 54.109808661000045 ], [ 11.65788821700005, 54.142238674000055 ], [ 11.689707879000082, 54.155218817000048 ], [ 11.728770379000082, 54.15851471600007 ], [ 11.81226647200009, 54.149807033000059 ], [ 12.050629102000073, 54.179917710000041 ], [ 12.088145379000082, 54.194077867000033 ], [ 12.091644727000073, 54.113999742000033 ], [ 12.11500084700009, 54.097886460000041 ], [ 12.09506269600007, 54.145697333000044 ], [ 12.105479363000086, 54.157375393000052 ], [ 12.134287957000083, 54.166978257000039 ], [ 12.142832879000082, 54.180487372000073 ], [ 12.10132897200009, 54.173651434000078 ], [ 12.108897332000083, 54.183010158000059 ], [ 12.18685957100007, 54.243353583000044 ], [ 12.289398634000065, 54.275091864000046 ], [ 12.342133009000065, 54.303941148000035 ], [ 12.438324415000068, 54.395819403000075 ], [ 12.501963738000086, 54.473578192000048 ], [ 12.533864780000044, 54.488267320000034 ], [ 12.52702884200005, 54.482123114000046 ], [ 12.548350457000083, 54.462062893000052 ], [ 12.59148196700005, 54.451727606000077 ], [ 12.819102410000085, 54.451727606000077 ], [ 12.856618686000047, 54.441107489000046 ], [ 12.879649285000085, 54.448797919000071 ], [ 12.908376498000052, 54.444647528000075 ], [ 12.921153191000087, 54.433498440000051 ], [ 12.87077884200005, 54.416815497000073 ], [ 12.694590691000087, 54.433661200000074 ], [ 12.670420769000089, 54.420070705000057 ], [ 12.624196811000047, 54.422919012000079 ], [ 12.608409050000091, 54.406398830000057 ], [ 12.602224155000044, 54.413804429000038 ], [ 12.58171634200005, 54.406398830000057 ], [ 12.58765709700009, 54.394029039000031 ], [ 12.602224155000044, 54.392075914000031 ], [ 12.594737175000091, 54.385891018000052 ], [ 12.55404707100007, 54.390814520000049 ], [ 12.52702884200005, 54.372259833000044 ], [ 12.490977410000085, 54.39008209800005 ], [ 12.438487175000091, 54.387518622000073 ], [ 12.418467644000089, 54.360663153000075 ], [ 12.424001498000052, 54.344916083000044 ], [ 12.396739129000082, 54.351752020000049 ], [ 12.389903191000087, 54.344916083000044 ], [ 12.396494988000086, 54.332953192000048 ], [ 12.391612175000091, 54.321112372000073 ], [ 12.362559441000087, 54.310207424000055 ], [ 12.380137566000087, 54.277085679000038 ], [ 12.36882571700005, 54.269191799000055 ], [ 12.412445509000065, 54.25141022300005 ], [ 12.436778191000087, 54.247707424000055 ], [ 12.458181186000047, 54.255560614000046 ], [ 12.410329623000052, 54.269191799000055 ], [ 12.426280144000089, 54.289618231000077 ], [ 12.47242272200009, 54.310207424000055 ], [ 12.478688998000052, 54.331854559000078 ], [ 12.560557488000086, 54.358587958000044 ], [ 12.54078209700009, 54.365423895000049 ], [ 12.54078209700009, 54.372259833000044 ], [ 12.574229363000086, 54.372259833000044 ], [ 12.574229363000086, 54.379095770000049 ], [ 12.592946811000047, 54.369330145000049 ], [ 12.677256707000083, 54.392075914000031 ], [ 12.670420769000089, 54.406398830000057 ], [ 12.680837436000047, 54.410874742000033 ], [ 12.717539910000085, 54.413804429000038 ], [ 12.717539910000085, 54.406398830000057 ], [ 12.692393425000091, 54.396185614000046 ], [ 12.684092644000089, 54.372259833000044 ], [ 12.704600457000083, 54.399603583000044 ], [ 12.735036655000044, 54.378159898000035 ], [ 12.746104363000086, 54.385891018000052 ], [ 12.768565300000091, 54.380072333000044 ], [ 12.787119988000086, 54.392075914000031 ], [ 12.81804446700005, 54.357977606000077 ], [ 12.854665561000047, 54.357855536000045 ], [ 12.875987175000091, 54.365423895000049 ], [ 12.903819207000083, 54.399603583000044 ], [ 12.92937259200005, 54.41437409100007 ], [ 13.008799675000091, 54.438055731000077 ], [ 13.034190300000091, 54.433661200000074 ], [ 13.021494988000086, 54.426459052000041 ], [ 13.028575066000087, 54.401841539000031 ], [ 13.095550977000073, 54.372259833000044 ], [ 13.076670769000089, 54.352525132000039 ], [ 13.080739780000044, 54.337144273000035 ], [ 13.109222852000073, 54.310207424000055 ], [ 13.11491946700005, 54.280015367000033 ], [ 13.170664910000085, 54.276597398000035 ], [ 13.170664910000085, 54.269191799000055 ], [ 13.143402540000068, 54.263006903000075 ], [ 13.176117384000065, 54.264837958000044 ], [ 13.28882897200009, 54.234279690000051 ], [ 13.321787957000083, 54.194525458000044 ], [ 13.348887566000087, 54.180487372000073 ], [ 13.321543816000087, 54.166815497000073 ], [ 13.383799675000091, 54.178127346000053 ], [ 13.403493686000047, 54.173651434000078 ], [ 13.382985873000052, 54.153143622000073 ], [ 13.41773522200009, 54.153143622000073 ], [ 13.465098504000082, 54.098456122000073 ], [ 13.507090691000087, 54.091050523000035 ], [ 13.479258660000085, 54.125189520000049 ], [ 13.602712436000047, 54.139471747000073 ], [ 13.711924675000091, 54.173651434000078 ], [ 13.714691602000073, 54.164048570000034 ], [ 13.698252800000091, 54.159328518000052 ], [ 13.698252800000091, 54.153143622000073 ], [ 13.808116082000083, 54.104681708000044 ], [ 13.77320397200009, 54.04633209800005 ], [ 13.746104363000086, 54.036444403000075 ], [ 13.797618035000085, 53.998928127000056 ], [ 13.838633660000085, 53.986314195000034 ], [ 13.848643425000091, 53.955552476000037 ], [ 13.90601647200009, 53.943060614000046 ], [ 13.90756269600007, 53.933539130000042 ], [ 13.890147332000083, 53.912909247000073 ], [ 13.818532748000052, 53.877997137000079 ], [ 13.808116082000083, 53.865139065000051 ], [ 13.817067905000044, 53.852932033000059 ], [ 13.862803582000083, 53.84125397300005 ], [ 13.899912957000083, 53.809149481000077 ], [ 13.910655144000089, 53.810492255000042 ], [ 13.984222852000073, 53.773993231000077 ], [ 14.01734459700009, 53.769517320000034 ], [ 14.037445509000065, 53.755275783000059 ], [ 14.186534050000091, 53.739813544000071 ], [ 14.214691602000073, 53.744859117000033 ], [ 14.23414147200009, 53.761786200000074 ], [ 14.264496290000068, 53.751613674000055 ], [ 14.267425977000073, 53.735419012000079 ], [ 14.25953209700009, 53.72797272300005 ], [ 14.212738477000073, 53.708075262000079 ], [ 14.225352410000085, 53.70376211100006 ], [ 14.273692254000082, 53.70062897300005 ], [ 14.304860873000052, 53.712551174000055 ], [ 14.306162957000083, 53.720689195000034 ], [ 14.288584832000083, 53.72797272300005 ], [ 14.301605665000068, 53.734849351000037 ], [ 14.288584832000083, 53.74164459800005 ], [ 14.294200066000087, 53.749090887000079 ], [ 14.330414259000065, 53.734198309000078 ], [ 14.342051629000082, 53.714911200000074 ], [ 14.414561394000089, 53.682359117000033 ], [ 14.53101647200009, 53.657782294000071 ], [ 14.590586785000085, 53.598374742000033 ], [ 14.601573113000086, 53.626654364000046 ], [ 14.623789910000085, 53.639227606000077 ], [ 14.623789910000085, 53.652818101000037 ], [ 14.57593834700009, 53.659654039000031 ], [ 14.544932488000086, 53.704046942000048 ], [ 14.57593834700009, 53.769517320000034 ], [ 14.587412957000083, 53.763495184000078 ], [ 14.623789910000085, 53.769517320000034 ], [ 14.616709832000083, 53.794745184000078 ], [ 14.63062584700009, 53.851507880000042 ], [ 14.58961022200009, 53.817328192000048 ], [ 14.595876498000052, 53.810492255000042 ], [ 14.587087436000047, 53.812648830000057 ], [ 14.569102410000085, 53.824164130000042 ], [ 14.58961022200009, 53.837836005000042 ], [ 14.57585696700005, 53.854803778000075 ], [ 14.55209394600007, 53.862779039000031 ], [ 14.44117272200009, 53.869614976000037 ], [ 14.42554772200009, 53.879828192000048 ], [ 14.438161655000044, 53.899318752000056 ], [ 14.431895379000082, 53.906154690000051 ], [ 14.422048373000052, 53.896144924000055 ], [ 14.385101759000065, 53.897284247000073 ], [ 14.36304772200009, 53.879380601000037 ], [ 14.409190300000091, 53.871568101000037 ], [ 14.41765384200005, 53.865139065000051 ], [ 14.41570071700005, 53.853013414000031 ], [ 14.392588738000086, 53.840725002000056 ], [ 14.383555535000085, 53.844671942000048 ], [ 14.328298373000052, 53.831000067000048 ], [ 14.328298373000052, 53.824164130000042 ], [ 14.342051629000082, 53.820990302000041 ], [ 14.328298373000052, 53.817328192000048 ], [ 14.274668816000087, 53.830796617000033 ], [ 14.226573113000086, 53.871975002000056 ], [ 14.203135613000086, 53.878322658000059 ], [ 14.087412957000083, 53.870428778000075 ], [ 14.048350457000083, 53.879380601000037 ], [ 13.99586022200009, 53.853745835000041 ], [ 13.938487175000091, 53.844671942000048 ], [ 13.840098504000082, 53.850287177000041 ], [ 13.821787957000083, 53.865139065000051 ], [ 13.931651238000086, 53.899318752000056 ], [ 13.938975457000083, 53.928208726000037 ], [ 13.901866082000083, 53.969794012000079 ], [ 13.904470248000052, 53.995428778000075 ], [ 13.972666863000086, 53.989243882000039 ], [ 13.958994988000086, 53.94086334800005 ], [ 13.987478061000047, 53.961411851000037 ], [ 14.027842644000089, 53.961371161000045 ], [ 14.014333530000044, 53.947088934000078 ], [ 14.048350457000083, 53.94086334800005 ], [ 14.040293816000087, 53.953843492000033 ], [ 14.053070509000065, 53.978420315000051 ], [ 14.051280144000089, 54.005072333000044 ], [ 14.037445509000065, 54.021714585000041 ], [ 14.014333530000044, 54.016017971000053 ], [ 13.981700066000087, 54.056341864000046 ], [ 13.946055535000085, 54.066595770000049 ], [ 13.915863477000073, 54.056382554000038 ], [ 13.924815300000091, 54.036444403000075 ], [ 13.890879754000082, 54.010158596000053 ], [ 13.855967644000089, 54.002346096000053 ], [ 13.858083530000044, 54.015773830000057 ], [ 13.87631269600007, 54.036444403000075 ], [ 13.863617384000065, 54.049994208000044 ], [ 13.823008660000085, 54.037909247000073 ], [ 13.794200066000087, 54.018133856000077 ], [ 13.774099155000044, 54.022772528000075 ], [ 13.809255405000044, 54.075100002000056 ], [ 13.814952019000089, 54.101263739000046 ], [ 13.806162957000083, 54.11664459800005 ], [ 13.752940300000091, 54.153143622000073 ], [ 13.777598504000082, 54.174017645000049 ], [ 13.814952019000089, 54.173651434000078 ], [ 13.855967644000089, 54.118353583000044 ], [ 13.88249759200005, 54.102443752000056 ], [ 14.016612175000091, 54.06000397300005 ], [ 14.192393425000091, 53.946112372000073 ], [ 14.237478061000047, 53.928656317000048 ], [ 14.367035352000073, 53.916978257000039 ], [ 14.406748894000089, 53.921820380000042 ], [ 14.51734459700009, 53.965236721000053 ], [ 14.781911655000044, 54.03461334800005 ], [ 15.010101759000065, 54.069810289000031 ], [ 15.288340691000087, 54.138861395000049 ], [ 15.66578209700009, 54.198431708000044 ], [ 15.859711134000065, 54.249986070000034 ], [ 16.02084394600007, 54.261786200000074 ], [ 16.131521030000044, 54.28351471600007 ], [ 16.069346550000091, 54.263006903000075 ], [ 16.091075066000087, 54.253973700000074 ], [ 16.179209832000083, 54.263006903000075 ], [ 16.172373894000089, 54.276597398000035 ], [ 16.22006269600007, 54.276597398000035 ], [ 16.213226759000065, 54.28351471600007 ], [ 16.215179884000065, 54.299627997000073 ], [ 16.137705925000091, 54.290269273000035 ], [ 16.213552280000044, 54.316107489000046 ], [ 16.275401238000086, 54.358587958000044 ], [ 16.23178144600007, 54.32257721600007 ], [ 16.32390384200005, 54.34992096600007 ], [ 16.336761915000068, 54.358587958000044 ], [ 16.324880405000044, 54.373114325000074 ], [ 16.305023634000065, 54.373480536000045 ], [ 16.281586134000065, 54.358587958000044 ], [ 16.32398522200009, 54.401312567000048 ], [ 16.439789259000065, 54.488267320000034 ], [ 16.434418165000068, 54.472357489000046 ], [ 16.444509311000047, 54.469875393000052 ], [ 16.473399285000085, 54.482123114000046 ], [ 16.479746941000087, 54.49555084800005 ], [ 16.473887566000087, 54.499660549000055 ], [ 16.446055535000085, 54.488267320000034 ], [ 16.46656334700009, 54.512152411000045 ], [ 16.50131269600007, 54.532416083000044 ], [ 16.569590691000087, 54.557196356000077 ], [ 16.778493686000047, 54.575140692000048 ], [ 16.939952019000089, 54.606024481000077 ], [ 17.035817905000044, 54.667059637000079 ], [ 17.337412957000083, 54.749009507000039 ], [ 17.715668165000068, 54.790432033000059 ], [ 17.885427280000044, 54.824123440000051 ], [ 18.152354363000086, 54.838324286000045 ], [ 18.33952884200005, 54.833482164000031 ], [ 18.375824415000068, 54.815130927000041 ], [ 18.75171959700009, 54.69009023600006 ], [ 18.813975457000083, 54.64321523600006 ], [ 18.834320509000065, 54.616685289000031 ], [ 18.83529707100007, 54.603094794000071 ], [ 18.817637566000087, 54.598130601000037 ], [ 18.802256707000083, 54.616034247000073 ], [ 18.784027540000068, 54.623521226000037 ], [ 18.707774285000085, 54.701239325000074 ], [ 18.654551629000082, 54.710150458000044 ], [ 18.645030144000089, 54.719549872000073 ], [ 18.498220248000052, 54.765366929000038 ], [ 18.447764519000089, 54.789984442000048 ], [ 18.429209832000083, 54.781683661000045 ], [ 18.415049675000091, 54.753119208000044 ], [ 18.413096550000091, 54.731919664000031 ], [ 18.447764519000089, 54.718247789000031 ], [ 18.474457227000073, 54.687567450000074 ], [ 18.47038821700005, 54.666734117000033 ], [ 18.481944207000083, 54.65961334800005 ], [ 18.47592207100007, 54.64008209800005 ], [ 18.487315300000091, 54.631781317000048 ], [ 18.506358269000089, 54.634100653000075 ], [ 18.522959832000083, 54.646551825000074 ], [ 18.517100457000083, 54.629950262000079 ], [ 18.570648634000065, 54.550360419000071 ], [ 18.567556186000047, 54.487860419000071 ], [ 18.574066602000073, 54.450384833000044 ], [ 18.588063998000052, 54.433661200000074 ], [ 18.694346550000091, 54.404527085000041 ], [ 18.717295769000089, 54.382025458000044 ], [ 18.885915561000047, 54.350165106000077 ], [ 18.92318769600007, 54.348537502000056 ], [ 18.954356316000087, 54.358587958000044 ], [ 19.002080197000055, 54.344924234000075 ], [ 19.377207879000082, 54.377630927000041 ], [ 19.53101647200009, 54.414943752000056 ], [ 19.592539910000085, 54.452378648000035 ], [ 19.626475457000083, 54.461004950000074 ], [ 19.626475457000083, 54.468451239000046 ], [ 19.73406009200005, 54.52570221600007 ], [ 19.831879102000073, 54.598130601000037 ], [ 19.883148634000065, 54.656195380000042 ], [ 19.896332227000073, 54.662176825000074 ], [ 19.90015709700009, 54.687567450000074 ], [ 19.956309441000087, 54.756903387000079 ], [ 19.958832227000073, 54.796820380000042 ], [ 19.920664910000085, 54.889593817000048 ], [ 19.94076582100007, 54.934393622000073 ], [ 19.976735873000052, 54.964585679000038 ], [ 19.99586022200009, 54.968085028000075 ], [ 20.033702019000089, 54.948187567000048 ], [ 20.205821160000085, 54.95844147300005 ], [ 20.365570509000065, 54.946193752000056 ], [ 20.406993035000085, 54.951605536000045 ], [ 20.482432488000086, 54.975531317000048 ], [ 20.634043816000087, 55.048773505000042 ], [ 20.822276238000086, 55.180975653000075 ], [ 20.999522332000083, 55.357001044000071 ], [ 21.041514519000089, 55.416083075000074 ], [ 21.082367384000065, 55.497626044000071 ], [ 21.09937584700009, 55.598700262000079 ], [ 21.090668165000068, 55.63312409100007 ], [ 21.09351647200009, 55.695542710000041 ], [ 21.085215691000087, 55.722845770000049 ], [ 21.117442254000082, 55.699774481000077 ], [ 21.131521030000044, 55.655585028000075 ], [ 21.133555535000085, 55.568304755000042 ], [ 21.119883660000085, 55.527044989000046 ], [ 21.119883660000085, 55.489447333000044 ], [ 21.087168816000087, 55.441066799000055 ], [ 21.106211785000085, 55.421210028000075 ], [ 21.073496941000087, 55.391791083000044 ], [ 21.037852410000085, 55.328599351000037 ], [ 20.988942905000044, 55.29132721600007 ], [ 20.989512566000087, 55.270412502000056 ], [ 20.94109134200005, 55.24868398600006 ], [ 20.937022332000083, 55.23773834800005 ], [ 20.913096550000091, 55.233221747000073 ], [ 20.834808790000068, 55.152044989000046 ], [ 20.687836134000065, 55.050685940000051 ], [ 20.533376498000052, 54.973578192000048 ], [ 20.53093509200005, 54.964667059000078 ], [ 20.558116082000083, 54.940822658000059 ], [ 20.763682488000086, 54.947699286000045 ], [ 20.805186394000089, 54.940822658000059 ], [ 20.860362175000091, 54.911322333000044 ], [ 20.969086134000065, 54.899807033000059 ], [ 21.039317254000082, 54.903998114000046 ], [ 21.055918816000087, 54.914455471000053 ], [ 21.078949415000068, 54.899807033000059 ], [ 21.090668165000068, 54.901556708000044 ], [ 21.106211785000085, 54.91351959800005 ], [ 21.23015384200005, 54.93891022300005 ], [ 21.243418816000087, 54.96124909100007 ], [ 21.219411655000044, 55.013251044000071 ], [ 21.18132571700005, 55.193345445000034 ], [ 21.18881269600007, 55.208319403000075 ], [ 21.201670769000089, 55.214422919000071 ], [ 21.236827019000089, 55.20062897300005 ], [ 21.267588738000086, 55.211737372000073 ], [ 21.273285352000073, 55.232652085000041 ], [ 21.264414910000085, 55.284002997000073 ], [ 21.285329623000052, 55.287054755000042 ], [ 21.291188998000052, 55.297064520000049 ], [ 21.274180535000085, 55.327337958000044 ], [ 21.25945071700005, 55.33624909100007 ], [ 21.257090691000087, 55.369370835000041 ], [ 21.246592644000089, 55.370184637000079 ], [ 21.18881269600007, 55.338609117000033 ], [ 21.18336022200009, 55.346177476000037 ], [ 21.22429446700005, 55.399318752000056 ], [ 21.248301629000082, 55.417873440000051 ], [ 21.248383009000065, 55.442328192000048 ], [ 21.222911004000082, 55.520209052000041 ], [ 21.19507897200009, 55.54718659100007 ], [ 21.19507897200009, 55.585109768000052 ], [ 21.15756269600007, 55.641750393000052 ], [ 21.147227410000085, 55.678168036000045 ], [ 21.09937584700009, 55.729071356000077 ], [ 21.074392123000052, 55.744940497000073 ], [ 21.060557488000086, 55.789252020000049 ], [ 21.04468834700009, 55.873724677000041 ], [ 21.04468834700009, 55.917710679000038 ], [ 21.05836022200009, 55.951849677000041 ], [ 21.052582227000073, 56.077541408000059 ], [ 21.028819207000083, 56.147406317000048 ], [ 20.98406009200005, 56.210435289000031 ], [ 20.969086134000065, 56.253485419000071 ], [ 20.982676629000082, 56.290757554000038 ], [ 20.970550977000073, 56.38898346600007 ], [ 21.003184441000087, 56.434800523000035 ], [ 21.010590040000068, 56.475734768000052 ], [ 21.000498894000089, 56.510646877000056 ], [ 21.006358269000089, 56.519964911000045 ], [ 21.024261915000068, 56.510484117000033 ], [ 21.04468834700009, 56.462103583000044 ], [ 21.030528191000087, 56.448431708000044 ], [ 21.04468834700009, 56.442206122000073 ], [ 21.04468834700009, 56.421128648000035 ], [ 21.030528191000087, 56.408107815000051 ], [ 21.061778191000087, 56.38703034100007 ], [ 21.07976321700005, 56.403062242000033 ], [ 21.068614129000082, 56.424058335000041 ], [ 21.072113477000073, 56.469549872000073 ], [ 21.05836022200009, 56.503648179000038 ], [ 21.030528191000087, 56.524155992000033 ], [ 21.003103061000047, 56.530015367000033 ], [ 20.992198113000086, 56.548895575000074 ], [ 21.05836022200009, 56.688666083000044 ], [ 21.065196160000085, 56.774318752000056 ], [ 21.052744988000086, 56.828924872000073 ], [ 21.065196160000085, 56.84634023600006 ], [ 21.222911004000082, 56.907700914000031 ], [ 21.277598504000082, 56.949123440000051 ], [ 21.360118035000085, 56.98969147300005 ], [ 21.38249759200005, 57.008937893000052 ], [ 21.413584832000083, 57.073187567000048 ], [ 21.414805535000085, 57.113836981000077 ], [ 21.401052280000044, 57.151312567000048 ], [ 21.414805535000085, 57.184881903000075 ], [ 21.412608269000089, 57.250067450000074 ], [ 21.421397332000083, 57.288723049000055 ], [ 21.449473504000082, 57.320013739000046 ], [ 21.48023522200009, 57.333644924000055 ], [ 21.517751498000052, 57.387600002000056 ], [ 21.589121941000087, 57.438788153000075 ], [ 21.699229363000086, 57.55532461100006 ], [ 21.729665561000047, 57.573797919000071 ], [ 21.771657748000052, 57.586127020000049 ], [ 21.999278191000087, 57.600327867000033 ], [ 22.48373457100007, 57.74249909100007 ], [ 22.600271030000044, 57.758042710000041 ], [ 22.610362175000091, 57.754624742000033 ], [ 22.600271030000044, 57.743841864000046 ], [ 22.590830925000091, 57.706122137000079 ], [ 22.590993686000047, 57.644761460000041 ], [ 22.656097852000073, 57.585760809000078 ], [ 22.878916863000086, 57.481268622000073 ], [ 22.950368686000047, 57.432806708000044 ], [ 23.031423373000052, 57.394476630000042 ], [ 23.13021894600007, 57.370794989000046 ], [ 23.13803144600007, 57.343166408000059 ], [ 23.174571160000085, 57.297349351000037 ], [ 23.198741082000083, 57.224188544000071 ], [ 23.22242272200009, 57.207017320000034 ], [ 23.260915561000047, 57.098944403000075 ], [ 23.29265384200005, 57.088934637000079 ], [ 23.340098504000082, 57.058579820000034 ], [ 23.508555535000085, 57.031236070000034 ], [ 23.56967207100007, 56.986273505000042 ], [ 23.632009311000047, 56.970933335000041 ], [ 23.695160352000073, 56.967271226000037 ], [ 23.866058790000068, 56.990179755000042 ], [ 23.95289147200009, 57.013251044000071 ], [ 23.991221550000091, 57.031236070000034 ], [ 24.035655144000089, 57.06899648600006 ], [ 24.074554884000065, 57.074937242000033 ], [ 24.210785352000073, 57.123724677000041 ], [ 24.219248894000089, 57.138006903000075 ], [ 24.278575066000087, 57.161037502000056 ], [ 24.278819207000083, 57.171779690000051 ], [ 24.28874759200005, 57.178900458000044 ], [ 24.379161004000082, 57.230210679000038 ], [ 24.400645379000082, 57.25812409100007 ], [ 24.408864780000044, 57.298163153000075 ], [ 24.405528191000087, 57.344468492000033 ], [ 24.375173373000052, 57.528550523000035 ], [ 24.358571811000047, 57.550360419000071 ], [ 24.37476647200009, 57.613470770000049 ], [ 24.36304772200009, 57.672267971000053 ], [ 24.299571160000085, 57.743841864000046 ], [ 24.285980665000068, 57.832586981000077 ], [ 24.296153191000087, 57.857367255000042 ], [ 24.324392123000052, 57.886786200000074 ], [ 24.333832227000073, 57.92133209800005 ], [ 24.381114129000082, 57.98383209800005 ], [ 24.398285352000073, 58.023260809000078 ], [ 24.464121941000087, 58.072170315000051 ], [ 24.464121941000087, 58.12055084800005 ], [ 24.472911004000082, 58.154730536000045 ], [ 24.45484459700009, 58.196437893000052 ], [ 24.467539910000085, 58.217840887000079 ], [ 24.470957879000082, 58.250921942000048 ], [ 24.54851321700005, 58.289292710000041 ], [ 24.560394727000073, 58.312323309000078 ], [ 24.551036004000082, 58.333726304000038 ], [ 24.528819207000083, 58.350653387000079 ], [ 24.444183790000068, 58.386135158000059 ], [ 24.361827019000089, 58.397284247000073 ], [ 24.315928582000083, 58.379950262000079 ], [ 24.295746290000068, 58.354966539000031 ], [ 24.28687584700009, 58.318548895000049 ], [ 24.243337436000047, 58.280218817000048 ], [ 24.210785352000073, 58.271389065000051 ], [ 24.15601647200009, 58.276841539000031 ], [ 24.111664259000065, 58.241034247000073 ], [ 24.083506707000083, 58.250881252000056 ], [ 24.053233269000089, 58.278265692000048 ], [ 23.98023522200009, 58.318426825000074 ], [ 23.854665561000047, 58.339667059000078 ], [ 23.833506707000083, 58.353949286000045 ], [ 23.805674675000091, 58.346502997000073 ], [ 23.77711022200009, 58.354966539000031 ], [ 23.75562584700009, 58.340033270000049 ], [ 23.740977410000085, 58.343085028000075 ], [ 23.718923373000052, 58.399562893000052 ], [ 23.68336022200009, 58.42218659100007 ], [ 23.67741946700005, 58.435248114000046 ], [ 23.684336785000085, 58.499660549000055 ], [ 23.678965691000087, 58.524155992000033 ], [ 23.66382897200009, 58.536200262000079 ], [ 23.62240644600007, 58.529120184000078 ], [ 23.584320509000065, 58.544867255000042 ], [ 23.573496941000087, 58.551947333000044 ], [ 23.561208530000044, 58.583156643000052 ], [ 23.546153191000087, 58.579901434000078 ], [ 23.516368035000085, 58.554632880000042 ], [ 23.501475457000083, 58.562486070000034 ], [ 23.498057488000086, 58.572211005000042 ], [ 23.518239780000044, 58.603745835000041 ], [ 23.493174675000091, 58.673407294000071 ], [ 23.49773196700005, 58.696600653000075 ], [ 23.506521030000044, 58.70538971600007 ], [ 23.535899285000085, 58.702785549000055 ], [ 23.54664147200009, 58.70962148600006 ], [ 23.530039910000085, 58.722845770000049 ], [ 23.533050977000073, 58.747463283000059 ], [ 23.584483269000089, 58.737941799000055 ], [ 23.69703209700009, 58.751166083000044 ], [ 23.75521894600007, 58.733587958000044 ], [ 23.80250084700009, 58.730698960000041 ], [ 23.804860873000052, 58.747992255000042 ], [ 23.783376498000052, 58.755845445000034 ], [ 23.779551629000082, 58.766424872000073 ], [ 23.785492384000065, 58.77798086100006 ], [ 23.81617272200009, 58.78461334800005 ], [ 23.87435957100007, 58.771673895000049 ], [ 23.815684441000087, 58.799953518000052 ], [ 23.784190300000091, 58.800970770000049 ], [ 23.757660352000073, 58.785345770000049 ], [ 23.739512566000087, 58.798000393000052 ], [ 23.603363477000073, 58.794826565000051 ], [ 23.54273522200009, 58.775376695000034 ], [ 23.485524936000047, 58.777329820000034 ], [ 23.42945397200009, 58.764837958000044 ], [ 23.46656334700009, 58.800726630000042 ], [ 23.526133660000085, 58.81976959800005 ], [ 23.463633660000085, 58.864162502000056 ], [ 23.455088738000086, 58.883002020000049 ], [ 23.422373894000089, 58.908677476000037 ], [ 23.422048373000052, 58.928697007000039 ], [ 23.443695509000065, 58.944037177000041 ], [ 23.510101759000065, 58.941595770000049 ], [ 23.531911655000044, 58.956691799000055 ], [ 23.584483269000089, 58.953558661000045 ], [ 23.627696160000085, 58.97915273600006 ], [ 23.621592644000089, 59.015326239000046 ], [ 23.605479363000086, 59.03266022300005 ], [ 23.559825066000087, 59.052801825000074 ], [ 23.614431186000047, 59.011297919000071 ], [ 23.580332879000082, 59.005072333000044 ], [ 23.559825066000087, 58.991400458000044 ], [ 23.552989129000082, 58.970892645000049 ], [ 23.543304884000065, 58.969875393000052 ], [ 23.525645379000082, 58.983954169000071 ], [ 23.461273634000065, 58.992377020000049 ], [ 23.408376498000052, 59.025580145000049 ], [ 23.436289910000085, 59.025580145000049 ], [ 23.429209832000083, 59.04360586100006 ], [ 23.43490644600007, 59.05609772300005 ], [ 23.490733269000089, 59.088283596000053 ], [ 23.518239780000044, 59.073309637000079 ], [ 23.519379102000073, 59.124986070000034 ], [ 23.486175977000073, 59.17413971600007 ], [ 23.470876498000052, 59.212144273000035 ], [ 23.525645379000082, 59.230414130000042 ], [ 23.578461134000065, 59.226304429000038 ], [ 23.641856316000087, 59.257391669000071 ], [ 23.662282748000052, 59.258286851000037 ], [ 23.730479363000086, 59.230414130000042 ], [ 23.742198113000086, 59.239406643000052 ], [ 23.742930535000085, 59.250148830000057 ], [ 23.723643425000091, 59.26508209800005 ], [ 23.734873894000089, 59.277736721000053 ], [ 23.756846550000091, 59.283636786000045 ], [ 23.888845248000052, 59.27875397300005 ], [ 24.038584832000083, 59.29328034100007 ], [ 24.080577019000089, 59.271307684000078 ], [ 24.100108269000089, 59.294501044000071 ], [ 24.092051629000082, 59.312567450000074 ], [ 24.019379102000073, 59.367254950000074 ], [ 24.03484134200005, 59.388657945000034 ], [ 24.080577019000089, 59.395453192000048 ], [ 24.164886915000068, 59.354071356000077 ], [ 24.193858269000089, 59.347723700000074 ], [ 24.221934441000087, 59.355169989000046 ], [ 24.213389519000089, 59.372259833000044 ], [ 24.163096550000091, 59.402289130000042 ], [ 24.306162957000083, 59.419094143000052 ], [ 24.333832227000073, 59.470607815000051 ], [ 24.422536655000044, 59.477443752000056 ], [ 24.498301629000082, 59.443833726000037 ], [ 24.54818769600007, 59.462958075000074 ], [ 24.642588738000086, 59.436428127000056 ], [ 24.660492384000065, 59.440619208000044 ], [ 24.656586134000065, 59.449896552000041 ], [ 24.621836785000085, 59.463120835000041 ], [ 24.621836785000085, 59.470607815000051 ], [ 24.658539259000065, 59.472072658000059 ], [ 24.674978061000047, 59.496039130000042 ], [ 24.697520379000082, 59.491034247000073 ], [ 24.744395379000082, 59.447211005000042 ], [ 24.772634311000047, 59.450100002000056 ], [ 24.790049675000091, 59.458929755000042 ], [ 24.81576582100007, 59.489325262000079 ], [ 24.806813998000052, 59.504706122000073 ], [ 24.783539259000065, 59.51984284100007 ], [ 24.772634311000047, 59.559963283000059 ], [ 24.803477410000085, 59.570502020000049 ], [ 24.909190300000091, 59.511542059000078 ], [ 24.934418165000068, 59.508042710000041 ], [ 25.012217644000089, 59.518377997000073 ], [ 25.097829623000052, 59.497870184000078 ], [ 25.116465691000087, 59.503119208000044 ], [ 25.107920769000089, 59.528998114000046 ], [ 25.122080925000091, 59.539496161000045 ], [ 25.145518425000091, 59.539129950000074 ], [ 25.194102410000085, 59.522650458000044 ], [ 25.409434441000087, 59.491034247000073 ], [ 25.402354363000086, 59.51430898600006 ], [ 25.41578209700009, 59.527085679000038 ], [ 25.543711785000085, 59.535142320000034 ], [ 25.536143425000091, 59.549302476000037 ], [ 25.497080925000091, 59.570868231000077 ], [ 25.481944207000083, 59.611151434000078 ], [ 25.478526238000086, 59.651516018000052 ], [ 25.484873894000089, 59.669826565000051 ], [ 25.502452019000089, 59.662258205000057 ], [ 25.535329623000052, 59.628973700000074 ], [ 25.575043165000068, 59.616888739000046 ], [ 25.622325066000087, 59.580471096000053 ], [ 25.676768425000091, 59.566066799000055 ], [ 25.705902540000068, 59.569281317000048 ], [ 25.71851647200009, 59.587591864000046 ], [ 25.684825066000087, 59.628648179000038 ], [ 25.690684441000087, 59.649359442000048 ], [ 25.670664910000085, 59.655503648000035 ], [ 25.69467207100007, 59.670884507000039 ], [ 25.725352410000085, 59.665838934000078 ], [ 25.780528191000087, 59.635687567000048 ], [ 25.77312259200005, 59.628241278000075 ], [ 25.793711785000085, 59.591213283000059 ], [ 25.826182488000086, 59.575262762000079 ], [ 25.861338738000086, 59.586127020000049 ], [ 25.876231316000087, 59.600897528000075 ], [ 25.86882571700005, 59.60773346600007 ], [ 25.883067254000082, 59.631333726000037 ], [ 25.944509311000047, 59.594671942000048 ], [ 25.965017123000052, 59.597316799000055 ], [ 25.964366082000083, 59.62140534100007 ], [ 25.988536004000082, 59.634344794000071 ], [ 26.036387566000087, 59.623236395000049 ], [ 26.074473504000082, 59.604315497000073 ], [ 26.08171634200005, 59.587307033000059 ], [ 26.090993686000047, 59.585638739000046 ], [ 26.280039910000085, 59.587307033000059 ], [ 26.49781334700009, 59.539984442000048 ], [ 26.53646894600007, 59.542669989000046 ], [ 26.584727410000085, 59.559963283000059 ], [ 26.665049675000091, 59.551947333000044 ], [ 26.739024285000085, 59.525824286000045 ], [ 26.826914910000085, 59.476955471000053 ], [ 26.937673373000052, 59.450100002000056 ], [ 27.116221550000091, 59.44204336100006 ], [ 27.409027540000068, 59.451890367000033 ], [ 27.563161655000044, 59.432074286000045 ], [ 27.717051629000082, 59.427150783000059 ], [ 27.873301629000082, 59.407619533000059 ], [ 27.953461134000065, 59.428168036000045 ], [ 27.983164910000085, 59.446966864000046 ], [ 28.055349155000044, 59.527899481000077 ], [ 28.072601759000065, 59.578029690000051 ], [ 28.051768425000034, 59.624823309000078 ], [ 28.015879754000082, 59.659654039000031 ], [ 27.993418816000087, 59.703314520000049 ], [ 28.007009311000047, 59.758246161000045 ], [ 28.086924675000034, 59.799383856000077 ], [ 28.123871290000068, 59.792303778000075 ], [ 28.18523196700005, 59.758612372000073 ], [ 28.223887566000087, 59.691107489000046 ], [ 28.375254754000082, 59.66632721600007 ], [ 28.404958530000044, 59.682847398000035 ], [ 28.41773522200009, 59.708400783000059 ], [ 28.418630405000044, 59.789618231000077 ], [ 28.42750084700009, 59.813421942000048 ], [ 28.476084832000083, 59.851752020000049 ], [ 28.500498894000089, 59.861029364000046 ], [ 28.535817905000044, 59.859564520000049 ], [ 28.581879102000073, 59.834051825000074 ], [ 28.678558790000068, 59.813177802000041 ], [ 28.699066602000073, 59.792669989000046 ], [ 28.718028191000087, 59.786810614000046 ], [ 28.766774936000047, 59.799546617000033 ], [ 28.832530144000089, 59.786525783000059 ], [ 28.883799675000034, 59.816595770000049 ], [ 28.919118686000047, 59.813950914000031 ], [ 28.97632897200009, 59.831284898000035 ], [ 29.034434441000087, 59.886704820000034 ], [ 29.030772332000083, 59.901109117000033 ], [ 28.98023522200009, 59.929877020000049 ], [ 29.014414910000085, 59.929877020000049 ], [ 29.089366082000083, 59.97992584800005 ], [ 29.161387566000087, 60.002630927000041 ], [ 29.266286655000044, 59.998114325000074 ], [ 29.804209832000083, 59.94009023600006 ], [ 29.862803582000083, 59.917954820000034 ], [ 30.11500084700009, 59.87055084800005 ], [ 30.161957227000073, 59.868475653000075 ], [ 30.192556186000047, 59.880601304000038 ], [ 30.216319207000083, 59.907212632000039 ], [ 30.22429446700005, 59.933254299000055 ], [ 30.20679772200009, 59.943548895000049 ], [ 30.246104363000086, 59.97492096600007 ], [ 30.234629754000082, 59.991359768000052 ], [ 30.209971550000034, 60.001125393000052 ], [ 30.000824415000068, 60.011948960000041 ], [ 29.948252800000034, 60.029689846000053 ], [ 29.932383660000085, 60.066473700000074 ], [ 29.910411004000082, 60.075018622000073 ], [ 29.890879754000082, 60.101223049000055 ], [ 29.899668816000087, 60.133612372000073 ], [ 29.884613477000073, 60.149603583000044 ], [ 29.84896894600007, 60.166937567000048 ], [ 29.701019727000073, 60.200506903000075 ], [ 29.525401238000086, 60.200873114000046 ], [ 29.417816602000073, 60.168850002000056 ], [ 29.052012566000087, 60.184271552000041 ], [ 29.015147332000083, 60.196844794000071 ], [ 28.986501498000052, 60.217230536000045 ], [ 28.94695071700005, 60.263739325000074 ], [ 28.922373894000089, 60.279852606000077 ], [ 28.860199415000068, 60.295355536000045 ], [ 28.815684441000087, 60.361273505000042 ], [ 28.799489780000044, 60.368841864000046 ], [ 28.787852410000085, 60.341376044000071 ], [ 28.746348504000082, 60.34210846600007 ], [ 28.61695397200009, 60.381984768000052 ], [ 28.517588738000086, 60.488836981000077 ], [ 28.453623894000089, 60.539618231000077 ], [ 28.438975457000083, 60.559881903000075 ], [ 28.473399285000085, 60.566229559000078 ], [ 28.507334832000083, 60.559881903000075 ], [ 28.524424675000034, 60.522365627000056 ], [ 28.543793165000068, 60.51040273600006 ], [ 28.61695397200009, 60.488836981000077 ], [ 28.683604363000086, 60.455877997000073 ], [ 28.70281009200005, 60.461167710000041 ], [ 28.707204623000052, 60.478461005000042 ], [ 28.699066602000073, 60.499823309000078 ], [ 28.661387566000087, 60.53461334800005 ], [ 28.658050977000073, 60.59406159100007 ], [ 28.66382897200009, 60.614447333000044 ], [ 28.685394727000073, 60.615139065000051 ], [ 28.644541863000086, 60.669745184000078 ], [ 28.654633009000065, 60.681870835000041 ], [ 28.712738477000073, 60.669745184000078 ], [ 28.734548373000052, 60.69281647300005 ], [ 28.721934441000087, 60.721177476000037 ], [ 28.690440300000034, 60.738470770000049 ], [ 28.654633009000065, 60.728094794000071 ], [ 28.57390384200005, 60.682684637000079 ], [ 28.521006707000083, 60.684027411000045 ], [ 28.47624759200005, 60.669745184000078 ], [ 28.424082879000082, 60.671698309000078 ], [ 28.400563998000052, 60.665269273000035 ], [ 28.382985873000052, 60.624253648000035 ], [ 28.341807488000086, 60.627630927000041 ], [ 28.32162519600007, 60.621323960000041 ], [ 28.33757571700005, 60.609808661000045 ], [ 28.34343509200005, 60.59406159100007 ], [ 28.295095248000052, 60.601467190000051 ], [ 28.215830925000034, 60.547552802000041 ], [ 28.158457879000082, 60.55304596600007 ], [ 28.137380405000044, 60.533189195000034 ], [ 28.096446160000085, 60.53937409100007 ], [ 28.034434441000087, 60.525783596000053 ], [ 27.900401238000086, 60.528469143000052 ], [ 27.870941602000073, 60.54047272300005 ], [ 27.86304772200009, 60.567328192000048 ], [ 27.816416863000086, 60.528225002000056 ], [ 27.794118686000047, 60.533189195000034 ], [ 27.807871941000087, 60.55304596600007 ], [ 27.762054884000065, 60.580145575000074 ], [ 27.739512566000087, 60.574164130000042 ], [ 27.753184441000087, 60.559881903000075 ], [ 27.736175977000073, 60.555568752000056 ], [ 27.733409050000034, 60.544256903000075 ], [ 27.753184441000087, 60.518947658000059 ], [ 27.732676629000082, 60.512111721000053 ], [ 27.753184441000087, 60.505845445000034 ], [ 27.71843509200005, 60.488470770000049 ], [ 27.63648522200009, 60.492254950000074 ], [ 27.645762566000087, 60.503566799000055 ], [ 27.691661004000082, 60.518947658000059 ], [ 27.65170332100007, 60.522650458000044 ], [ 27.63217207100007, 60.521673895000049 ], [ 27.608246290000068, 60.499945380000042 ], [ 27.629649285000085, 60.471136786000045 ], [ 27.592458530000044, 60.477362372000073 ], [ 27.508474155000044, 60.513861395000049 ], [ 27.472666863000086, 60.505845445000034 ], [ 27.493174675000034, 60.492254950000074 ], [ 27.472666863000086, 60.47797272300005 ], [ 27.506683790000068, 60.457464911000045 ], [ 27.45679772200009, 60.463690497000073 ], [ 27.369313998000052, 60.497870184000078 ], [ 27.232432488000086, 60.512111721000053 ], [ 27.230804884000065, 60.526312567000048 ], [ 27.308116082000083, 60.525783596000053 ], [ 27.211924675000091, 60.559881903000075 ], [ 27.227712436000047, 60.579575914000031 ], [ 27.21461022200009, 60.584947007000039 ], [ 27.191742384000065, 60.579738674000055 ], [ 27.177744988000086, 60.567328192000048 ], [ 27.200694207000083, 60.523260809000078 ], [ 27.177744988000086, 60.512111721000053 ], [ 27.16968834700009, 60.528631903000075 ], [ 27.137705925000091, 60.529038804000038 ], [ 27.112559441000087, 60.546820380000042 ], [ 27.088389519000089, 60.525783596000053 ], [ 27.05437259200005, 60.546820380000042 ], [ 27.024424675000091, 60.536078192000048 ], [ 27.02711022200009, 60.519924221000053 ], [ 26.998220248000052, 60.488023179000038 ], [ 26.93140709700009, 60.485419012000079 ], [ 26.965342644000089, 60.458482164000031 ], [ 26.962412957000083, 60.447211005000042 ], [ 26.914724155000044, 60.474554755000042 ], [ 26.793630405000044, 60.457464911000045 ], [ 26.814707879000082, 60.485419012000079 ], [ 26.797048373000052, 60.485907294000071 ], [ 26.742442254000082, 60.468003648000035 ], [ 26.739024285000085, 60.43695709800005 ], [ 26.687347852000073, 60.418158270000049 ], [ 26.635915561000047, 60.45062897300005 ], [ 26.594411655000044, 60.452297268000052 ], [ 26.577159050000091, 60.447333075000074 ], [ 26.574473504000082, 60.43695709800005 ], [ 26.553396030000044, 60.433010158000059 ], [ 26.527354363000086, 60.439886786000045 ], [ 26.482676629000082, 60.468003648000035 ], [ 26.474864129000082, 60.487250067000048 ], [ 26.536631707000083, 60.515529690000051 ], [ 26.563649936000047, 60.543361721000053 ], [ 26.567393425000091, 60.580959377000056 ], [ 26.625010613000086, 60.609605210000041 ], [ 26.666677280000044, 60.606431382000039 ], [ 26.753184441000087, 60.574164130000042 ], [ 26.73178144600007, 60.612860419000071 ], [ 26.699229363000086, 60.640204169000071 ], [ 26.659190300000091, 60.65180084800005 ], [ 26.615489129000082, 60.643052476000037 ], [ 26.591807488000086, 60.628566799000055 ], [ 26.465830925000091, 60.50812409100007 ], [ 26.456228061000047, 60.474554755000042 ], [ 26.48568769600007, 60.443793036000045 ], [ 26.469411655000044, 60.427476304000038 ], [ 26.451508009000065, 60.416489976000037 ], [ 26.416351759000065, 60.411932684000078 ], [ 26.424164259000065, 60.395982164000031 ], [ 26.383311394000089, 60.416489976000037 ], [ 26.381195509000065, 60.39874909100007 ], [ 26.351410352000073, 60.392808335000041 ], [ 26.342051629000082, 60.375555731000077 ], [ 26.32398522200009, 60.383002020000049 ], [ 26.290212436000047, 60.423325914000031 ], [ 26.245616082000083, 60.450873114000046 ], [ 26.23178144600007, 60.45062897300005 ], [ 26.229340040000068, 60.438421942000048 ], [ 26.273448113000086, 60.402167059000078 ], [ 26.178965691000087, 60.410630601000037 ], [ 26.142425977000073, 60.395982164000031 ], [ 25.980967644000089, 60.475775458000044 ], [ 25.917246941000087, 60.485419012000079 ], [ 25.917246941000087, 60.47797272300005 ], [ 25.971853061000047, 60.464911200000074 ], [ 26.003754102000073, 60.440497137000079 ], [ 26.02898196700005, 60.433335679000038 ], [ 26.040049675000091, 60.405951239000046 ], [ 26.006846550000091, 60.400539455000057 ], [ 26.012217644000089, 60.388576565000051 ], [ 26.060557488000086, 60.368109442000048 ], [ 26.108164910000085, 60.335923570000034 ], [ 26.091319207000083, 60.306626695000034 ], [ 26.040049675000091, 60.299790757000039 ], [ 26.03882897200009, 60.322658596000053 ], [ 25.997080925000091, 60.35492584800005 ], [ 26.005869988000086, 60.368109442000048 ], [ 25.956553582000083, 60.356024481000077 ], [ 25.88835696700005, 60.389146226000037 ], [ 25.842051629000082, 60.402167059000078 ], [ 25.917246941000087, 60.361273505000042 ], [ 25.884287957000083, 60.320013739000046 ], [ 25.883067254000082, 60.306626695000034 ], [ 25.92123457100007, 60.265285549000055 ], [ 25.930186394000089, 60.245184637000079 ], [ 25.894867384000065, 60.249579169000071 ], [ 25.86882571700005, 60.265692450000074 ], [ 25.876231316000087, 60.272528387000079 ], [ 25.86101321700005, 60.284002997000073 ], [ 25.80054772200009, 60.292954820000034 ], [ 25.753754102000073, 60.320746161000045 ], [ 25.739024285000085, 60.313462632000039 ], [ 25.745371941000087, 60.295803127000056 ], [ 25.848887566000087, 60.265692450000074 ], [ 25.780528191000087, 60.25141022300005 ], [ 25.780528191000087, 60.245184637000079 ], [ 25.761973504000082, 60.240383205000057 ], [ 25.735524936000047, 60.247259833000044 ], [ 25.649668816000087, 60.299790757000039 ], [ 25.650889519000089, 60.313462632000039 ], [ 25.670583530000044, 60.327460028000075 ], [ 25.649668816000087, 60.333929755000042 ], [ 25.649668816000087, 60.341376044000071 ], [ 25.704356316000087, 60.341376044000071 ], [ 25.690196160000085, 60.362860419000071 ], [ 25.668630405000044, 60.364650783000059 ], [ 25.602712436000047, 60.338568427000041 ], [ 25.526133660000085, 60.327093817000048 ], [ 25.526133660000085, 60.32094961100006 ], [ 25.541270379000082, 60.316351630000042 ], [ 25.545095248000052, 60.292303778000075 ], [ 25.54037519600007, 60.278713283000059 ], [ 25.522227410000085, 60.271389065000051 ], [ 25.516856316000087, 60.25454336100006 ], [ 25.502777540000068, 60.246161200000074 ], [ 25.361664259000065, 60.245184637000079 ], [ 25.363454623000052, 60.26007721600007 ], [ 25.31381269600007, 60.272528387000079 ], [ 25.321299675000091, 60.25141022300005 ], [ 25.197520379000082, 60.245184637000079 ], [ 25.185801629000082, 60.223130601000037 ], [ 25.156260613000086, 60.232163804000038 ], [ 25.155039910000085, 60.223781643000052 ], [ 25.203949415000068, 60.204250393000052 ], [ 25.18140709700009, 60.200506903000075 ], [ 25.197113477000073, 60.190619208000044 ], [ 25.094737175000091, 60.176336981000077 ], [ 25.101573113000086, 60.190619208000044 ], [ 25.058604363000086, 60.177313544000071 ], [ 25.047862175000091, 60.168890692000048 ], [ 25.067393425000091, 60.162665106000077 ], [ 25.029307488000086, 60.147853908000059 ], [ 24.997894727000073, 60.162665106000077 ], [ 25.010752800000091, 60.169867255000042 ], [ 25.025889519000089, 60.199448960000041 ], [ 25.019053582000083, 60.211086330000057 ], [ 24.998789910000085, 60.212836005000042 ], [ 24.95093834700009, 60.143459377000056 ], [ 24.845225457000083, 60.143744208000044 ], [ 24.834157748000052, 60.155829169000071 ], [ 24.870941602000073, 60.161688544000071 ], [ 24.86882571700005, 60.179754950000074 ], [ 24.842458530000044, 60.194647528000075 ], [ 24.806813998000052, 60.190619208000044 ], [ 24.827321811000047, 60.162665106000077 ], [ 24.772634311000047, 60.142157294000071 ], [ 24.679698113000086, 60.130113023000035 ], [ 24.670258009000065, 60.101223049000055 ], [ 24.656423373000052, 60.100978908000059 ], [ 24.64226321700005, 60.129095770000049 ], [ 24.63062584700009, 60.136297919000071 ], [ 24.55404707100007, 60.155951239000046 ], [ 24.549001498000052, 60.152777411000045 ], [ 24.560394727000073, 60.142157294000071 ], [ 24.596853061000047, 60.12726471600007 ], [ 24.58765709700009, 60.114813544000071 ], [ 24.548024936000047, 60.099676825000074 ], [ 24.54037519600007, 60.087551174000055 ], [ 24.608164910000085, 60.101223049000055 ], [ 24.57398522200009, 60.073919989000046 ], [ 24.594493035000085, 60.066473700000074 ], [ 24.594493035000085, 60.060248114000046 ], [ 24.52702884200005, 60.035345770000049 ], [ 24.46810957100007, 59.99640534100007 ], [ 24.445648634000065, 59.992254950000074 ], [ 24.416270379000082, 59.991359768000052 ], [ 24.464121941000087, 60.046576239000046 ], [ 24.446136915000068, 60.04751211100006 ], [ 24.37476647200009, 60.004950262000079 ], [ 24.367686394000089, 60.022040106000077 ], [ 24.312673373000052, 59.99750397300005 ], [ 24.319102410000085, 60.014146226000037 ], [ 24.357676629000082, 60.036037502000056 ], [ 24.367930535000085, 60.073919989000046 ], [ 24.31967207100007, 60.075832424000055 ], [ 24.295909050000091, 60.072211005000042 ], [ 24.278575066000087, 60.060248114000046 ], [ 24.292246941000087, 60.052801825000074 ], [ 24.252452019000089, 60.039740302000041 ], [ 24.176524285000085, 60.048041083000044 ], [ 24.158457879000082, 60.043036200000074 ], [ 24.15796959700009, 60.034491278000075 ], [ 24.18295332100007, 60.025458075000074 ], [ 24.164235873000052, 60.019435940000051 ], [ 24.105967644000089, 60.031927802000041 ], [ 24.06812584700009, 60.020575262000079 ], [ 24.046397332000083, 60.025458075000074 ], [ 24.028168165000068, 60.009344794000071 ], [ 24.009613477000073, 60.010565497000073 ], [ 24.002614780000044, 60.020982164000031 ], [ 24.01921634200005, 60.039740302000041 ], [ 24.000824415000068, 60.038275458000044 ], [ 23.955332879000082, 60.003566799000055 ], [ 23.873057488000086, 59.993068752000056 ], [ 23.799489780000044, 59.956610419000071 ], [ 23.77125084700009, 59.967962958000044 ], [ 23.607595248000052, 59.956610419000071 ], [ 23.573496941000087, 59.977687893000052 ], [ 23.42945397200009, 59.956610419000071 ], [ 23.483571811000047, 60.011297919000071 ], [ 23.540863477000073, 60.029120184000078 ], [ 23.534353061000047, 60.053697007000039 ], [ 23.546153191000087, 60.073919989000046 ], [ 23.498301629000082, 60.063299872000073 ], [ 23.478770379000082, 60.036118882000039 ], [ 23.453786655000044, 60.02798086100006 ], [ 23.439707879000082, 59.99445221600007 ], [ 23.40796959700009, 59.980414130000042 ], [ 23.326426629000082, 59.923041083000044 ], [ 23.237152540000068, 59.898016669000071 ], [ 23.22234134200005, 59.886216539000031 ], [ 23.222178582000083, 59.86782461100006 ], [ 23.233164910000085, 59.851996161000045 ], [ 23.25131269600007, 59.84796784100007 ], [ 23.25131269600007, 59.841131903000075 ], [ 23.06812584700009, 59.820786851000037 ], [ 23.006846550000091, 59.826157945000034 ], [ 22.905121290000068, 59.811224677000041 ], [ 22.888194207000083, 59.813177802000041 ], [ 22.946136915000068, 59.84796784100007 ], [ 23.168142123000052, 59.888902085000041 ], [ 23.161143425000091, 59.910223700000074 ], [ 23.165863477000073, 59.917669989000046 ], [ 23.247080925000091, 59.922430731000077 ], [ 23.293711785000085, 59.958685614000046 ], [ 23.326426629000082, 60.009344794000071 ], [ 23.332855665000068, 60.029852606000077 ], [ 23.315928582000083, 60.022406317000048 ], [ 23.24976647200009, 59.948472398000035 ], [ 23.223399285000085, 59.929877020000049 ], [ 23.203623894000089, 59.929877020000049 ], [ 23.209727410000085, 59.943548895000049 ], [ 23.18881269600007, 59.950181382000039 ], [ 23.168142123000052, 59.943548895000049 ], [ 23.17123457100007, 59.936428127000056 ], [ 23.131846550000091, 59.942938544000071 ], [ 23.11068769600007, 59.92328522300005 ], [ 23.100596550000091, 59.940415757000039 ], [ 23.111338738000086, 59.974269924000055 ], [ 23.203623894000089, 59.99750397300005 ], [ 23.25757897200009, 60.039740302000041 ], [ 23.205088738000086, 60.049709377000056 ], [ 23.106211785000085, 60.039048570000034 ], [ 23.035492384000065, 60.044582424000055 ], [ 22.996918165000068, 60.062079169000071 ], [ 22.990733269000089, 60.077337958000044 ], [ 22.997243686000047, 60.089667059000078 ], [ 23.045909050000091, 60.121649481000077 ], [ 23.025401238000086, 60.135321356000077 ], [ 23.004893425000091, 60.107367255000042 ], [ 22.969493035000085, 60.09438711100006 ], [ 22.95866946700005, 60.121568101000037 ], [ 22.90788821700005, 60.131781317000048 ], [ 22.87468509200005, 60.149603583000044 ], [ 22.885590040000068, 60.169338283000059 ], [ 22.867198113000086, 60.183742580000057 ], [ 22.92156009200005, 60.231146552000041 ], [ 23.00757897200009, 60.277004299000055 ], [ 23.045909050000091, 60.327093817000048 ], [ 23.082855665000068, 60.345892645000049 ], [ 23.080577019000089, 60.355047919000071 ], [ 23.06031334700009, 60.357326565000051 ], [ 23.034190300000091, 60.343939520000049 ], [ 22.998057488000086, 60.306626695000034 ], [ 22.94117272200009, 60.316473700000074 ], [ 22.877126498000052, 60.30109284100007 ], [ 22.736175977000073, 60.238185940000051 ], [ 22.52507571700005, 60.204250393000052 ], [ 22.59343509200005, 60.232163804000038 ], [ 22.573496941000087, 60.234930731000077 ], [ 22.57203209700009, 60.242661851000037 ], [ 22.590342644000089, 60.262274481000077 ], [ 22.64812259200005, 60.278713283000059 ], [ 22.574554884000065, 60.270819403000075 ], [ 22.50359134200005, 60.247056382000039 ], [ 22.449473504000082, 60.245184637000079 ], [ 22.459157748000052, 60.264960028000075 ], [ 22.540293816000087, 60.31899648600006 ], [ 22.545664910000085, 60.333929755000042 ], [ 22.627614780000044, 60.375392971000053 ], [ 22.631358269000089, 60.389553127000056 ], [ 22.624278191000087, 60.39907461100006 ], [ 22.580821160000085, 60.375921942000048 ], [ 22.543467644000089, 60.372544664000031 ], [ 22.463063998000052, 60.375555731000077 ], [ 22.483571811000047, 60.402167059000078 ], [ 22.291514519000089, 60.382635809000078 ], [ 22.181488477000073, 60.430487372000073 ], [ 22.116709832000083, 60.43695709800005 ], [ 22.101084832000083, 60.462144273000035 ], [ 22.064463738000086, 60.436346747000073 ], [ 22.047048373000052, 60.438788153000075 ], [ 22.018077019000089, 60.457464911000045 ], [ 22.018077019000089, 60.471136786000045 ], [ 21.981944207000083, 60.476752020000049 ], [ 21.983897332000083, 60.492254950000074 ], [ 21.935394727000073, 60.492254950000074 ], [ 21.950368686000047, 60.518947658000059 ], [ 21.903168165000068, 60.528876044000071 ], [ 21.853526238000086, 60.525783596000053 ], [ 21.843923373000052, 60.515529690000051 ], [ 21.874034050000091, 60.47797272300005 ], [ 21.80600019600007, 60.485988674000055 ], [ 21.785329623000052, 60.47797272300005 ], [ 21.802989129000082, 60.525132554000038 ], [ 21.807871941000087, 60.575588283000059 ], [ 21.819590691000087, 60.585028387000079 ], [ 21.846039259000065, 60.587836005000042 ], [ 21.828461134000065, 60.606390692000048 ], [ 21.840505405000044, 60.628729559000078 ], [ 21.73178144600007, 60.581732489000046 ], [ 21.678965691000087, 60.57648346600007 ], [ 21.66179446700005, 60.567328192000048 ], [ 21.668955925000091, 60.54523346600007 ], [ 21.65560957100007, 60.525946356000077 ], [ 21.654307488000086, 60.508978583000044 ], [ 21.641449415000068, 60.495754299000055 ], [ 21.612071160000085, 60.488836981000077 ], [ 21.558116082000083, 60.492254950000074 ], [ 21.58375084700009, 60.505031643000052 ], [ 21.56967207100007, 60.526434637000079 ], [ 21.517751498000052, 60.567328192000048 ], [ 21.578623894000089, 60.559881903000075 ], [ 21.578623894000089, 60.567328192000048 ], [ 21.48609459700009, 60.574164130000042 ], [ 21.442637566000087, 60.567328192000048 ], [ 21.408539259000065, 60.58038971600007 ], [ 21.408539259000065, 60.587836005000042 ], [ 21.428396030000044, 60.59406159100007 ], [ 21.414805535000085, 60.608303127000056 ], [ 21.46265709700009, 60.601752020000049 ], [ 21.469981316000087, 60.608303127000056 ], [ 21.379649285000085, 60.647040106000077 ], [ 21.35328209700009, 60.676581122000073 ], [ 21.35328209700009, 60.690171617000033 ], [ 21.438975457000083, 60.68032461100006 ], [ 21.445648634000065, 60.692857164000031 ], [ 21.422129754000082, 60.725002346000053 ], [ 21.469981316000087, 60.725002346000053 ], [ 21.469981316000087, 60.731146552000041 ], [ 21.42709394600007, 60.736517645000049 ], [ 21.387380405000044, 60.752346096000053 ], [ 21.422129754000082, 60.759100653000075 ], [ 21.400238477000073, 60.774562893000052 ], [ 21.374278191000087, 60.77960846600007 ], [ 21.380869988000086, 60.793402411000045 ], [ 21.374278191000087, 60.807603257000039 ], [ 21.360850457000083, 60.816229559000078 ], [ 21.346446160000085, 60.81313711100006 ], [ 21.328868035000085, 60.827541408000059 ], [ 21.32593834700009, 60.834865627000056 ], [ 21.336436394000089, 60.844712632000039 ], [ 21.318532748000052, 60.86469147300005 ], [ 21.40788821700005, 60.864569403000075 ], [ 21.428396030000044, 60.875799872000073 ], [ 21.380869988000086, 60.882025458000044 ], [ 21.35328209700009, 60.902533270000049 ], [ 21.390798373000052, 60.916815497000073 ], [ 21.428396030000044, 60.902533270000049 ], [ 21.412771030000044, 60.933498440000051 ], [ 21.392588738000086, 60.939032294000071 ], [ 21.33570397200009, 61.004584052000041 ], [ 21.318532748000052, 61.01235586100006 ], [ 21.339040561000047, 61.026597398000035 ], [ 21.311534050000091, 61.037543036000045 ], [ 21.298675977000073, 61.060126044000071 ], [ 21.387380405000044, 61.040269273000035 ], [ 21.408864780000044, 61.04328034100007 ], [ 21.407725457000083, 61.050726630000042 ], [ 21.36695397200009, 61.060126044000071 ], [ 21.395274285000085, 61.069403387000079 ], [ 21.453868035000085, 61.05499909100007 ], [ 21.482269727000073, 61.060126044000071 ], [ 21.45484459700009, 61.078192450000074 ], [ 21.450450066000087, 61.090765692000048 ], [ 21.463145379000082, 61.101141669000071 ], [ 21.43523196700005, 61.142726955000057 ], [ 21.469981316000087, 61.149562893000052 ], [ 21.442637566000087, 61.155747789000031 ], [ 21.456309441000087, 61.169989325000074 ], [ 21.442637566000087, 61.169989325000074 ], [ 21.503428582000083, 61.177435614000046 ], [ 21.496592644000089, 61.191107489000046 ], [ 21.558116082000083, 61.204169012000079 ], [ 21.543467644000089, 61.225083726000037 ], [ 21.476084832000083, 61.245754299000055 ], [ 21.508311394000089, 61.266831773000035 ], [ 21.503428582000083, 61.279852606000077 ], [ 21.544444207000083, 61.279852606000077 ], [ 21.544444207000083, 61.320868231000077 ], [ 21.530772332000083, 61.334458726000037 ], [ 21.524261915000068, 61.37531159100007 ], [ 21.503428582000083, 61.389105536000045 ], [ 21.44890384200005, 61.402777411000045 ], [ 21.47787519600007, 61.41156647300005 ], [ 21.541677280000044, 61.408392645000049 ], [ 21.572438998000052, 61.416408596000053 ], [ 21.510264519000089, 61.457993882000039 ], [ 21.422129754000082, 61.485337632000039 ], [ 21.555674675000091, 61.475165106000077 ], [ 21.592133009000065, 61.485337632000039 ], [ 21.565603061000047, 61.519476630000042 ], [ 21.510264519000089, 61.519476630000042 ], [ 21.469981316000087, 61.546820380000042 ], [ 21.460134311000047, 61.562404690000051 ], [ 21.482269727000073, 61.567857164000031 ], [ 21.507985873000052, 61.570135809000078 ], [ 21.623383009000065, 61.545884507000039 ], [ 21.68685957100007, 61.524481512000079 ], [ 21.716319207000083, 61.519476630000042 ], [ 21.716319207000083, 61.526922919000071 ], [ 21.614268425000091, 61.585435289000031 ], [ 21.591807488000086, 61.628119208000044 ], [ 21.537608269000089, 61.64984772300005 ], [ 21.544118686000047, 61.672837632000039 ], [ 21.517751498000052, 61.71124909100007 ], [ 21.570323113000086, 61.695013739000046 ], [ 21.585948113000086, 61.697658596000053 ], [ 21.489268425000091, 61.73696523600006 ], [ 21.469981316000087, 61.759711005000042 ], [ 21.489024285000085, 61.79913971600007 ], [ 21.48609459700009, 61.81118398600006 ], [ 21.444590691000087, 61.826320705000057 ], [ 21.44890384200005, 61.841620184000078 ], [ 21.403168165000068, 61.87641022300005 ], [ 21.39421634200005, 61.889390367000033 ], [ 21.414073113000086, 61.90688711100006 ], [ 21.393565300000091, 61.913234768000052 ], [ 21.38054446700005, 61.93781159100007 ], [ 21.312510613000086, 61.939846096000053 ], [ 21.277517123000052, 61.95148346600007 ], [ 21.294932488000086, 61.97134023600006 ], [ 21.236582879000082, 61.98501211100006 ], [ 21.276215040000068, 62.050197658000059 ], [ 21.289073113000086, 62.121568101000037 ], [ 21.296397332000083, 62.130438544000071 ], [ 21.31226647200009, 62.109116929000038 ], [ 21.329112175000091, 62.13812897300005 ], [ 21.332530144000089, 62.152573960000041 ], [ 21.32593834700009, 62.163763739000046 ], [ 21.383962436000047, 62.194484768000052 ], [ 21.389903191000087, 62.208156643000052 ], [ 21.35328209700009, 62.232001044000071 ], [ 21.374278191000087, 62.266791083000044 ], [ 21.352305535000085, 62.266017971000053 ], [ 21.31226647200009, 62.232001044000071 ], [ 21.332774285000085, 62.294094143000052 ], [ 21.339040561000047, 62.355536200000074 ], [ 21.285329623000052, 62.345282294000071 ], [ 21.270681186000047, 62.349310614000046 ], [ 21.260427280000044, 62.371975002000056 ], [ 21.277517123000052, 62.396470445000034 ], [ 21.270681186000047, 62.41079336100006 ], [ 21.205088738000086, 62.35968659100007 ], [ 21.202403191000087, 62.349188544000071 ], [ 21.216075066000087, 62.335028387000079 ], [ 21.194346550000091, 62.337062893000052 ], [ 21.189789259000065, 62.352443752000056 ], [ 21.202403191000087, 62.390326239000046 ], [ 21.18132571700005, 62.396470445000034 ], [ 21.202403191000087, 62.417629299000055 ], [ 21.166758660000085, 62.42133209800005 ], [ 21.133555535000085, 62.403957424000055 ], [ 21.131358269000089, 62.416693427000041 ], [ 21.154551629000082, 62.464789130000042 ], [ 21.124278191000087, 62.454820054000038 ], [ 21.116384311000047, 62.460150458000044 ], [ 21.115570509000065, 62.495794989000046 ], [ 21.124278191000087, 62.509995835000041 ], [ 21.154551629000082, 62.527492580000057 ], [ 21.12671959700009, 62.55414459800005 ], [ 21.188161655000044, 62.584865627000056 ], [ 21.209239129000082, 62.582098700000074 ], [ 21.193532748000052, 62.600897528000075 ], [ 21.121592644000089, 62.609442450000074 ], [ 21.106211785000085, 62.623032945000034 ], [ 21.065196160000085, 62.595770575000074 ], [ 21.083181186000047, 62.659247137000079 ], [ 21.078949415000068, 62.678290106000077 ], [ 21.125743035000085, 62.690171617000033 ], [ 21.160817905000044, 62.719305731000077 ], [ 21.160166863000086, 62.730169989000046 ], [ 21.14039147200009, 62.732896226000037 ], [ 21.116465691000087, 62.749660549000055 ], [ 21.107920769000089, 62.76703522300005 ], [ 21.113536004000082, 62.781195380000042 ], [ 21.150889519000089, 62.79437897300005 ], [ 21.18336022200009, 62.782375393000052 ], [ 21.216075066000087, 62.814846096000053 ], [ 21.226735873000052, 62.858465887000079 ], [ 21.243418816000087, 62.86945221600007 ], [ 21.33570397200009, 62.855454820000034 ], [ 21.390798373000052, 62.88031647300005 ], [ 21.422129754000082, 62.941799221000053 ], [ 21.463145379000082, 62.951402085000041 ], [ 21.446543816000087, 62.987005927000041 ], [ 21.444102410000085, 63.040920315000051 ], [ 21.456309441000087, 63.047552802000041 ], [ 21.480479363000086, 63.043036200000074 ], [ 21.482269727000073, 63.058172919000071 ], [ 21.495127800000091, 63.07172272300005 ], [ 21.625743035000085, 63.023871161000045 ], [ 21.656748894000089, 63.01788971600007 ], [ 21.688487175000091, 63.027085679000038 ], [ 21.559580925000091, 63.095119533000059 ], [ 21.553233269000089, 63.108587958000044 ], [ 21.572438998000052, 63.12335846600007 ], [ 21.545909050000091, 63.117905992000033 ], [ 21.52084394600007, 63.126776434000078 ], [ 21.516123894000089, 63.155462958000044 ], [ 21.503428582000083, 63.157456773000035 ], [ 21.510508660000085, 63.168402411000045 ], [ 21.551931186000047, 63.171128648000035 ], [ 21.551931186000047, 63.177923895000049 ], [ 21.512868686000047, 63.18500397300005 ], [ 21.500987175000091, 63.192450262000079 ], [ 21.496592644000089, 63.208970445000034 ], [ 21.523773634000065, 63.225409247000073 ], [ 21.558116082000083, 63.232611395000049 ], [ 21.615407748000052, 63.203924872000073 ], [ 21.647227410000085, 63.197658596000053 ], [ 21.667979363000086, 63.219549872000073 ], [ 21.742360873000052, 63.199652411000045 ], [ 21.764170769000089, 63.205877997000073 ], [ 21.702647332000083, 63.219549872000073 ], [ 21.702647332000083, 63.225775458000044 ], [ 21.743662957000083, 63.239406643000052 ], [ 21.798350457000083, 63.239406643000052 ], [ 21.894541863000086, 63.260484117000033 ], [ 21.882660352000073, 63.235907294000071 ], [ 21.891449415000068, 63.196600653000075 ], [ 21.880869988000086, 63.177923895000049 ], [ 21.905528191000087, 63.175441799000055 ], [ 21.983897332000083, 63.14321523600006 ], [ 21.955902540000068, 63.184759833000044 ], [ 21.994395379000082, 63.196437893000052 ], [ 22.02475019600007, 63.239406643000052 ], [ 22.043142123000052, 63.245591539000031 ], [ 22.07203209700009, 63.225775458000044 ], [ 22.127207879000082, 63.239406643000052 ], [ 22.175059441000087, 63.232611395000049 ], [ 22.181895379000082, 63.246812242000033 ], [ 22.202972852000073, 63.239406643000052 ], [ 22.244639519000089, 63.267075914000031 ], [ 22.278086785000085, 63.301459052000041 ], [ 22.307627800000091, 63.275864976000037 ], [ 22.330088738000086, 63.28384023600006 ], [ 22.373708530000044, 63.321356512000079 ], [ 22.333832227000073, 63.35968659100007 ], [ 22.250498894000089, 63.411322333000044 ], [ 22.218272332000083, 63.41437409100007 ], [ 22.195567254000082, 63.431219794000071 ], [ 22.190928582000083, 63.45844147300005 ], [ 22.213389519000089, 63.470892645000049 ], [ 22.246755405000044, 63.469631252000056 ], [ 22.304942254000082, 63.43585846600007 ], [ 22.401621941000087, 63.418158270000049 ], [ 22.279958530000044, 63.487616278000075 ], [ 22.27125084700009, 63.513739325000074 ], [ 22.281423373000052, 63.526190497000073 ], [ 22.337412957000083, 63.523342190000051 ], [ 22.33334394600007, 63.493231512000079 ], [ 22.38021894600007, 63.485419012000079 ], [ 22.396820509000065, 63.476955471000053 ], [ 22.394786004000082, 63.452337958000044 ], [ 22.407399936000047, 63.456935940000051 ], [ 22.435801629000082, 63.472805080000057 ], [ 22.431488477000073, 63.497381903000075 ], [ 22.463063998000052, 63.554754950000074 ], [ 22.493174675000091, 63.573472398000035 ], [ 22.497243686000047, 63.585760809000078 ], [ 22.545664910000085, 63.575181382000039 ], [ 22.497243686000047, 63.622992255000042 ], [ 22.531993035000085, 63.644110419000071 ], [ 22.52507571700005, 63.657700914000031 ], [ 22.58570397200009, 63.657049872000073 ], [ 22.59343509200005, 63.674505927000041 ], [ 22.589040561000047, 63.703314520000049 ], [ 22.613291863000086, 63.699286200000074 ], [ 22.637054884000065, 63.683091539000031 ], [ 22.65406334700009, 63.70376211100006 ], [ 22.675303582000083, 63.702378648000035 ], [ 22.702321811000047, 63.683417059000078 ], [ 22.702647332000083, 63.657700914000031 ], [ 22.73406009200005, 63.62759023600006 ], [ 22.773448113000086, 63.627508856000077 ], [ 22.829274936000047, 63.646226304000038 ], [ 22.840342644000089, 63.677639065000051 ], [ 22.901866082000083, 63.705511786000045 ], [ 22.833018425000091, 63.72601959800005 ], [ 22.901866082000083, 63.72601959800005 ], [ 22.87468509200005, 63.746527411000045 ], [ 22.925791863000086, 63.743394273000035 ], [ 22.929209832000083, 63.764349677000041 ], [ 22.907725457000083, 63.772406317000048 ], [ 22.898773634000065, 63.783270575000074 ], [ 22.902517123000052, 63.794867255000042 ], [ 22.942881707000083, 63.800482489000046 ], [ 22.973155144000089, 63.770982164000031 ], [ 23.000661655000044, 63.763617255000042 ], [ 22.990733269000089, 63.787502346000053 ], [ 22.990733269000089, 63.815375067000048 ], [ 23.062836134000065, 63.85297272300005 ], [ 23.074961785000085, 63.857367255000042 ], [ 23.121348504000082, 63.849554755000042 ], [ 23.153493686000047, 63.863470770000049 ], [ 23.141856316000087, 63.875962632000039 ], [ 23.16732832100007, 63.886948960000041 ], [ 23.275238477000073, 63.888902085000041 ], [ 23.306488477000073, 63.894232489000046 ], [ 23.326426629000082, 63.910956122000073 ], [ 23.350759311000047, 63.898830471000053 ], [ 23.37281334700009, 63.900620835000041 ], [ 23.41578209700009, 63.924627997000073 ], [ 23.37086022200009, 63.946519273000035 ], [ 23.378754102000073, 63.968939520000049 ], [ 23.367442254000082, 63.997259833000044 ], [ 23.381602410000085, 64.048163153000075 ], [ 23.396494988000086, 64.056138414000031 ], [ 23.449961785000085, 64.048163153000075 ], [ 23.477305535000085, 64.035101630000042 ], [ 23.506602410000085, 64.04165273600006 ], [ 23.538340691000087, 64.03188711100006 ], [ 23.604502800000091, 64.02765534100007 ], [ 23.619802280000044, 64.038031317000048 ], [ 23.605967644000089, 64.061102606000077 ], [ 23.56609134200005, 64.096584377000056 ], [ 23.57357832100007, 64.107245184000078 ], [ 23.622080925000091, 64.107123114000046 ], [ 23.65601647200009, 64.130072333000044 ], [ 23.660329623000052, 64.143296617000033 ], [ 23.723643425000091, 64.178534247000073 ], [ 23.716807488000086, 64.178534247000073 ], [ 23.72437584700009, 64.208929755000042 ], [ 23.73568769600007, 64.216213283000059 ], [ 23.772715691000087, 64.208929755000042 ], [ 23.819102410000085, 64.220648505000042 ], [ 23.833506707000083, 64.22687409100007 ], [ 23.86109459700009, 64.26788971600007 ], [ 23.943369988000086, 64.246771552000041 ], [ 23.927582227000073, 64.271185614000046 ], [ 23.92904707100007, 64.30141836100006 ], [ 23.984222852000073, 64.349798895000049 ], [ 24.004405144000089, 64.389105536000045 ], [ 24.068614129000082, 64.405585028000075 ], [ 24.084727410000085, 64.414740302000041 ], [ 24.080577019000089, 64.431708075000074 ], [ 24.10482832100007, 64.431219794000071 ], [ 24.16928144600007, 64.452215887000079 ], [ 24.205739780000044, 64.452215887000079 ], [ 24.217784050000091, 64.487005927000041 ], [ 24.25757897200009, 64.485988674000055 ], [ 24.26889082100007, 64.490057684000078 ], [ 24.285980665000068, 64.514960028000075 ], [ 24.344086134000065, 64.530747789000031 ], [ 24.36109459700009, 64.548407294000071 ], [ 24.354991082000083, 64.572414455000057 ], [ 24.373871290000068, 64.57953522300005 ], [ 24.367930535000085, 64.596869208000044 ], [ 24.375498894000089, 64.617254950000074 ], [ 24.422862175000091, 64.675604559000078 ], [ 24.530284050000091, 64.717840887000079 ], [ 24.546071811000047, 64.733384507000039 ], [ 24.532399936000047, 64.753851630000042 ], [ 24.58765709700009, 64.781195380000042 ], [ 24.53842207100007, 64.80532461100006 ], [ 24.578379754000082, 64.807928778000075 ], [ 24.668304884000065, 64.789129950000074 ], [ 24.676524285000085, 64.794867255000042 ], [ 24.662771030000044, 64.812567450000074 ], [ 24.670664910000085, 64.829738674000055 ], [ 24.731700066000087, 64.835842190000051 ], [ 24.736338738000086, 64.855373440000051 ], [ 24.77312259200005, 64.865790106000077 ], [ 24.896983269000089, 64.873114325000074 ], [ 25.094737175000091, 64.918361721000053 ], [ 25.112315300000091, 64.914455471000053 ], [ 25.143239780000044, 64.88422272300005 ], [ 25.177256707000083, 64.88422272300005 ], [ 25.18726647200009, 64.860663153000075 ], [ 25.217621290000068, 64.841457424000055 ], [ 25.259287957000083, 64.835842190000051 ], [ 25.259287957000083, 64.829575914000031 ], [ 25.225108269000089, 64.822739976000037 ], [ 25.25953209700009, 64.816473700000074 ], [ 25.35482832100007, 64.829575914000031 ], [ 25.362152540000068, 64.833075262000079 ], [ 25.351817254000082, 64.860663153000075 ], [ 25.36850019600007, 64.898504950000074 ], [ 25.359548373000052, 64.911118882000039 ], [ 25.321299675000091, 64.904730536000045 ], [ 25.241221550000091, 64.929022528000075 ], [ 25.190928582000083, 64.966782945000034 ], [ 25.211436394000089, 64.980414130000042 ], [ 25.203949415000068, 64.98663971600007 ], [ 25.220957879000082, 64.99054596600007 ], [ 25.32162519600007, 64.983587958000044 ], [ 25.42156009200005, 64.948879299000055 ], [ 25.438161655000044, 64.953070380000042 ], [ 25.443532748000052, 64.966782945000034 ], [ 25.416758660000085, 64.998602606000077 ], [ 25.423106316000087, 65.014593817000048 ], [ 25.413096550000091, 65.024481512000079 ], [ 25.416270379000082, 65.035060940000051 ], [ 25.380869988000086, 65.055975653000075 ], [ 25.369965040000068, 65.084418036000045 ], [ 25.355479363000086, 65.096502997000073 ], [ 25.324066602000073, 65.109808661000045 ], [ 25.211436394000089, 65.123765367000033 ], [ 25.225840691000087, 65.156642971000053 ], [ 25.282481316000087, 65.191392320000034 ], [ 25.279795769000089, 65.219956773000035 ], [ 25.32748457100007, 65.22687409100007 ], [ 25.30014082100007, 65.233628648000035 ], [ 25.31381269600007, 65.254136460000041 ], [ 25.279795769000089, 65.260972398000035 ], [ 25.294200066000087, 65.271144924000055 ], [ 25.321299675000091, 65.316229559000078 ], [ 25.306976759000065, 65.329820054000038 ], [ 25.334971550000091, 65.343491929000038 ], [ 25.266123894000089, 65.377630927000041 ], [ 25.321299675000091, 65.38507721600007 ], [ 25.355479363000086, 65.411810614000046 ], [ 25.344493035000085, 65.428534247000073 ], [ 25.358653191000087, 65.465521552000041 ], [ 25.351817254000082, 65.484116929000038 ], [ 25.293711785000085, 65.525091864000046 ], [ 25.219004754000082, 65.55727773600006 ], [ 25.124847852000073, 65.561102606000077 ], [ 25.101573113000086, 65.576890367000033 ], [ 25.085459832000083, 65.605169989000046 ], [ 25.060720248000052, 65.617254950000074 ], [ 25.035817905000044, 65.614162502000056 ], [ 25.004893425000091, 65.627020575000074 ], [ 24.93718509200005, 65.624090887000079 ], [ 24.895518425000091, 65.651353257000039 ], [ 24.819509311000047, 65.662176825000074 ], [ 24.745290561000047, 65.651353257000039 ], [ 24.70679772200009, 65.633286851000037 ], [ 24.675791863000086, 65.635443427000041 ], [ 24.66773522200009, 65.69086334800005 ], [ 24.583994988000086, 65.716864325000074 ], [ 24.554860873000052, 65.745103257000039 ], [ 24.55046634200005, 65.763495184000078 ], [ 24.575368686000047, 65.808172919000071 ], [ 24.645762566000087, 65.879461981000077 ], [ 24.707530144000089, 65.899237372000073 ], [ 24.71062259200005, 65.912095445000034 ], [ 24.617930535000085, 65.889227606000077 ], [ 24.614512566000087, 65.866156317000048 ], [ 24.587168816000087, 65.854315497000073 ], [ 24.543630405000044, 65.808986721000053 ], [ 24.518809441000087, 65.796047268000052 ], [ 24.452972852000073, 65.796942450000074 ], [ 24.404795769000089, 65.769232489000046 ], [ 24.35710696700005, 65.779201565000051 ], [ 24.316661004000082, 65.802232164000031 ], [ 24.238291863000086, 65.822699286000045 ], [ 24.251231316000087, 65.794134833000044 ], [ 24.244313998000052, 65.78156159100007 ], [ 24.224619988000086, 65.774888414000031 ], [ 24.206228061000047, 65.77875397300005 ], [ 24.173024936000047, 65.804185289000031 ], [ 24.163096550000091, 65.822699286000045 ], [ 24.14031009200005, 65.804510809000078 ], [ 24.032725457000083, 65.809719143000052 ], [ 24.053233269000089, 65.796047268000052 ], [ 23.957041863000086, 65.789129950000074 ], [ 23.943858269000089, 65.766546942000048 ], [ 23.926442905000044, 65.76040273600006 ], [ 23.885427280000044, 65.773627020000049 ], [ 23.871836785000085, 65.794867255000042 ], [ 23.854665561000047, 65.789129950000074 ], [ 23.781748894000089, 65.793036200000074 ], [ 23.761973504000082, 65.822251695000034 ], [ 23.739431186000047, 65.829291083000044 ], [ 23.690196160000085, 65.830145575000074 ], [ 23.635508660000085, 65.796047268000052 ], [ 23.623301629000082, 65.796210028000075 ], [ 23.607595248000052, 65.809719143000052 ], [ 23.48414147200009, 65.81586334800005 ], [ 23.490570509000065, 65.829779364000046 ], [ 23.483571811000047, 65.834377346000053 ], [ 23.457367384000065, 65.830145575000074 ], [ 23.449961785000085, 65.81586334800005 ], [ 23.422048373000052, 65.802232164000031 ], [ 23.437836134000065, 65.792303778000075 ], [ 23.428477410000085, 65.765326239000046 ], [ 23.385020379000082, 65.775213934000078 ], [ 23.374278191000087, 65.790432033000059 ], [ 23.374278191000087, 65.822699286000045 ], [ 23.352793816000087, 65.821356512000079 ], [ 23.31218509200005, 65.796047268000052 ], [ 23.289724155000044, 65.795843817000048 ], [ 23.23023522200009, 65.822699286000045 ], [ 23.195974155000044, 65.826971747000073 ], [ 23.183767123000052, 65.819647528000075 ], [ 23.182383660000085, 65.802232164000031 ], [ 23.19076582100007, 65.789862372000073 ], [ 23.23764082100007, 65.768703518000052 ], [ 23.14820397200009, 65.745591539000031 ], [ 23.128428582000083, 65.733954169000071 ], [ 23.129567905000044, 65.715033270000049 ], [ 23.103037957000083, 65.704657294000071 ], [ 23.078786655000044, 65.707220770000049 ], [ 23.086761915000068, 65.727728583000044 ], [ 23.045909050000091, 65.761216539000031 ], [ 22.944021030000044, 65.775336005000042 ], [ 22.901052280000044, 65.798651434000078 ], [ 22.860199415000068, 65.796047268000052 ], [ 22.837168816000087, 65.807684637000079 ], [ 22.785166863000086, 65.864325262000079 ], [ 22.653005405000044, 65.908392645000049 ], [ 22.634287957000083, 65.905218817000048 ], [ 22.682139519000089, 65.871079820000034 ], [ 22.699717644000089, 65.803941148000035 ], [ 22.688731316000087, 65.775620835000041 ], [ 22.66374759200005, 65.757513739000046 ], [ 22.64812259200005, 65.755072333000044 ], [ 22.653005405000044, 65.778062242000033 ], [ 22.627940300000091, 65.790350653000075 ], [ 22.569834832000083, 65.796047268000052 ], [ 22.51148522200009, 65.774888414000031 ], [ 22.50554446700005, 65.783596096000053 ], [ 22.511566602000073, 65.794663804000038 ], [ 22.531993035000085, 65.809719143000052 ], [ 22.518402540000068, 65.822658596000053 ], [ 22.469899936000047, 65.84320709800005 ], [ 22.477305535000085, 65.85687897300005 ], [ 22.405528191000087, 65.86391836100006 ], [ 22.370127800000091, 65.861721096000053 ], [ 22.367442254000082, 65.84320709800005 ], [ 22.32593834700009, 65.836981512000079 ], [ 22.367442254000082, 65.809719143000052 ], [ 22.364512566000087, 65.797796942000048 ], [ 22.319102410000085, 65.802232164000031 ], [ 22.360606316000087, 65.761216539000031 ], [ 22.326019727000073, 65.735500393000052 ], [ 22.244639519000089, 65.760239976000037 ], [ 22.209239129000082, 65.761216539000031 ], [ 22.249847852000073, 65.735744533000059 ], [ 22.361827019000089, 65.71625397300005 ], [ 22.387950066000087, 65.67251211100006 ], [ 22.33961022200009, 65.665025132000039 ], [ 22.32943769600007, 65.689276434000078 ], [ 22.307871941000087, 65.700832424000055 ], [ 22.281504754000082, 65.70148346600007 ], [ 22.25757897200009, 65.693019924000055 ], [ 22.268077019000089, 65.681219794000071 ], [ 22.25757897200009, 65.665025132000039 ], [ 22.28492272200009, 65.631537177000041 ], [ 22.18921959700009, 65.624090887000079 ], [ 22.300629102000073, 65.611517645000049 ], [ 22.319102410000085, 65.631537177000041 ], [ 22.28492272200009, 65.665025132000039 ], [ 22.293142123000052, 65.673651434000078 ], [ 22.308604363000086, 65.66937897300005 ], [ 22.33334394600007, 65.651353257000039 ], [ 22.32593834700009, 65.645209052000041 ], [ 22.380381707000083, 65.634019273000035 ], [ 22.38453209700009, 65.627834377000056 ], [ 22.340098504000082, 65.612860419000071 ], [ 22.33334394600007, 65.604193427000041 ], [ 22.411387566000087, 65.579006252000056 ], [ 22.428965691000087, 65.548976955000057 ], [ 22.405284050000091, 65.541937567000048 ], [ 22.369883660000085, 65.56281159100007 ], [ 22.274912957000083, 65.587876695000034 ], [ 22.250743035000085, 65.583156643000052 ], [ 22.256602410000085, 65.569037177000041 ], [ 22.22828209700009, 65.572088934000078 ], [ 22.126475457000083, 65.603745835000041 ], [ 22.051280144000089, 65.617336330000057 ], [ 22.006195509000065, 65.641791083000044 ], [ 21.963877800000091, 65.646714585000041 ], [ 21.929860873000052, 65.663397528000075 ], [ 21.852793816000087, 65.678290106000077 ], [ 21.809580925000091, 65.710598049000055 ], [ 21.764170769000089, 65.727728583000044 ], [ 21.787771030000044, 65.686712958000044 ], [ 21.847911004000082, 65.660956122000073 ], [ 21.970225457000083, 65.631537177000041 ], [ 22.052744988000086, 65.597642320000034 ], [ 22.13257897200009, 65.578192450000074 ], [ 22.170095248000052, 65.55304596600007 ], [ 22.202972852000073, 65.548976955000057 ], [ 22.176931186000047, 65.539780992000033 ], [ 22.09310957100007, 65.535345770000049 ], [ 22.065928582000083, 65.51430898600006 ], [ 22.047618035000085, 65.524969794000071 ], [ 22.011241082000083, 65.517482815000051 ], [ 21.853526238000086, 65.535345770000049 ], [ 21.927907748000052, 65.489447333000044 ], [ 21.950368686000047, 65.494940497000073 ], [ 21.921722852000073, 65.508002020000049 ], [ 21.947113477000073, 65.509426174000055 ], [ 22.031586134000065, 65.467027085000041 ], [ 22.011729363000086, 65.432033596000053 ], [ 21.997569207000083, 65.42609284100007 ], [ 21.966075066000087, 65.433742580000057 ], [ 21.942230665000068, 65.453355210000041 ], [ 21.932302280000044, 65.441351630000042 ], [ 21.942230665000068, 65.411810614000046 ], [ 21.927744988000086, 65.404120184000078 ], [ 21.888519727000073, 65.40766022300005 ], [ 21.880869988000086, 65.418646552000041 ], [ 21.820974155000044, 65.40102773600006 ], [ 21.790212436000047, 65.400091864000046 ], [ 21.705902540000068, 65.414496161000045 ], [ 21.688324415000068, 65.412339585000041 ], [ 21.702647332000083, 65.398138739000046 ], [ 21.656097852000073, 65.397162177000041 ], [ 21.631114129000082, 65.400051174000055 ], [ 21.610036655000044, 65.418646552000041 ], [ 21.586680535000085, 65.418198960000041 ], [ 21.544444207000083, 65.411810614000046 ], [ 21.544444207000083, 65.405585028000075 ], [ 21.599619988000086, 65.398138739000046 ], [ 21.599619988000086, 65.391913153000075 ], [ 21.489105665000068, 65.393377997000073 ], [ 21.469981316000087, 65.377630927000041 ], [ 21.489756707000083, 65.370835679000038 ], [ 21.44890384200005, 65.357163804000038 ], [ 21.49154707100007, 65.34829336100006 ], [ 21.542979363000086, 65.318589585000041 ], [ 21.565684441000087, 65.31586334800005 ], [ 21.583994988000086, 65.32094961100006 ], [ 21.585948113000086, 65.336655992000033 ], [ 21.604746941000087, 65.333726304000038 ], [ 21.701670769000089, 65.285874742000033 ], [ 21.699229363000086, 65.271551825000074 ], [ 21.668142123000052, 65.252752997000073 ], [ 21.62281334700009, 65.240790106000077 ], [ 21.576996290000068, 65.238104559000078 ], [ 21.544444207000083, 65.247300523000035 ], [ 21.48959394600007, 65.305487372000073 ], [ 21.408946160000085, 65.333197333000044 ], [ 21.345550977000073, 65.372788804000038 ], [ 21.31226647200009, 65.370835679000038 ], [ 21.332774285000085, 65.363999742000033 ], [ 21.319509311000047, 65.351385809000078 ], [ 21.277842644000089, 65.350043036000045 ], [ 21.264414910000085, 65.336655992000033 ], [ 21.391368035000085, 65.321844794000071 ], [ 21.422129754000082, 65.308783270000049 ], [ 21.482269727000073, 65.260972398000035 ], [ 21.537608269000089, 65.230902411000045 ], [ 21.609873894000089, 65.168850002000056 ], [ 21.61882571700005, 65.148016669000071 ], [ 21.599864129000082, 65.139064846000053 ], [ 21.544444207000083, 65.137437242000033 ], [ 21.562836134000065, 65.12250397300005 ], [ 21.543793165000068, 65.083075262000079 ], [ 21.585948113000086, 65.069159247000073 ], [ 21.563161655000044, 65.061265367000033 ], [ 21.479258660000085, 65.062323309000078 ], [ 21.467051629000082, 65.055487372000073 ], [ 21.503428582000083, 65.021429755000042 ], [ 21.463145379000082, 65.007717190000051 ], [ 21.422129754000082, 65.014593817000048 ], [ 21.414805535000085, 65.000921942000048 ], [ 21.383148634000065, 64.986558335000041 ], [ 21.379405144000089, 64.977362372000073 ], [ 21.39421634200005, 64.966782945000034 ], [ 21.377777540000068, 64.960028387000079 ], [ 21.243418816000087, 64.953111070000034 ], [ 21.252207879000082, 64.932562567000048 ], [ 21.246836785000085, 64.921779690000051 ], [ 21.202403191000087, 64.898504950000074 ], [ 21.21257571700005, 64.871975002000056 ], [ 21.172699415000068, 64.853420315000051 ], [ 21.18132571700005, 64.835842190000051 ], [ 21.11304772200009, 64.822739976000037 ], [ 21.09734134200005, 64.827541408000059 ], [ 21.085215691000087, 64.857570705000057 ], [ 21.069102410000085, 64.860744533000059 ], [ 21.042002800000091, 64.846869208000044 ], [ 21.037364129000082, 64.832709052000041 ], [ 21.04232832100007, 64.819891669000071 ], [ 21.085215691000087, 64.809149481000077 ], [ 21.078949415000068, 64.794867255000042 ], [ 21.097178582000083, 64.785305080000057 ], [ 21.15398196700005, 64.781195380000042 ], [ 21.217539910000085, 64.789252020000049 ], [ 21.305837436000047, 64.768296617000033 ], [ 21.31226647200009, 64.753851630000042 ], [ 21.299489780000044, 64.748846747000073 ], [ 21.229177280000044, 64.747707424000055 ], [ 21.26726321700005, 64.717515367000033 ], [ 21.31226647200009, 64.699286200000074 ], [ 21.31226647200009, 64.692450262000079 ], [ 21.28874759200005, 64.686835028000075 ], [ 21.304942254000082, 64.665716864000046 ], [ 21.184825066000087, 64.706732489000046 ], [ 21.14389082100007, 64.732977606000077 ], [ 21.119883660000085, 64.729681708000044 ], [ 21.10914147200009, 64.716376044000071 ], [ 21.111175977000073, 64.699367580000057 ], [ 21.14039147200009, 64.671942450000074 ], [ 21.231944207000083, 64.661078192000048 ], [ 21.250254754000082, 64.64398834800005 ], [ 21.231700066000087, 64.642645575000074 ], [ 21.245127800000091, 64.622015692000048 ], [ 21.304942254000082, 64.610500393000052 ], [ 21.35328209700009, 64.569525458000044 ], [ 21.362803582000083, 64.572211005000042 ], [ 21.360118035000085, 64.582586981000077 ], [ 21.374034050000091, 64.607977606000077 ], [ 21.39421634200005, 64.603013414000031 ], [ 21.455577019000089, 64.562486070000034 ], [ 21.467295769000089, 64.58734772300005 ], [ 21.485606316000087, 64.58344147300005 ], [ 21.489756707000083, 64.555853583000044 ], [ 21.501231316000087, 64.544175523000035 ], [ 21.551931186000047, 64.534735419000071 ], [ 21.510996941000087, 64.52094147300005 ], [ 21.463145379000082, 64.548407294000071 ], [ 21.386566602000073, 64.521714585000041 ], [ 21.36459394600007, 64.541693427000041 ], [ 21.34734134200005, 64.531968492000033 ], [ 21.36695397200009, 64.52798086100006 ], [ 21.399180535000085, 64.505194403000075 ], [ 21.422536655000044, 64.514634507000039 ], [ 21.476084832000083, 64.514960028000075 ], [ 21.489756707000083, 64.487005927000041 ], [ 21.477712436000047, 64.471665757000039 ], [ 21.479665561000047, 64.460842190000051 ], [ 21.49195397200009, 64.454331773000035 ], [ 21.519867384000065, 64.45538971600007 ], [ 21.537608269000089, 64.472723700000074 ], [ 21.578623894000089, 64.465887762000079 ], [ 21.572438998000052, 64.480169989000046 ], [ 21.585948113000086, 64.480169989000046 ], [ 21.605316602000073, 64.465643622000073 ], [ 21.600108269000089, 64.442450262000079 ], [ 21.575205925000091, 64.441107489000046 ], [ 21.525726759000065, 64.421779690000051 ], [ 21.457286004000082, 64.371649481000077 ], [ 21.373220248000052, 64.33038971600007 ], [ 21.318532748000052, 64.364081122000073 ], [ 21.324229363000086, 64.346625067000048 ], [ 21.318532748000052, 64.329331773000035 ], [ 21.332774285000085, 64.315008856000077 ], [ 21.287771030000044, 64.302313544000071 ], [ 21.24390709700009, 64.307074286000045 ], [ 21.117035352000073, 64.221136786000045 ], [ 21.078949415000068, 64.22687409100007 ], [ 21.04468834700009, 64.191555080000057 ], [ 20.96656334700009, 64.149400132000039 ], [ 20.948496941000087, 64.130072333000044 ], [ 20.960785352000073, 64.112860419000071 ], [ 20.954274936000047, 64.094794012000079 ], [ 20.912364129000082, 64.052923895000049 ], [ 20.90756269600007, 64.035101630000042 ], [ 20.914398634000065, 64.024237372000073 ], [ 20.901377800000091, 64.014064846000053 ], [ 20.896983269000089, 63.983710028000075 ], [ 20.84148196700005, 63.959418036000045 ], [ 20.824961785000085, 63.944728908000059 ], [ 20.777191602000073, 63.869370835000041 ], [ 20.729340040000068, 63.849554755000042 ], [ 20.674815300000091, 63.842718817000048 ], [ 20.669932488000086, 63.829087632000039 ], [ 20.677907748000052, 63.82257721600007 ], [ 20.708994988000086, 63.822211005000042 ], [ 20.674652540000068, 63.789252020000049 ], [ 20.643077019000089, 63.814520575000074 ], [ 20.61264082100007, 63.822211005000042 ], [ 20.564952019000089, 63.798325914000031 ], [ 20.561778191000087, 63.785223700000074 ], [ 20.54265384200005, 63.775336005000042 ], [ 20.53093509200005, 63.781236070000034 ], [ 20.540863477000073, 63.791693427000041 ], [ 20.53874759200005, 63.800767320000034 ], [ 20.503428582000083, 63.822007554000038 ], [ 20.455821160000085, 63.772202867000033 ], [ 20.43685957100007, 63.76117584800005 ], [ 20.413584832000083, 63.767564195000034 ], [ 20.421071811000047, 63.71234772300005 ], [ 20.39429772200009, 63.68109772300005 ], [ 20.36491946700005, 63.680731512000079 ], [ 20.354746941000087, 63.689154364000046 ], [ 20.361664259000065, 63.725490627000056 ], [ 20.338877800000091, 63.750148830000057 ], [ 20.325450066000087, 63.753973700000074 ], [ 20.316661004000082, 63.740057684000078 ], [ 20.31812584700009, 63.679022528000075 ], [ 20.30795332100007, 63.654364325000074 ], [ 20.295176629000082, 63.652248440000051 ], [ 20.267588738000086, 63.670599677000041 ], [ 20.286631707000083, 63.720770575000074 ], [ 20.284434441000087, 63.732855536000045 ], [ 20.246104363000086, 63.698228257000039 ], [ 20.23601321700005, 63.673570054000038 ], [ 20.242849155000044, 63.650864976000037 ], [ 20.153493686000047, 63.650864976000037 ], [ 20.119883660000085, 63.642482815000051 ], [ 20.092051629000082, 63.664536851000037 ], [ 20.03451582100007, 63.656805731000077 ], [ 20.01107832100007, 63.634100653000075 ], [ 20.030528191000087, 63.602484442000048 ], [ 19.937754754000082, 63.619859117000033 ], [ 19.886973504000082, 63.603094794000071 ], [ 19.864431186000047, 63.573187567000048 ], [ 19.753184441000087, 63.524318752000056 ], [ 19.750336134000065, 63.514227606000077 ], [ 19.766856316000087, 63.487616278000075 ], [ 19.76889082100007, 63.460760809000078 ], [ 19.687347852000073, 63.431341864000046 ], [ 19.639496290000068, 63.444891669000071 ], [ 19.637054884000065, 63.478338934000078 ], [ 19.61296634200005, 63.485825914000031 ], [ 19.619151238000086, 63.500067450000074 ], [ 19.578623894000089, 63.521185614000046 ], [ 19.526377800000091, 63.530503648000035 ], [ 19.470225457000083, 63.561468817000048 ], [ 19.446299675000091, 63.56085846600007 ], [ 19.420420769000089, 63.548529364000046 ], [ 19.468760613000086, 63.534247137000079 ], [ 19.454600457000083, 63.508937893000052 ], [ 19.523448113000086, 63.485825914000031 ], [ 19.461436394000089, 63.468939520000049 ], [ 19.511729363000086, 63.433335679000038 ], [ 19.516612175000091, 63.414740302000041 ], [ 19.507985873000052, 63.411851304000038 ], [ 19.454600457000083, 63.431219794000071 ], [ 19.372569207000083, 63.479559637000079 ], [ 19.346202019000089, 63.485907294000071 ], [ 19.345225457000083, 63.477606512000079 ], [ 19.372569207000083, 63.444891669000071 ], [ 19.351410352000073, 63.440008856000077 ], [ 19.293223504000082, 63.466538804000038 ], [ 19.280772332000083, 63.459418036000045 ], [ 19.276133660000085, 63.442694403000075 ], [ 19.269541863000086, 63.342474677000041 ], [ 19.259287957000083, 63.329046942000048 ], [ 19.233653191000087, 63.325669664000031 ], [ 19.229258660000085, 63.342474677000041 ], [ 19.207530144000089, 63.326117255000042 ], [ 19.133067254000082, 63.308294989000046 ], [ 19.153493686000047, 63.294012762000079 ], [ 19.111989780000044, 63.253078518000052 ], [ 19.133067254000082, 63.253078518000052 ], [ 19.116709832000083, 63.23663971600007 ], [ 19.097178582000083, 63.237860419000071 ], [ 19.057383660000085, 63.260484117000033 ], [ 19.039886915000068, 63.238959052000041 ], [ 19.05640709700009, 63.226507880000042 ], [ 19.111989780000044, 63.219549872000073 ], [ 19.104177280000044, 63.207831122000073 ], [ 19.067881707000083, 63.202134507000039 ], [ 19.052744988000086, 63.178859768000052 ], [ 19.03679446700005, 63.177923895000049 ], [ 18.961761915000068, 63.225775458000044 ], [ 18.96656334700009, 63.23891836100006 ], [ 18.906748894000089, 63.267075914000031 ], [ 18.872894727000073, 63.269191799000055 ], [ 18.879161004000082, 63.253078518000052 ], [ 18.866058790000068, 63.249904690000051 ], [ 18.81031334700009, 63.260484117000033 ], [ 18.751149936000047, 63.259466864000046 ], [ 18.735199415000068, 63.253078518000052 ], [ 18.75562584700009, 63.242743231000077 ], [ 18.913340691000087, 63.212062893000052 ], [ 18.894379102000073, 63.197821356000077 ], [ 18.86264082100007, 63.19204336100006 ], [ 18.79664147200009, 63.191595770000049 ], [ 18.803477410000085, 63.177923895000049 ], [ 18.77312259200005, 63.168768622000073 ], [ 18.760427280000044, 63.177557684000078 ], [ 18.752940300000091, 63.20766836100006 ], [ 18.82390384200005, 63.212062893000052 ], [ 18.82390384200005, 63.219549872000073 ], [ 18.729014519000089, 63.232001044000071 ], [ 18.700450066000087, 63.225775458000044 ], [ 18.714121941000087, 63.219224351000037 ], [ 18.75562584700009, 63.157456773000035 ], [ 18.611338738000086, 63.178900458000044 ], [ 18.564463738000086, 63.177923895000049 ], [ 18.564463738000086, 63.171128648000035 ], [ 18.608653191000087, 63.165350653000075 ], [ 18.643077019000089, 63.146918036000045 ], [ 18.657074415000068, 63.123724677000041 ], [ 18.654633009000065, 63.113714911000045 ], [ 18.639659050000091, 63.10968659100007 ], [ 18.578623894000089, 63.124497789000031 ], [ 18.556976759000065, 63.116522528000075 ], [ 18.53842207100007, 63.084662177000041 ], [ 18.522959832000083, 63.075506903000075 ], [ 18.556976759000065, 63.075506903000075 ], [ 18.499034050000091, 63.055080471000053 ], [ 18.47820071700005, 63.020249742000033 ], [ 18.434092644000089, 63.047552802000041 ], [ 18.403819207000083, 63.055650132000039 ], [ 18.372080925000091, 63.047552802000041 ], [ 18.421885613000086, 63.026922919000071 ], [ 18.434092644000089, 63.014105536000045 ], [ 18.368337436000047, 63.020249742000033 ], [ 18.34310957100007, 63.039536851000037 ], [ 18.339121941000087, 63.025580145000049 ], [ 18.324229363000086, 63.014105536000045 ], [ 18.241709832000083, 62.999823309000078 ], [ 18.266449415000068, 62.990301825000074 ], [ 18.524424675000091, 62.991888739000046 ], [ 18.570648634000065, 62.973089911000045 ], [ 18.576670769000089, 62.958400783000059 ], [ 18.56804446700005, 62.95343659100007 ], [ 18.536631707000083, 62.973089911000045 ], [ 18.528086785000085, 62.953802802000041 ], [ 18.504893425000091, 62.949204820000034 ], [ 18.418142123000052, 62.969305731000077 ], [ 18.403330925000091, 62.964829820000034 ], [ 18.392588738000086, 62.945217190000051 ], [ 18.439626498000052, 62.928168036000045 ], [ 18.510996941000087, 62.932440497000073 ], [ 18.522959832000083, 62.924750067000048 ], [ 18.512543165000068, 62.904120184000078 ], [ 18.40007571700005, 62.911078192000048 ], [ 18.415049675000091, 62.897162177000041 ], [ 18.463389519000089, 62.887600002000056 ], [ 18.474457227000073, 62.876898505000042 ], [ 18.46257571700005, 62.861151434000078 ], [ 18.366384311000047, 62.83624909100007 ], [ 18.324229363000086, 62.841538804000038 ], [ 18.316905144000089, 62.85578034100007 ], [ 18.284434441000087, 62.876288153000075 ], [ 18.248545769000089, 62.883734442000048 ], [ 18.255381707000083, 62.86945221600007 ], [ 18.207041863000086, 62.86945221600007 ], [ 18.220225457000083, 62.852280992000033 ], [ 18.207041863000086, 62.835353908000059 ], [ 18.229258660000085, 62.82953522300005 ], [ 18.262217644000089, 62.84829336100006 ], [ 18.282725457000083, 62.841538804000038 ], [ 18.243662957000083, 62.799017645000049 ], [ 18.19507897200009, 62.777411200000074 ], [ 18.182871941000087, 62.789984442000048 ], [ 18.20085696700005, 62.808010158000059 ], [ 18.186289910000085, 62.811672268000052 ], [ 18.159190300000091, 62.780096747000073 ], [ 18.140472852000073, 62.771918036000045 ], [ 18.077321811000047, 62.773871161000045 ], [ 18.084727410000085, 62.786932684000078 ], [ 18.068369988000086, 62.793890692000048 ], [ 18.008962436000047, 62.79437897300005 ], [ 18.034027540000068, 62.811468817000048 ], [ 18.121429884000065, 62.805812893000052 ], [ 18.14616946700005, 62.822251695000034 ], [ 18.084320509000065, 62.83734772300005 ], [ 18.071055535000085, 62.848944403000075 ], [ 18.077321811000047, 62.85578034100007 ], [ 18.020274285000085, 62.84125397300005 ], [ 17.967784050000091, 62.807806708000044 ], [ 17.93531334700009, 62.81704336100006 ], [ 17.924327019000089, 62.831122137000079 ], [ 17.926442905000044, 62.866359768000052 ], [ 17.912771030000044, 62.883734442000048 ], [ 17.926442905000044, 62.900539455000057 ], [ 17.921397332000083, 62.915716864000046 ], [ 17.87867272200009, 62.911078192000048 ], [ 17.854502800000091, 62.955145575000074 ], [ 17.809743686000047, 62.979315497000073 ], [ 17.830821160000085, 62.999823309000078 ], [ 17.761973504000082, 62.979315497000073 ], [ 17.710785352000073, 62.998236395000049 ], [ 17.693614129000082, 62.99359772300005 ], [ 17.817556186000047, 62.942328192000048 ], [ 17.847666863000086, 62.921291408000059 ], [ 17.889659050000091, 62.870184637000079 ], [ 17.901866082000083, 62.83930084800005 ], [ 17.885508660000085, 62.814846096000053 ], [ 17.95679772200009, 62.782538153000075 ], [ 17.954925977000073, 62.763332424000055 ], [ 17.995371941000087, 62.727728583000044 ], [ 18.002696160000085, 62.708970445000034 ], [ 17.990896030000044, 62.680812893000052 ], [ 17.993418816000087, 62.659898179000038 ], [ 17.974864129000082, 62.657171942000048 ], [ 17.933604363000086, 62.670843817000048 ], [ 17.871836785000085, 62.670843817000048 ], [ 17.891612175000091, 62.658026434000078 ], [ 18.043223504000082, 62.626166083000044 ], [ 18.047699415000068, 62.606634833000044 ], [ 18.06421959700009, 62.595770575000074 ], [ 17.968272332000083, 62.560492255000042 ], [ 17.953379754000082, 62.611761786000045 ], [ 17.937022332000083, 62.615627346000053 ], [ 17.925791863000086, 62.604722398000035 ], [ 17.909353061000047, 62.549383856000077 ], [ 17.87867272200009, 62.541083075000074 ], [ 17.892832879000082, 62.527492580000057 ], [ 17.84310957100007, 62.48969147300005 ], [ 17.823496941000087, 62.485825914000031 ], [ 17.786143425000091, 62.505764065000051 ], [ 17.734629754000082, 62.505764065000051 ], [ 17.69304446700005, 62.497748114000046 ], [ 17.658946160000085, 62.478420315000051 ], [ 17.659678582000083, 62.461371161000045 ], [ 17.696055535000085, 62.450588283000059 ], [ 17.707367384000065, 62.437445380000042 ], [ 17.561778191000087, 62.443752346000053 ], [ 17.426768425000091, 62.541083075000074 ], [ 17.406097852000073, 62.535589911000045 ], [ 17.395518425000091, 62.511297919000071 ], [ 17.34148196700005, 62.498114325000074 ], [ 17.330821160000085, 62.48773834800005 ], [ 17.330577019000089, 62.472235419000071 ], [ 17.377452019000089, 62.43390534100007 ], [ 17.378428582000083, 62.41079336100006 ], [ 17.337412957000083, 62.403957424000055 ], [ 17.360524936000047, 62.389593817000048 ], [ 17.366465691000087, 62.378892320000034 ], [ 17.360036655000044, 62.355658270000049 ], [ 17.38062584700009, 62.33266836100006 ], [ 17.437836134000065, 62.330267645000049 ], [ 17.454112175000091, 62.321437893000052 ], [ 17.488291863000086, 62.286607164000031 ], [ 17.488291863000086, 62.280462958000044 ], [ 17.460215691000087, 62.273016669000071 ], [ 17.54656009200005, 62.249090887000079 ], [ 17.59937584700009, 62.249579169000071 ], [ 17.652679884000065, 62.232001044000071 ], [ 17.544444207000083, 62.201605536000045 ], [ 17.541758660000085, 62.206366278000075 ], [ 17.569509311000047, 62.232001044000071 ], [ 17.53492272200009, 62.23501211100006 ], [ 17.508636915000068, 62.218410549000055 ], [ 17.508636915000068, 62.163763739000046 ], [ 17.474457227000073, 62.116603908000059 ], [ 17.473155144000089, 62.084662177000041 ], [ 17.447276238000086, 62.068182684000078 ], [ 17.469004754000082, 62.062160549000055 ], [ 17.426117384000065, 62.026556708000044 ], [ 17.460459832000083, 62.003322658000059 ], [ 17.392100457000083, 61.992417710000041 ], [ 17.385996941000087, 61.961981512000079 ], [ 17.354746941000087, 61.955308335000041 ], [ 17.344574415000068, 61.936672268000052 ], [ 17.348155144000089, 61.91156647300005 ], [ 17.36459394600007, 61.886297919000071 ], [ 17.34351647200009, 61.871283270000049 ], [ 17.342621290000068, 61.855658270000049 ], [ 17.353770379000082, 61.847316799000055 ], [ 17.337412957000083, 61.82367584800005 ], [ 17.353688998000052, 61.814032294000071 ], [ 17.40560957100007, 61.821112372000073 ], [ 17.392914259000065, 61.805243231000077 ], [ 17.371592644000089, 61.800604559000078 ], [ 17.371592644000089, 61.793158270000049 ], [ 17.38835696700005, 61.788316148000035 ], [ 17.385915561000047, 61.746039130000042 ], [ 17.399180535000085, 61.722357489000046 ], [ 17.483083530000044, 61.734564520000049 ], [ 17.514170769000089, 61.713812567000048 ], [ 17.520030144000089, 61.691229559000078 ], [ 17.496348504000082, 61.63507721600007 ], [ 17.461599155000044, 61.629624742000033 ], [ 17.432871941000087, 61.639390367000033 ], [ 17.362315300000091, 61.709133205000057 ], [ 17.330577019000089, 61.718085028000075 ], [ 17.35092207100007, 61.677150783000059 ], [ 17.313161655000044, 61.68195221600007 ], [ 17.299815300000091, 61.689927476000037 ], [ 17.303233269000089, 61.705064195000034 ], [ 17.266612175000091, 61.721625067000048 ], [ 17.13803144600007, 61.725531317000048 ], [ 17.150401238000086, 61.71430084800005 ], [ 17.199961785000085, 61.71124909100007 ], [ 17.268565300000091, 61.690822658000059 ], [ 17.259776238000086, 61.67413971600007 ], [ 17.228688998000052, 61.663072007000039 ], [ 17.166188998000052, 61.656683661000045 ], [ 17.166188998000052, 61.64984772300005 ], [ 17.193369988000086, 61.642320054000038 ], [ 17.164805535000085, 61.636419989000046 ], [ 17.11890709700009, 61.645819403000075 ], [ 17.097178582000083, 61.636135158000059 ], [ 17.225596550000091, 61.622015692000048 ], [ 17.247894727000073, 61.60883209800005 ], [ 17.22592207100007, 61.602850653000075 ], [ 17.150726759000065, 61.617905992000033 ], [ 17.083506707000083, 61.615668036000045 ], [ 17.083506707000083, 61.60883209800005 ], [ 17.134938998000052, 61.605943101000037 ], [ 17.145681186000047, 61.595200914000031 ], [ 17.05632571700005, 61.582180080000057 ], [ 17.082367384000065, 61.571275132000039 ], [ 17.186534050000091, 61.561021226000037 ], [ 17.186534050000091, 61.554185289000031 ], [ 17.090342644000089, 61.556057033000059 ], [ 17.080088738000086, 61.550482489000046 ], [ 17.166188998000052, 61.526922919000071 ], [ 17.166188998000052, 61.519476630000042 ], [ 17.124522332000083, 61.519476630000042 ], [ 17.124522332000083, 61.513251044000071 ], [ 17.172373894000089, 61.498968817000048 ], [ 17.177012566000087, 61.486883856000077 ], [ 17.151866082000083, 61.464829820000034 ], [ 17.16928144600007, 61.441107489000046 ], [ 17.192556186000047, 61.436997789000031 ], [ 17.204112175000091, 61.448228257000039 ], [ 17.22038821700005, 61.447984117000033 ], [ 17.217051629000082, 61.43390534100007 ], [ 17.166188998000052, 61.416408596000053 ], [ 17.136566602000073, 61.437079169000071 ], [ 17.127614780000044, 61.41828034100007 ], [ 17.108409050000091, 61.409369208000044 ], [ 17.104014519000089, 61.399359442000048 ], [ 17.13803144600007, 61.369289455000057 ], [ 17.200205925000091, 61.348130601000037 ], [ 17.201833530000044, 61.337103583000044 ], [ 17.276052280000044, 61.314032294000071 ], [ 17.213715040000068, 61.313421942000048 ], [ 17.151866082000083, 61.328314520000049 ], [ 17.166270379000082, 61.308417059000078 ], [ 17.247894727000073, 61.287298895000049 ], [ 17.205088738000086, 61.28851959800005 ], [ 17.135101759000065, 61.316107489000046 ], [ 17.097178582000083, 61.320868231000077 ], [ 17.097178582000083, 61.314032294000071 ], [ 17.180349155000044, 61.27602773600006 ], [ 17.200205925000091, 61.259426174000055 ], [ 17.212738477000073, 61.235296942000048 ], [ 17.170909050000091, 61.220038153000075 ], [ 17.151866082000083, 61.204169012000079 ], [ 17.186534050000091, 61.191107489000046 ], [ 17.181651238000086, 61.165961005000042 ], [ 17.158702019000089, 61.149562893000052 ], [ 17.178965691000087, 61.135972398000035 ], [ 17.182790561000047, 61.123236395000049 ], [ 17.171397332000083, 61.115057684000078 ], [ 17.145681186000047, 61.114732164000031 ], [ 17.193369988000086, 61.108587958000044 ], [ 17.199880405000044, 61.095892645000049 ], [ 17.181162957000083, 61.083685614000046 ], [ 17.168711785000085, 61.059312242000033 ], [ 17.166188998000052, 61.046535549000055 ], [ 17.186534050000091, 61.032863674000055 ], [ 17.158702019000089, 61.01984284100007 ], [ 17.235850457000083, 61.022284247000073 ], [ 17.247894727000073, 61.01235586100006 ], [ 17.188243035000085, 61.004584052000041 ], [ 17.16773522200009, 60.992173570000034 ], [ 17.158213738000086, 60.948431708000044 ], [ 17.205088738000086, 60.93390534100007 ], [ 17.202403191000087, 60.921535549000055 ], [ 17.216807488000086, 60.899359442000048 ], [ 17.232920769000089, 60.90460846600007 ], [ 17.246267123000052, 60.898016669000071 ], [ 17.282237175000091, 60.841009833000044 ], [ 17.258067254000082, 60.832749742000033 ], [ 17.259287957000083, 60.815659898000035 ], [ 17.282237175000091, 60.81313711100006 ], [ 17.283050977000073, 60.781154690000051 ], [ 17.33570397200009, 60.766913153000075 ], [ 17.311534050000091, 60.745266018000052 ], [ 17.19117272200009, 60.701727606000077 ], [ 17.186696811000047, 60.692368882000039 ], [ 17.257985873000052, 60.694403387000079 ], [ 17.278005405000044, 60.679877020000049 ], [ 17.36459394600007, 60.649237372000073 ], [ 17.323741082000083, 60.635646877000056 ], [ 17.323741082000083, 60.628729559000078 ], [ 17.33952884200005, 60.622992255000042 ], [ 17.38021894600007, 60.624416408000059 ], [ 17.41382897200009, 60.637925523000035 ], [ 17.574961785000085, 60.64789459800005 ], [ 17.658946160000085, 60.608303127000056 ], [ 17.603770379000082, 60.584133205000057 ], [ 17.638194207000083, 60.515448309000078 ], [ 17.670583530000044, 60.504095770000049 ], [ 17.741465691000087, 60.498439846000053 ], [ 17.727061394000089, 60.534735419000071 ], [ 17.762217644000089, 60.563299872000073 ], [ 17.81609134200005, 60.585272528000075 ], [ 17.918630405000044, 60.600165106000077 ], [ 17.948741082000083, 60.599188544000071 ], [ 17.974864129000082, 60.587836005000042 ], [ 17.995371941000087, 60.55304596600007 ], [ 17.98764082100007, 60.530747789000031 ], [ 17.967458530000044, 60.518947658000059 ], [ 17.967458530000044, 60.512111721000053 ], [ 18.018321160000085, 60.50226471600007 ], [ 18.098399285000085, 60.464911200000074 ], [ 18.111989780000044, 60.43695709800005 ], [ 18.143321160000085, 60.413560289000031 ], [ 18.178721550000091, 60.398911851000037 ], [ 18.262217644000089, 60.382391669000071 ], [ 18.207041863000086, 60.355047919000071 ], [ 18.207041863000086, 60.347601630000042 ], [ 18.234873894000089, 60.327093817000048 ], [ 18.296397332000083, 60.355047919000071 ], [ 18.427989129000082, 60.348781643000052 ], [ 18.447764519000089, 60.341376044000071 ], [ 18.447764519000089, 60.313462632000039 ], [ 18.474457227000073, 60.299790757000039 ], [ 18.474457227000073, 60.292954820000034 ], [ 18.426768425000091, 60.286200262000079 ], [ 18.565440300000091, 60.259344794000071 ], [ 18.60482832100007, 60.238348700000074 ], [ 18.563731316000087, 60.227606512000079 ], [ 18.400563998000052, 60.259588934000078 ], [ 18.316905144000089, 60.32094961100006 ], [ 18.330902540000068, 60.285711981000077 ], [ 18.447764519000089, 60.211086330000057 ], [ 18.430674675000091, 60.210353908000059 ], [ 18.392588738000086, 60.232163804000038 ], [ 18.399668816000087, 60.207831122000073 ], [ 18.419932488000086, 60.193508205000057 ], [ 18.506114129000082, 60.155747789000031 ], [ 18.53492272200009, 60.158880927000041 ], [ 18.54851321700005, 60.17413971600007 ], [ 18.55014082100007, 60.129095770000049 ], [ 18.578135613000086, 60.073919989000046 ], [ 18.589854363000086, 60.088853257000039 ], [ 18.590830925000091, 60.108303127000056 ], [ 18.578135613000086, 60.142157294000071 ], [ 18.651377800000091, 60.148260809000078 ], [ 18.685720248000052, 60.130804755000042 ], [ 18.720713738000086, 60.126044012000079 ], [ 18.735199415000068, 60.114813544000071 ], [ 18.745127800000091, 60.049709377000056 ], [ 18.79664147200009, 60.004950262000079 ], [ 18.753103061000047, 60.082180080000057 ], [ 18.765879754000082, 60.111070054000038 ], [ 18.803477410000085, 60.121649481000077 ], [ 18.816905144000089, 60.117580471000053 ], [ 18.824473504000082, 60.068304755000042 ], [ 18.903086785000085, 59.947211005000042 ], [ 18.922129754000082, 59.934312242000033 ], [ 19.00554446700005, 59.911810614000046 ], [ 19.00953209700009, 59.896307684000078 ], [ 19.032074415000068, 59.88149648600006 ], [ 19.043630405000044, 59.882066148000035 ], [ 19.03679446700005, 59.902533270000049 ], [ 19.07162519600007, 59.896307684000078 ], [ 19.067881707000083, 59.833685614000046 ], [ 19.034678582000083, 59.835028387000079 ], [ 18.916758660000085, 59.921291408000059 ], [ 18.885996941000087, 59.929877020000049 ], [ 18.930674675000091, 59.885484117000033 ], [ 18.93531334700009, 59.868475653000075 ], [ 18.924082879000082, 59.852280992000033 ], [ 18.861582879000082, 59.80304596600007 ], [ 18.820811394000089, 59.792669989000046 ], [ 18.754567905000044, 59.791164455000057 ], [ 18.738617384000065, 59.782782294000071 ], [ 18.733897332000083, 59.768784898000035 ], [ 18.789805535000085, 59.779038804000038 ], [ 19.042002800000091, 59.784979559000078 ], [ 19.085215691000087, 59.772202867000033 ], [ 19.074473504000082, 59.749701239000046 ], [ 19.035980665000068, 59.728501695000034 ], [ 18.95679772200009, 59.719224351000037 ], [ 18.941254102000073, 59.723822333000044 ], [ 18.913340691000087, 59.751776434000078 ], [ 18.879893425000091, 59.721584377000056 ], [ 18.781260613000086, 59.701564846000053 ], [ 18.757823113000086, 59.691066799000055 ], [ 18.75562584700009, 59.676662502000056 ], [ 18.714121941000087, 59.673244533000059 ], [ 18.708506707000083, 59.657456773000035 ], [ 18.693614129000082, 59.649359442000048 ], [ 18.742035352000073, 59.649359442000048 ], [ 18.735606316000087, 59.641506252000056 ], [ 18.700450066000087, 59.62140534100007 ], [ 18.660004102000073, 59.635687567000048 ], [ 18.686534050000091, 59.60578034100007 ], [ 18.63998457100007, 59.583644924000055 ], [ 18.59734134200005, 59.574042059000078 ], [ 18.54070071700005, 59.545843817000048 ], [ 18.48406009200005, 59.534409898000035 ], [ 18.379649285000085, 59.476385809000078 ], [ 18.269053582000083, 59.477443752000056 ], [ 18.269053582000083, 59.470607815000051 ], [ 18.303233269000089, 59.456976630000042 ], [ 18.248545769000089, 59.450100002000056 ], [ 18.282725457000083, 59.436428127000056 ], [ 18.276866082000083, 59.422552802000041 ], [ 18.293142123000052, 59.414048570000034 ], [ 18.337901238000086, 59.40851471600007 ], [ 18.307302280000044, 59.39679596600007 ], [ 18.188487175000091, 59.407416083000044 ], [ 18.159190300000091, 59.42218659100007 ], [ 18.182871941000087, 59.42804596600007 ], [ 18.207041863000086, 59.42218659100007 ], [ 18.199473504000082, 59.450873114000046 ], [ 18.18140709700009, 59.458197333000044 ], [ 18.145518425000091, 59.443833726000037 ], [ 18.113291863000086, 59.454657294000071 ], [ 18.084483269000089, 59.438950914000031 ], [ 18.098399285000085, 59.40851471600007 ], [ 18.065440300000091, 59.397162177000041 ], [ 18.008962436000047, 59.40851471600007 ], [ 18.14616946700005, 59.340236721000053 ], [ 18.09506269600007, 59.338405666000085 ], [ 18.095144076000054, 59.32680898600006 ], [ 18.172862175000091, 59.326564846000053 ], [ 18.19662519600007, 59.334173895000049 ], [ 18.220550977000073, 59.31976959800005 ], [ 18.254730665000068, 59.362779039000031 ], [ 18.31812584700009, 59.375921942000048 ], [ 18.389659050000091, 59.36945221600007 ], [ 18.447764519000089, 59.353908596000053 ], [ 18.426768425000091, 59.340236721000053 ], [ 18.47006269600007, 59.337103583000044 ], [ 18.481944207000083, 59.347723700000074 ], [ 18.447764519000089, 59.395453192000048 ], [ 18.495616082000083, 59.395453192000048 ], [ 18.437510613000086, 59.419256903000075 ], [ 18.426768425000091, 59.436428127000056 ], [ 18.484629754000082, 59.43423086100006 ], [ 18.536631707000083, 59.415961005000042 ], [ 18.543955925000091, 59.395453192000048 ], [ 18.612315300000091, 59.374945380000042 ], [ 18.600840691000087, 59.362494208000044 ], [ 18.543955925000091, 59.368150132000039 ], [ 18.63257897200009, 59.346909898000035 ], [ 18.646494988000086, 59.330267645000049 ], [ 18.638926629000082, 59.31509023600006 ], [ 18.619802280000044, 59.308294989000046 ], [ 18.51929772200009, 59.29828522300005 ], [ 18.461192254000082, 59.312445380000042 ], [ 18.364431186000047, 59.306586005000042 ], [ 18.337901238000086, 59.312933661000045 ], [ 18.344737175000091, 59.334051825000074 ], [ 18.291270379000082, 59.322699286000045 ], [ 18.275889519000089, 59.312933661000045 ], [ 18.30014082100007, 59.301336981000077 ], [ 18.316905144000089, 59.27875397300005 ], [ 18.283050977000073, 59.278998114000046 ], [ 18.272959832000083, 59.274237372000073 ], [ 18.279307488000086, 59.261704820000034 ], [ 18.361175977000073, 59.240790106000077 ], [ 18.412282748000052, 59.215033270000049 ], [ 18.426768425000091, 59.196844794000071 ], [ 18.33570397200009, 59.235907294000071 ], [ 18.313731316000087, 59.234076239000046 ], [ 18.313487175000091, 59.22211334800005 ], [ 18.365244988000086, 59.209906317000048 ], [ 18.387054884000065, 59.183091539000031 ], [ 18.406260613000086, 59.189398505000042 ], [ 18.392588738000086, 59.168890692000048 ], [ 18.429698113000086, 59.174627997000073 ], [ 18.434092644000089, 59.165228583000044 ], [ 18.424164259000065, 59.143947658000059 ], [ 18.343760613000086, 59.141750393000052 ], [ 18.290212436000047, 59.12055084800005 ], [ 18.311371290000068, 59.120998440000051 ], [ 18.324229363000086, 59.108099677000041 ], [ 18.20085696700005, 59.080755927000041 ], [ 18.255381707000083, 59.101263739000046 ], [ 18.241709832000083, 59.108099677000041 ], [ 18.255381707000083, 59.12055084800005 ], [ 18.223643425000091, 59.119533596000053 ], [ 18.18523196700005, 59.099310614000046 ], [ 18.138682488000086, 59.093817450000074 ], [ 18.096202019000089, 59.058335679000038 ], [ 18.043223504000082, 59.059719143000052 ], [ 18.05054772200009, 59.038560289000031 ], [ 18.013682488000086, 59.044907945000034 ], [ 18.002696160000085, 59.038560289000031 ], [ 18.018565300000091, 59.02289459800005 ], [ 17.961192254000082, 58.963446356000077 ], [ 17.970550977000073, 58.935980536000045 ], [ 17.961192254000082, 58.92251211100006 ], [ 17.930674675000091, 58.910060940000051 ], [ 17.899668816000087, 58.915716864000046 ], [ 17.892832879000082, 58.861029364000046 ], [ 17.869395379000082, 58.877020575000074 ], [ 17.865244988000086, 58.888820705000057 ], [ 17.871836785000085, 58.902044989000046 ], [ 17.861175977000073, 58.919094143000052 ], [ 17.814707879000082, 58.928208726000037 ], [ 17.773610873000052, 58.960679429000038 ], [ 17.787364129000082, 58.925523179000038 ], [ 17.803477410000085, 58.908270575000074 ], [ 17.786306186000047, 58.88422272300005 ], [ 17.774424675000091, 58.886216539000031 ], [ 17.78296959700009, 58.915716864000046 ], [ 17.749278191000087, 58.923814195000034 ], [ 17.751963738000086, 58.965073960000041 ], [ 17.741465691000087, 58.983954169000071 ], [ 17.755707227000073, 59.006333726000037 ], [ 17.756114129000082, 59.085191148000035 ], [ 17.768809441000087, 59.12055084800005 ], [ 17.758148634000065, 59.125921942000048 ], [ 17.732758009000065, 59.114447333000044 ], [ 17.721202019000089, 59.058986721000053 ], [ 17.710459832000083, 59.052801825000074 ], [ 17.66578209700009, 59.080755927000041 ], [ 17.693614129000082, 59.131415106000077 ], [ 17.680918816000087, 59.153387762000079 ], [ 17.658946160000085, 59.168890692000048 ], [ 17.673106316000087, 59.134751695000034 ], [ 17.647471550000091, 59.10805898600006 ], [ 17.61109459700009, 59.093817450000074 ], [ 17.62045332100007, 59.07257721600007 ], [ 17.614512566000087, 59.032131252000056 ], [ 17.631602410000085, 59.018133856000077 ], [ 17.60710696700005, 58.965969143000052 ], [ 17.597504102000073, 58.970892645000049 ], [ 17.576914910000085, 58.956691799000055 ], [ 17.61109459700009, 58.943019924000055 ], [ 17.60124759200005, 58.927801825000074 ], [ 17.62671959700009, 58.917792059000078 ], [ 17.617930535000085, 58.902044989000046 ], [ 17.59896894600007, 58.894110419000071 ], [ 17.535980665000068, 58.902044989000046 ], [ 17.590668165000068, 58.861029364000046 ], [ 17.569509311000047, 58.861029364000046 ], [ 17.58375084700009, 58.853583075000074 ], [ 17.555674675000091, 58.85415273600006 ], [ 17.447276238000086, 58.895209052000041 ], [ 17.469086134000065, 58.870428778000075 ], [ 17.449961785000085, 58.81586334800005 ], [ 17.488291863000086, 58.799627997000073 ], [ 17.459727410000085, 58.791449286000045 ], [ 17.337412957000083, 58.806463934000078 ], [ 17.371592644000089, 58.778998114000046 ], [ 17.376800977000073, 58.764390367000033 ], [ 17.357758009000065, 58.751166083000044 ], [ 17.276052280000044, 58.748846747000073 ], [ 17.276052280000044, 58.730698960000041 ], [ 17.162364129000082, 58.732001044000071 ], [ 17.131846550000091, 58.737534898000035 ], [ 17.086924675000091, 58.764837958000044 ], [ 17.028168165000068, 58.751166083000044 ], [ 17.083506707000083, 58.737534898000035 ], [ 17.077403191000087, 58.720363674000055 ], [ 17.062510613000086, 58.710191148000035 ], [ 17.083018425000091, 58.702866929000038 ], [ 17.145681186000047, 58.702785549000055 ], [ 17.145681186000047, 58.696600653000075 ], [ 17.093028191000087, 58.660834052000041 ], [ 16.974945509000065, 58.685370184000078 ], [ 16.953868035000085, 58.669256903000075 ], [ 17.00163821700005, 58.667873440000051 ], [ 17.035817905000044, 58.641302802000041 ], [ 16.924164259000065, 58.625433661000045 ], [ 16.23373457100007, 58.669256903000075 ], [ 16.23373457100007, 58.661810614000046 ], [ 16.257090691000087, 58.651760158000059 ], [ 16.26148522200009, 58.643052476000037 ], [ 16.254893425000091, 58.634507554000038 ], [ 16.179209832000083, 58.634507554000038 ], [ 16.179209832000083, 58.628322658000059 ], [ 16.214121941000087, 58.631293036000045 ], [ 16.22006269600007, 58.620835679000038 ], [ 16.240244988000086, 58.628119208000044 ], [ 16.285411004000082, 58.615912177000041 ], [ 16.333994988000086, 58.639146226000037 ], [ 16.371592644000089, 58.62055084800005 ], [ 16.371592644000089, 58.603745835000041 ], [ 16.387705925000091, 58.591620184000078 ], [ 16.409190300000091, 58.596625067000048 ], [ 16.428396030000044, 58.639390367000033 ], [ 16.439789259000065, 58.648138739000046 ], [ 16.517832879000082, 58.624579169000071 ], [ 16.635915561000047, 58.626776434000078 ], [ 16.748301629000082, 58.592922268000052 ], [ 16.74154707100007, 58.613999742000033 ], [ 16.789317254000082, 58.607163804000038 ], [ 16.779633009000065, 58.588690497000073 ], [ 16.785980665000068, 58.572739976000037 ], [ 16.830332879000082, 58.559393622000073 ], [ 16.816661004000082, 58.546372789000031 ], [ 16.844004754000082, 58.546372789000031 ], [ 16.834157748000052, 58.529527085000041 ], [ 16.884938998000052, 58.518459377000056 ], [ 16.940196160000085, 58.491115627000056 ], [ 16.844004754000082, 58.477484442000048 ], [ 16.85287519600007, 58.463080145000049 ], [ 16.830332879000082, 58.452093817000048 ], [ 16.765472852000073, 58.440659898000035 ], [ 16.748301629000082, 58.429022528000075 ], [ 16.597911004000082, 58.448635158000059 ], [ 16.539724155000044, 58.468166408000059 ], [ 16.441416863000086, 58.485988674000055 ], [ 16.412608269000089, 58.477484442000048 ], [ 16.448252800000091, 58.474798895000049 ], [ 16.705577019000089, 58.407700914000031 ], [ 16.714854363000086, 58.394964911000045 ], [ 16.709646030000044, 58.369126695000034 ], [ 16.714854363000086, 58.360174872000073 ], [ 16.754567905000044, 58.373765367000033 ], [ 16.766612175000091, 58.36859772300005 ], [ 16.77507571700005, 58.339667059000078 ], [ 16.631683790000068, 58.353949286000045 ], [ 16.699961785000085, 58.319159247000073 ], [ 16.698496941000087, 58.301703192000048 ], [ 16.727061394000089, 58.303615627000056 ], [ 16.72046959700009, 58.319159247000073 ], [ 16.799164259000065, 58.323635158000059 ], [ 16.789317254000082, 58.305568752000056 ], [ 16.76140384200005, 58.305568752000056 ], [ 16.754567905000044, 58.285101630000042 ], [ 16.70679772200009, 58.278265692000048 ], [ 16.70679772200009, 58.271389065000051 ], [ 16.802989129000082, 58.244696356000077 ], [ 16.789317254000082, 58.237250067000048 ], [ 16.821299675000091, 58.207098700000074 ], [ 16.822276238000086, 58.179632880000042 ], [ 16.788259311000047, 58.179266669000071 ], [ 16.809825066000087, 58.162095445000034 ], [ 16.777191602000073, 58.130519924000055 ], [ 16.721446160000085, 58.14984772300005 ], [ 16.617442254000082, 58.203111070000034 ], [ 16.632090691000087, 58.185736395000049 ], [ 16.671885613000086, 58.165269273000035 ], [ 16.686289910000085, 58.14789459800005 ], [ 16.65951582100007, 58.14789459800005 ], [ 16.73609459700009, 58.084784247000073 ], [ 16.714854363000086, 58.079575914000031 ], [ 16.71225019600007, 58.059515692000048 ], [ 16.686289910000085, 58.058539130000042 ], [ 16.740244988000086, 58.039780992000033 ], [ 16.754567905000044, 58.024969794000071 ], [ 16.737803582000083, 58.014227606000077 ], [ 16.72046959700009, 58.024969794000071 ], [ 16.691579623000052, 58.014837958000044 ], [ 16.686778191000087, 58.008734442000048 ], [ 16.699961785000085, 57.997707424000055 ], [ 16.67904707100007, 58.005113023000035 ], [ 16.65796959700009, 58.035345770000049 ], [ 16.644704623000052, 58.038641669000071 ], [ 16.631195509000065, 58.027899481000077 ], [ 16.637217644000089, 58.014471747000073 ], [ 16.65951582100007, 57.990220445000034 ], [ 16.686289910000085, 57.990220445000034 ], [ 16.70639082100007, 57.962103583000044 ], [ 16.735362175000091, 57.971909898000035 ], [ 16.74154707100007, 57.946193752000056 ], [ 16.782481316000087, 57.915106512000079 ], [ 16.727305535000085, 57.928778387000079 ], [ 16.736175977000073, 57.913763739000046 ], [ 16.76539147200009, 57.898830471000053 ], [ 16.768809441000087, 57.887844143000052 ], [ 16.758148634000065, 57.877020575000074 ], [ 16.723399285000085, 57.883490302000041 ], [ 16.682871941000087, 57.918890692000048 ], [ 16.67945397200009, 57.898382880000042 ], [ 16.670746290000068, 57.891424872000073 ], [ 16.610606316000087, 57.894680080000057 ], [ 16.613780144000089, 57.912095445000034 ], [ 16.603770379000082, 57.928778387000079 ], [ 16.644704623000052, 57.92133209800005 ], [ 16.51531009200005, 57.998846747000073 ], [ 16.498301629000082, 57.992987372000073 ], [ 16.494476759000065, 57.984035549000055 ], [ 16.504567905000044, 57.97016022300005 ], [ 16.532074415000068, 57.950262762000079 ], [ 16.590098504000082, 57.935614325000074 ], [ 16.569590691000087, 57.92133209800005 ], [ 16.576019727000073, 57.911281643000052 ], [ 16.572520379000082, 57.893947658000059 ], [ 16.562754754000082, 57.887844143000052 ], [ 16.524587436000047, 57.906317450000074 ], [ 16.480804884000065, 57.915106512000079 ], [ 16.494476759000065, 57.902085679000038 ], [ 16.487071160000085, 57.894680080000057 ], [ 16.46029707100007, 57.902085679000038 ], [ 16.46029707100007, 57.894680080000057 ], [ 16.70679772200009, 57.75063711100006 ], [ 16.699961785000085, 57.743841864000046 ], [ 16.68295332100007, 57.747300523000035 ], [ 16.635101759000065, 57.765692450000074 ], [ 16.541840040000068, 57.839016018000052 ], [ 16.419444207000083, 57.894680080000057 ], [ 16.438975457000083, 57.865383205000057 ], [ 16.530039910000085, 57.825262762000079 ], [ 16.594493035000085, 57.77289459800005 ], [ 16.618174675000091, 57.766587632000039 ], [ 16.665212436000047, 57.737005927000041 ], [ 16.65211022200009, 57.729559637000079 ], [ 16.69076582100007, 57.725653387000079 ], [ 16.714854363000086, 57.702826239000046 ], [ 16.69312584700009, 57.702826239000046 ], [ 16.69312584700009, 57.695990302000041 ], [ 16.70679772200009, 57.695990302000041 ], [ 16.70679772200009, 57.688544012000079 ], [ 16.639170769000089, 57.692328192000048 ], [ 16.576996290000068, 57.709662177000041 ], [ 16.619965040000068, 57.66665273600006 ], [ 16.617686394000089, 57.658270575000074 ], [ 16.583262566000087, 57.661932684000078 ], [ 16.591807488000086, 57.651678778000075 ], [ 16.624847852000073, 57.641424872000073 ], [ 16.63054446700005, 57.629095770000049 ], [ 16.562754754000082, 57.592962958000044 ], [ 16.554942254000082, 57.606187242000033 ], [ 16.555918816000087, 57.627142645000049 ], [ 16.53882897200009, 57.620672919000071 ], [ 16.520518425000091, 57.627142645000049 ], [ 16.542246941000087, 57.607326565000051 ], [ 16.520518425000091, 57.586127020000049 ], [ 16.542246941000087, 57.579291083000044 ], [ 16.542246941000087, 57.572495835000041 ], [ 16.51498457100007, 57.572495835000041 ], [ 16.51498457100007, 57.566310940000051 ], [ 16.629161004000082, 57.556870835000041 ], [ 16.688975457000083, 57.471747137000079 ], [ 16.65951582100007, 57.476263739000046 ], [ 16.672211134000065, 57.459662177000041 ], [ 16.63843834700009, 57.448960679000038 ], [ 16.633311394000089, 57.437079169000071 ], [ 16.639008009000065, 57.426703192000048 ], [ 16.672618035000085, 57.41547272300005 ], [ 16.625743035000085, 57.398993231000077 ], [ 16.631683790000068, 57.380764065000051 ], [ 16.572601759000065, 57.387437242000033 ], [ 16.547618035000085, 57.382513739000046 ], [ 16.53484134200005, 57.360256252000056 ], [ 16.569590691000087, 57.346584377000056 ], [ 16.547373894000089, 57.328802802000041 ], [ 16.562754754000082, 57.319281317000048 ], [ 16.485199415000068, 57.294623114000046 ], [ 16.469086134000065, 57.275376695000034 ], [ 16.494476759000065, 57.242905992000033 ], [ 16.465993686000047, 57.228013414000031 ], [ 16.458181186000047, 57.204006252000056 ], [ 16.465017123000052, 57.177313544000071 ], [ 16.50945071700005, 57.127346096000053 ], [ 16.55250084700009, 57.110093492000033 ], [ 16.569590691000087, 57.086493231000077 ], [ 16.55445397200009, 57.080755927000041 ], [ 16.583262566000087, 57.044907945000034 ], [ 16.53484134200005, 57.051743882000039 ], [ 16.53484134200005, 57.063462632000039 ], [ 16.527679884000065, 57.065375067000048 ], [ 16.500336134000065, 57.039740302000041 ], [ 16.439789259000065, 57.051743882000039 ], [ 16.473399285000085, 57.031236070000034 ], [ 16.473399285000085, 57.023830471000053 ], [ 16.453135613000086, 57.023504950000074 ], [ 16.439789259000065, 57.014105536000045 ], [ 16.43490644600007, 56.997870184000078 ], [ 16.439789259000065, 56.976629950000074 ], [ 16.46810957100007, 56.949286200000074 ], [ 16.436371290000068, 56.911118882000039 ], [ 16.439789259000065, 56.866848049000055 ], [ 16.40796959700009, 56.79913971600007 ], [ 16.428558790000068, 56.782945054000038 ], [ 16.463389519000089, 56.797837632000039 ], [ 16.472504102000073, 56.79437897300005 ], [ 16.471690300000091, 56.777411200000074 ], [ 16.45484459700009, 56.768296617000033 ], [ 16.412608269000089, 56.777411200000074 ], [ 16.36109459700009, 56.763739325000074 ], [ 16.356618686000047, 56.75844961100006 ], [ 16.377777540000068, 56.725897528000075 ], [ 16.379161004000082, 56.675604559000078 ], [ 16.371592644000089, 56.661322333000044 ], [ 16.34156334700009, 56.651271877000056 ], [ 16.301117384000065, 56.663275458000044 ], [ 16.246348504000082, 56.642401434000078 ], [ 16.220957879000082, 56.608710028000075 ], [ 16.207041863000086, 56.53851959800005 ], [ 16.178721550000091, 56.537054755000042 ], [ 16.166026238000086, 56.508002020000049 ], [ 16.095225457000083, 56.41937897300005 ], [ 16.038259311000047, 56.255072333000044 ], [ 16.020355665000068, 56.24640534100007 ], [ 16.004405144000089, 56.219427802000041 ], [ 15.932139519000089, 56.174709377000056 ], [ 15.87435957100007, 56.102728583000044 ], [ 15.851735873000052, 56.086371161000045 ], [ 15.78874759200005, 56.106431382000039 ], [ 15.826508009000065, 56.159369208000044 ], [ 15.806162957000083, 56.167914130000042 ], [ 15.731211785000085, 56.157212632000039 ], [ 15.713633660000085, 56.174709377000056 ], [ 15.70248457100007, 56.17023346600007 ], [ 15.64820397200009, 56.194566148000035 ], [ 15.592133009000065, 56.160549221000053 ], [ 15.57593834700009, 56.174709377000056 ], [ 15.596202019000089, 56.20376211100006 ], [ 15.586436394000089, 56.208889065000051 ], [ 15.492930535000085, 56.176336981000077 ], [ 15.479991082000083, 56.151841539000031 ], [ 15.43327884200005, 56.178900458000044 ], [ 15.40398196700005, 56.179754950000074 ], [ 15.37671959700009, 56.161078192000048 ], [ 15.365570509000065, 56.141099351000037 ], [ 15.320974155000044, 56.139634507000039 ], [ 15.295258009000065, 56.147406317000048 ], [ 15.322601759000065, 56.153631903000075 ], [ 15.295258009000065, 56.188381252000056 ], [ 15.273773634000065, 56.171210028000075 ], [ 15.234548373000052, 56.157212632000039 ], [ 15.192393425000091, 56.152899481000077 ], [ 15.154307488000086, 56.168646552000041 ], [ 15.093028191000087, 56.161078192000048 ], [ 15.07553144600007, 56.188381252000056 ], [ 15.034678582000083, 56.181545315000051 ], [ 15.049001498000052, 56.153631903000075 ], [ 14.953379754000082, 56.172919012000079 ], [ 14.90601647200009, 56.161200262000079 ], [ 14.848155144000089, 56.163967190000051 ], [ 14.849619988000086, 56.147406317000048 ], [ 14.830251498000052, 56.142645575000074 ], [ 14.774587436000047, 56.167914130000042 ], [ 14.724945509000065, 56.167629299000055 ], [ 14.701345248000052, 56.161363023000035 ], [ 14.685801629000082, 56.147406317000048 ], [ 14.682302280000044, 56.117132880000042 ], [ 14.703379754000082, 56.109442450000074 ], [ 14.767751498000052, 56.03070709800005 ], [ 14.715505405000044, 56.002346096000053 ], [ 14.705739780000044, 56.01703522300005 ], [ 14.685801629000082, 56.01703522300005 ], [ 14.673024936000047, 56.00531647300005 ], [ 14.611501498000052, 56.011135158000059 ], [ 14.623789910000085, 56.024481512000079 ], [ 14.607676629000082, 56.037014065000051 ], [ 14.60328209700009, 56.05805084800005 ], [ 14.582204623000052, 56.043768622000073 ], [ 14.569102410000085, 56.05805084800005 ], [ 14.49740644600007, 56.04047272300005 ], [ 14.407725457000083, 55.977036851000037 ], [ 14.346446160000085, 55.953314520000049 ], [ 14.323252800000091, 55.915716864000046 ], [ 14.271006707000083, 55.894476630000042 ], [ 14.234711134000065, 55.862697658000059 ], [ 14.208506707000083, 55.821275132000039 ], [ 14.195811394000089, 55.725653387000079 ], [ 14.205902540000068, 55.708563544000071 ], [ 14.273692254000082, 55.667629299000055 ], [ 14.276052280000044, 55.634995835000041 ], [ 14.28451582100007, 55.622951565000051 ], [ 14.358164910000085, 55.563666083000044 ], [ 14.367523634000065, 55.545396226000037 ], [ 14.36304772200009, 55.523627020000049 ], [ 14.348806186000047, 55.510565497000073 ], [ 14.264903191000087, 55.46124909100007 ], [ 14.219004754000082, 55.413763739000046 ], [ 14.181162957000083, 55.390814520000049 ], [ 14.06421959700009, 55.390773830000057 ], [ 13.956228061000047, 55.426825262000079 ], [ 13.897227410000085, 55.434881903000075 ], [ 13.842295769000089, 55.421210028000075 ], [ 13.780284050000091, 55.427435614000046 ], [ 13.629567905000044, 55.41828034100007 ], [ 13.580821160000085, 55.388820705000057 ], [ 13.503428582000083, 55.388373114000046 ], [ 13.381358269000089, 55.34601471600007 ], [ 13.280528191000087, 55.345445054000038 ], [ 13.115489129000082, 55.380275783000059 ], [ 13.030772332000083, 55.386419989000046 ], [ 12.979177280000044, 55.403265692000048 ], [ 12.932627800000091, 55.388006903000075 ], [ 12.886729363000086, 55.393255927000041 ], [ 12.832774285000085, 55.382554429000038 ], [ 12.828786655000044, 55.400091864000046 ], [ 12.859385613000086, 55.434881903000075 ], [ 12.904633009000065, 55.417954820000034 ], [ 12.929698113000086, 55.418768622000073 ], [ 12.965830925000091, 55.434881903000075 ], [ 12.963226759000065, 55.454250393000052 ], [ 12.98568769600007, 55.44790273600006 ], [ 12.975840691000087, 55.475043036000045 ], [ 12.928477410000085, 55.520005601000037 ], [ 12.917491082000083, 55.54718659100007 ], [ 12.92937259200005, 55.578924872000073 ], [ 13.038340691000087, 55.635199286000045 ], [ 13.05795332100007, 55.660711981000077 ], [ 13.054860873000052, 55.694037177000041 ], [ 13.01148522200009, 55.728420315000051 ], [ 12.97437584700009, 55.726467190000051 ], [ 12.965830925000091, 55.746161200000074 ], [ 12.922618035000085, 55.74945709800005 ], [ 12.911306186000047, 55.763861395000049 ], [ 12.931895379000082, 55.769476630000042 ], [ 12.938649936000047, 55.79047272300005 ], [ 12.926036004000082, 55.834051825000074 ], [ 12.850759311000047, 55.865668036000045 ], [ 12.821299675000091, 55.886704820000034 ], [ 12.804942254000082, 55.929266669000071 ], [ 12.770762566000087, 55.948431708000044 ], [ 12.752289259000065, 55.996568101000037 ], [ 12.719493035000085, 56.012152411000045 ], [ 12.70875084700009, 56.021307684000078 ], [ 12.698008660000085, 56.051499742000033 ], [ 12.602224155000044, 56.123195705000057 ], [ 12.553721550000091, 56.181545315000051 ], [ 12.54078209700009, 56.222479559000078 ], [ 12.504567905000044, 56.275336005000042 ], [ 12.451426629000082, 56.304429429000038 ], [ 12.64625084700009, 56.25726959800005 ], [ 12.666188998000052, 56.239447333000044 ], [ 12.70484459700009, 56.222479559000078 ], [ 12.796885613000086, 56.228094794000071 ], [ 12.814463738000086, 56.236151434000078 ], [ 12.833506707000083, 56.265692450000074 ], [ 12.82943769600007, 56.278550523000035 ], [ 12.783457879000082, 56.293402411000045 ], [ 12.73178144600007, 56.35968659100007 ], [ 12.643809441000087, 56.396063544000071 ], [ 12.621592644000089, 56.419338283000059 ], [ 12.656911655000044, 56.455267645000049 ], [ 12.713715040000068, 56.467352606000077 ], [ 12.833262566000087, 56.442572333000044 ], [ 12.890147332000083, 56.455267645000049 ], [ 12.93336022200009, 56.506537177000041 ], [ 12.934418165000068, 56.547064520000049 ], [ 12.903819207000083, 56.593003648000035 ], [ 12.88607832100007, 56.637152411000045 ], [ 12.871755405000044, 56.649481512000079 ], [ 12.73178144600007, 56.647040106000077 ], [ 12.679860873000052, 56.679592190000051 ], [ 12.664317254000082, 56.71430084800005 ], [ 12.615733269000089, 56.750067450000074 ], [ 12.594737175000091, 56.787990627000056 ], [ 12.598317905000044, 56.820990302000041 ], [ 12.533864780000044, 56.84634023600006 ], [ 12.52702884200005, 56.859930731000077 ], [ 12.499196811000047, 56.866848049000055 ], [ 12.469574415000068, 56.89203522300005 ], [ 12.375010613000086, 56.912054755000042 ], [ 12.356455925000091, 56.923814195000034 ], [ 12.342133009000065, 56.962958075000074 ], [ 12.354258660000085, 56.985663153000075 ], [ 12.340993686000047, 57.014064846000053 ], [ 12.27125084700009, 57.042873440000051 ], [ 12.24740644600007, 57.060736395000049 ], [ 12.245290561000047, 57.079046942000048 ], [ 12.218597852000073, 57.092718817000048 ], [ 12.23764082100007, 57.10805898600006 ], [ 12.233409050000091, 57.121486721000053 ], [ 12.204356316000087, 57.147935289000031 ], [ 12.197438998000052, 57.184881903000075 ], [ 12.149099155000044, 57.188299872000073 ], [ 12.191254102000073, 57.212591864000046 ], [ 12.13835696700005, 57.219671942000048 ], [ 12.10132897200009, 57.236721096000053 ], [ 12.156504754000082, 57.242905992000033 ], [ 12.09506269600007, 57.250392971000053 ], [ 12.119883660000085, 57.275336005000042 ], [ 12.147227410000085, 57.28546784100007 ], [ 12.144053582000083, 57.310126044000071 ], [ 12.104991082000083, 57.344549872000073 ], [ 12.067149285000085, 57.339789130000042 ], [ 12.049815300000091, 57.351141669000071 ], [ 12.10873457100007, 57.394354559000078 ], [ 12.06031334700009, 57.394354559000078 ], [ 12.092051629000082, 57.411363023000035 ], [ 12.059255405000044, 57.458807684000078 ], [ 12.043630405000044, 57.461818752000056 ], [ 12.006602410000085, 57.434149481000077 ], [ 11.992930535000085, 57.366034247000073 ], [ 11.979014519000089, 57.346584377000056 ], [ 11.972178582000083, 57.364081122000073 ], [ 11.933604363000086, 57.360825914000031 ], [ 11.944834832000083, 57.387600002000056 ], [ 11.903330925000091, 57.394354559000078 ], [ 11.915212436000047, 57.403387762000079 ], [ 11.903330925000091, 57.448960679000038 ], [ 11.907074415000068, 57.465277411000045 ], [ 11.944834832000083, 57.489935614000046 ], [ 11.910166863000086, 57.503607489000046 ], [ 11.931162957000083, 57.511053778000075 ], [ 11.903330925000091, 57.524115302000041 ], [ 11.91765384200005, 57.539536851000037 ], [ 11.91146894600007, 57.595282294000071 ], [ 11.916840040000068, 57.620917059000078 ], [ 11.897146030000044, 57.627142645000049 ], [ 11.891856316000087, 57.612982489000046 ], [ 11.867360873000052, 57.607407945000034 ], [ 11.834971550000091, 57.661932684000078 ], [ 11.844574415000068, 57.683010158000059 ], [ 11.90951582100007, 57.686835028000075 ], [ 11.923675977000073, 57.702826239000046 ], [ 11.845876498000052, 57.693304755000042 ], [ 11.74773196700005, 57.713609117000033 ], [ 11.751800977000073, 57.695990302000041 ], [ 11.705414259000065, 57.698431708000044 ], [ 11.706309441000087, 57.721991278000075 ], [ 11.810394727000073, 57.781398830000057 ], [ 11.807871941000087, 57.788072007000039 ], [ 11.789398634000065, 57.790269273000035 ], [ 11.751800977000073, 57.784816799000055 ], [ 11.686778191000087, 57.837632554000038 ], [ 11.656260613000086, 57.839422919000071 ], [ 11.703949415000068, 57.860500393000052 ], [ 11.693614129000082, 57.88117096600007 ], [ 11.707286004000082, 57.891424872000073 ], [ 11.759287957000083, 57.902085679000038 ], [ 11.745616082000083, 57.915106512000079 ], [ 11.766123894000089, 57.928778387000079 ], [ 11.736582879000082, 57.938666083000044 ], [ 11.80014082100007, 58.022284247000073 ], [ 11.802907748000052, 58.03656647300005 ], [ 11.78296959700009, 58.069159247000073 ], [ 11.800954623000052, 58.086411851000037 ], [ 11.793467644000089, 58.100083726000037 ], [ 11.81812584700009, 58.103176174000055 ], [ 11.828461134000065, 58.121242580000057 ], [ 11.841319207000083, 58.193793036000045 ], [ 11.875743035000085, 58.199164130000042 ], [ 11.889659050000091, 58.216782945000034 ], [ 11.860606316000087, 58.218410549000055 ], [ 11.851817254000082, 58.226629950000074 ], [ 11.844574415000068, 58.25336334800005 ], [ 11.81381269600007, 58.278265692000048 ], [ 11.808929884000065, 58.30219147300005 ], [ 11.82593834700009, 58.316555080000057 ], [ 11.882823113000086, 58.332831122000073 ], [ 11.870371941000087, 58.345363674000055 ], [ 11.806976759000065, 58.326605536000045 ], [ 11.726735873000052, 58.327093817000048 ], [ 11.725759311000047, 58.312974351000037 ], [ 11.678965691000087, 58.307440497000073 ], [ 11.581065300000091, 58.250921942000048 ], [ 11.525889519000089, 58.257757880000042 ], [ 11.539561394000089, 58.237250067000048 ], [ 11.505869988000086, 58.243068752000056 ], [ 11.496592644000089, 58.258368231000077 ], [ 11.50367272200009, 58.280218817000048 ], [ 11.541758660000085, 58.333563544000071 ], [ 11.622080925000091, 58.38812897300005 ], [ 11.607758009000065, 58.394964911000045 ], [ 11.621755405000044, 58.405991929000038 ], [ 11.669932488000086, 58.42218659100007 ], [ 11.652598504000082, 58.437404690000051 ], [ 11.628916863000086, 58.431341864000046 ], [ 11.588633660000085, 58.401109117000033 ], [ 11.553233269000089, 58.46320221600007 ], [ 11.547048373000052, 58.46320221600007 ], [ 11.551768425000091, 58.399359442000048 ], [ 11.541677280000044, 58.364935614000046 ], [ 11.522471550000091, 58.33624909100007 ], [ 11.465993686000047, 58.294134833000044 ], [ 11.39616946700005, 58.264593817000048 ], [ 11.416188998000052, 58.290350653000075 ], [ 11.443369988000086, 58.305568752000056 ], [ 11.443369988000086, 58.312974351000037 ], [ 11.399180535000085, 58.302964585000041 ], [ 11.389333530000044, 58.305568752000056 ], [ 11.383799675000091, 58.318182684000078 ], [ 11.401052280000044, 58.336818752000056 ], [ 11.44857832100007, 58.341742255000042 ], [ 11.422862175000091, 58.363836981000077 ], [ 11.424082879000082, 58.38812897300005 ], [ 11.406993035000085, 58.38735586100006 ], [ 11.370616082000083, 58.347479559000078 ], [ 11.345876498000052, 58.34601471600007 ], [ 11.424082879000082, 58.442694403000075 ], [ 11.348399285000085, 58.38812897300005 ], [ 11.334157748000052, 58.367621161000045 ], [ 11.306813998000052, 58.360052802000041 ], [ 11.25359134200005, 58.365912177000041 ], [ 11.231700066000087, 58.339667059000078 ], [ 11.220876498000052, 58.346258856000077 ], [ 11.224864129000082, 58.370672919000071 ], [ 11.204356316000087, 58.401109117000033 ], [ 11.208994988000086, 58.418931382000039 ], [ 11.259043816000087, 58.42218659100007 ], [ 11.251475457000083, 58.442328192000048 ], [ 11.293711785000085, 58.470038153000075 ], [ 11.257660352000073, 58.482163804000038 ], [ 11.238536004000082, 58.507879950000074 ], [ 11.252207879000082, 58.518459377000056 ], [ 11.25562584700009, 58.555731512000079 ], [ 11.286306186000047, 58.579901434000078 ], [ 11.265798373000052, 58.579901434000078 ], [ 11.269786004000082, 58.592230536000045 ], [ 11.252207879000082, 58.607163804000038 ], [ 11.259043816000087, 58.634507554000038 ], [ 11.21062259200005, 58.679185289000031 ], [ 11.218028191000087, 58.707953192000048 ], [ 11.18685957100007, 58.710191148000035 ], [ 11.17741946700005, 58.718573309000078 ], [ 11.178558790000068, 58.736476955000057 ], [ 11.189789259000065, 58.752997137000079 ], [ 11.21062259200005, 58.757391669000071 ], [ 11.206879102000073, 58.77094147300005 ], [ 11.233409050000091, 58.808172919000071 ], [ 11.231700066000087, 58.843695380000042 ], [ 11.20289147200009, 58.85492584800005 ], [ 11.197601759000065, 58.864162502000056 ], [ 11.190114780000044, 58.908270575000074 ], [ 11.197601759000065, 58.92251211100006 ], [ 11.146739129000082, 58.931219794000071 ], [ 11.119883660000085, 58.94086334800005 ], [ 11.108164910000085, 58.953558661000045 ], [ 11.117442254000082, 58.968817450000074 ], [ 11.183848504000082, 58.991400458000044 ], [ 11.12281334700009, 58.994086005000042 ], [ 11.11500084700009, 59.008205471000053 ], [ 11.129405144000089, 59.031195380000042 ], [ 11.193614129000082, 59.080145575000074 ], [ 11.22006269600007, 59.09015534100007 ], [ 11.320974155000044, 59.099514065000051 ], [ 11.354665561000047, 59.091620184000078 ], [ 11.393809441000087, 59.019435940000051 ], [ 11.429698113000086, 58.991400458000044 ], [ 11.437510613000086, 58.991400458000044 ], [ 11.437754754000082, 58.998236395000049 ], [ 11.403575066000087, 59.038560289000031 ], [ 11.389333530000044, 59.080755927000041 ], [ 11.37045332100007, 59.100653387000079 ], [ 11.31381269600007, 59.115179755000042 ], [ 11.21656334700009, 59.110419012000079 ], [ 11.182383660000085, 59.116034247000073 ], [ 11.170176629000082, 59.134751695000034 ], [ 11.174652540000068, 59.14093659100007 ], [ 11.20671634200005, 59.145697333000044 ], [ 11.178558790000068, 59.164984442000048 ], [ 11.176442905000044, 59.196844794000071 ], [ 11.135508660000085, 59.183172919000071 ], [ 11.15015709700009, 59.175197658000059 ], [ 11.153086785000085, 59.162543036000045 ], [ 11.135508660000085, 59.142238674000055 ], [ 11.11882571700005, 59.142279364000046 ], [ 11.087738477000073, 59.175767320000034 ], [ 11.099131707000083, 59.134182033000059 ], [ 11.091075066000087, 59.127997137000079 ], [ 11.032481316000087, 59.127997137000079 ], [ 11.039805535000085, 59.143744208000044 ], [ 11.007823113000086, 59.159125067000048 ], [ 10.998301629000082, 59.172308661000045 ], [ 10.948496941000087, 59.183335679000038 ], [ 10.936208530000044, 59.183172919000071 ], [ 10.944021030000044, 59.149318752000056 ], [ 10.934092644000089, 59.140366929000038 ], [ 10.916351759000065, 59.142238674000055 ], [ 10.900645379000082, 59.164007880000042 ], [ 10.90211022200009, 59.196844794000071 ], [ 10.850271030000044, 59.180365302000041 ], [ 10.84115644600007, 59.161444403000075 ], [ 10.822927280000044, 59.163967190000051 ], [ 10.802012566000087, 59.188788153000075 ], [ 10.779144727000073, 59.189398505000042 ], [ 10.784190300000091, 59.206284898000035 ], [ 10.766368035000085, 59.231756903000075 ], [ 10.772959832000083, 59.252101955000057 ], [ 10.738129102000073, 59.216701565000051 ], [ 10.733164910000085, 59.240912177000041 ], [ 10.743662957000083, 59.268011786000045 ], [ 10.779144727000073, 59.312933661000045 ], [ 10.734711134000065, 59.334051825000074 ], [ 10.700694207000083, 59.306708075000074 ], [ 10.674082879000082, 59.315741278000075 ], [ 10.65984134200005, 59.359361070000034 ], [ 10.642751498000052, 59.374945380000042 ], [ 10.659678582000083, 59.400213934000078 ], [ 10.591644727000073, 59.430650132000039 ], [ 10.601084832000083, 59.450100002000056 ], [ 10.644541863000086, 59.493150132000039 ], [ 10.656423373000052, 59.497870184000078 ], [ 10.662933790000068, 59.488714911000045 ], [ 10.648936394000089, 59.443833726000037 ], [ 10.662445509000065, 59.437892971000053 ], [ 10.685069207000083, 59.450262762000079 ], [ 10.690277540000068, 59.480658270000049 ], [ 10.663096550000091, 59.504706122000073 ], [ 10.651133660000085, 59.526434637000079 ], [ 10.646820509000065, 59.57257721600007 ], [ 10.656423373000052, 59.594671942000048 ], [ 10.625987175000091, 59.637274481000077 ], [ 10.61459394600007, 59.697170315000051 ], [ 10.597504102000073, 59.684556382000039 ], [ 10.575450066000087, 59.699611721000053 ], [ 10.56023196700005, 59.726223049000055 ], [ 10.563243035000085, 59.74835846600007 ], [ 10.61459394600007, 59.833685614000046 ], [ 10.655528191000087, 59.856675523000035 ], [ 10.680349155000044, 59.827337958000044 ], [ 10.717784050000091, 59.738104559000078 ], [ 10.758474155000044, 59.850165106000077 ], [ 10.745127800000091, 59.882066148000035 ], [ 10.752614780000044, 59.888902085000041 ], [ 10.74000084700009, 59.89516836100006 ], [ 10.688731316000087, 59.911769924000055 ], [ 10.666270379000082, 59.888902085000041 ], [ 10.621429884000065, 59.896307684000078 ], [ 10.594248894000089, 59.882066148000035 ], [ 10.529470248000052, 59.882310289000031 ], [ 10.475433790000068, 59.850043036000045 ], [ 10.473806186000047, 59.841376044000071 ], [ 10.498708530000044, 59.833685614000046 ], [ 10.484548373000052, 59.788641669000071 ], [ 10.491221550000091, 59.731268622000073 ], [ 10.502207879000082, 59.708726304000038 ], [ 10.539805535000085, 59.675034898000035 ], [ 10.582692905000044, 59.662054755000042 ], [ 10.599131707000083, 59.64398834800005 ], [ 10.61459394600007, 59.60773346600007 ], [ 10.59310957100007, 59.570379950000074 ], [ 10.54273522200009, 59.535549221000053 ], [ 10.48373457100007, 59.514471747000073 ], [ 10.436696811000047, 59.518377997000073 ], [ 10.42359459700009, 59.53384023600006 ], [ 10.429209832000083, 59.597845770000049 ], [ 10.397634311000047, 59.688055731000077 ], [ 10.360524936000047, 59.711004950000074 ], [ 10.332286004000082, 59.711493231000077 ], [ 10.266856316000087, 59.739732164000031 ], [ 10.238942905000044, 59.738755601000037 ], [ 10.22437584700009, 59.723822333000044 ], [ 10.257090691000087, 59.701076565000051 ], [ 10.360036655000044, 59.672756252000056 ], [ 10.379242384000065, 59.658351955000057 ], [ 10.394867384000065, 59.611151434000078 ], [ 10.381032748000052, 59.535345770000049 ], [ 10.364268425000091, 59.525824286000045 ], [ 10.269379102000073, 59.559027411000045 ], [ 10.237315300000091, 59.559963283000059 ], [ 10.267914259000065, 59.525051174000055 ], [ 10.331309441000087, 59.495062567000048 ], [ 10.369395379000082, 59.455267645000049 ], [ 10.458994988000086, 59.44086334800005 ], [ 10.477549675000091, 59.429632880000042 ], [ 10.480316602000073, 59.412095445000034 ], [ 10.446787957000083, 59.364732164000031 ], [ 10.444509311000047, 59.348944403000075 ], [ 10.498708530000044, 59.31976959800005 ], [ 10.514170769000089, 59.302923895000049 ], [ 10.487071160000085, 59.284125067000048 ], [ 10.469574415000068, 59.247788804000038 ], [ 10.416188998000052, 59.26508209800005 ], [ 10.360850457000083, 59.271307684000078 ], [ 10.361989780000044, 59.219549872000073 ], [ 10.330251498000052, 59.209662177000041 ], [ 10.317149285000085, 59.179592190000051 ], [ 10.313731316000087, 59.127997137000079 ], [ 10.289805535000085, 59.134588934000078 ], [ 10.286957227000073, 59.114894924000055 ], [ 10.306895379000082, 59.059719143000052 ], [ 10.29265384200005, 59.070135809000078 ], [ 10.272146030000044, 59.114325262000079 ], [ 10.269541863000086, 59.047796942000048 ], [ 10.262461785000085, 59.038560289000031 ], [ 10.231130405000044, 59.114325262000079 ], [ 10.22437584700009, 59.114325262000079 ], [ 10.211273634000065, 59.066555080000057 ], [ 10.23218834700009, 59.040350653000075 ], [ 10.227793816000087, 59.028957424000055 ], [ 10.207041863000086, 59.016424872000073 ], [ 10.140798373000052, 58.999945380000042 ], [ 10.114512566000087, 59.005072333000044 ], [ 10.16187584700009, 59.027533270000049 ], [ 10.16968834700009, 59.03546784100007 ], [ 10.16342207100007, 59.052313544000071 ], [ 10.059418165000068, 59.018133856000077 ], [ 10.016774936000047, 59.033677476000037 ], [ 10.033376498000052, 58.993475653000075 ], [ 10.014821811000047, 58.973130601000037 ], [ 9.957367384000065, 58.956691799000055 ], [ 9.846202019000089, 58.955633856000077 ], [ 9.81218509200005, 58.963446356000077 ], [ 9.838877800000091, 58.971869208000044 ], [ 9.845225457000083, 58.989325262000079 ], [ 9.836761915000068, 59.009344794000071 ], [ 9.781748894000089, 59.051174221000053 ], [ 9.765961134000065, 59.052394924000055 ], [ 9.758148634000065, 59.032375393000052 ], [ 9.72396894600007, 59.059719143000052 ], [ 9.706065300000091, 59.064276434000078 ], [ 9.703461134000065, 59.086981512000079 ], [ 9.688487175000091, 59.090765692000048 ], [ 9.683116082000083, 59.046047268000052 ], [ 9.668630405000044, 59.051459052000041 ], [ 9.648936394000089, 59.073309637000079 ], [ 9.641368035000085, 59.102443752000056 ], [ 9.628428582000083, 59.108099677000041 ], [ 9.640472852000073, 59.117580471000053 ], [ 9.639821811000047, 59.12726471600007 ], [ 9.63062584700009, 59.131415106000077 ], [ 9.60092207100007, 59.115668036000045 ], [ 9.539073113000086, 59.12055084800005 ], [ 9.559092644000089, 59.102362372000073 ], [ 9.621348504000082, 59.075262762000079 ], [ 9.634613477000073, 59.04946523600006 ], [ 9.654144727000073, 59.037298895000049 ], [ 9.726817254000082, 59.015204169000071 ], [ 9.72396894600007, 58.983954169000071 ], [ 9.703461134000065, 58.998236395000049 ], [ 9.684743686000047, 58.983465887000079 ], [ 9.655772332000083, 58.983954169000071 ], [ 9.655772332000083, 58.977118231000077 ], [ 9.67750084700009, 58.972601630000042 ], [ 9.689789259000065, 58.956691799000055 ], [ 9.663340691000087, 58.958807684000078 ], [ 9.594248894000089, 58.943019924000055 ], [ 9.607920769000089, 58.928697007000039 ], [ 9.57593834700009, 58.921454169000071 ], [ 9.47006269600007, 58.928697007000039 ], [ 9.523936394000089, 58.900051174000055 ], [ 9.51148522200009, 58.895209052000041 ], [ 9.455902540000068, 58.897691148000035 ], [ 9.450368686000047, 58.881537177000041 ], [ 9.399424675000091, 58.898504950000074 ], [ 9.373789910000085, 58.895412502000056 ], [ 9.360199415000068, 58.881537177000041 ], [ 9.39421634200005, 58.889878648000035 ], [ 9.40365644600007, 58.880926825000074 ], [ 9.38453209700009, 58.867254950000074 ], [ 9.33952884200005, 58.862616278000075 ], [ 9.318532748000052, 58.866034247000073 ], [ 9.298838738000086, 58.881537177000041 ], [ 9.27084394600007, 58.833156643000052 ], [ 9.312510613000086, 58.826320705000057 ], [ 9.379649285000085, 58.844183661000045 ], [ 9.450368686000047, 58.833156643000052 ], [ 9.436208530000044, 58.820298570000034 ], [ 9.367035352000073, 58.792181708000044 ], [ 9.408702019000089, 58.799627997000073 ], [ 9.408702019000089, 58.792181708000044 ], [ 9.370941602000073, 58.778021552000041 ], [ 9.340505405000044, 58.751166083000044 ], [ 9.306488477000073, 58.738714911000045 ], [ 9.249278191000087, 58.733587958000044 ], [ 9.070974155000044, 58.741197007000039 ], [ 9.058441602000073, 58.727036851000037 ], [ 9.062998894000089, 58.723822333000044 ], [ 9.143565300000091, 58.709784247000073 ], [ 9.169118686000047, 58.716457424000055 ], [ 9.100840691000087, 58.737534898000035 ], [ 9.214691602000073, 58.721625067000048 ], [ 9.216319207000083, 58.702785549000055 ], [ 9.186696811000047, 58.691595770000049 ], [ 9.059336785000085, 58.682928778000075 ], [ 9.15601647200009, 58.688544012000079 ], [ 9.182871941000087, 58.686346747000073 ], [ 9.20053144600007, 58.672349351000037 ], [ 9.152215283000089, 58.643273804000046 ], [ 9.033836547000078, 58.594754032000083 ], [ 8.990977410000085, 58.600327867000033 ], [ 8.971202019000089, 58.586737372000073 ], [ 8.949473504000082, 58.600327867000033 ], [ 8.913340691000087, 58.60687897300005 ], [ 8.94890384200005, 58.579657294000071 ], [ 8.95009437300007, 58.547183856000061 ], [ 8.943880357000069, 58.525985200000036 ], [ 8.909419211000056, 58.500891762000037 ], [ 8.823518643000057, 58.452817788000061 ], [ 8.754104478000045, 58.427586579000035 ], [ 8.707295191000071, 58.378910743000063 ], [ 8.641612175000091, 58.36391836100006 ], [ 8.607269727000073, 58.332831122000073 ], [ 8.588389519000089, 58.334173895000049 ], [ 8.579356316000087, 58.347479559000078 ], [ 8.545258009000065, 58.312974351000037 ], [ 8.51343834700009, 58.293361721000053 ], [ 8.506358269000089, 58.283107815000051 ], [ 8.518077019000089, 58.271389065000051 ], [ 8.501231316000087, 58.257228908000059 ], [ 8.455821160000085, 58.264064846000053 ], [ 8.435394727000073, 58.257757880000042 ], [ 8.42351321700005, 58.270209052000041 ], [ 8.409353061000047, 58.272040106000077 ], [ 8.400563998000052, 58.265814520000049 ], [ 8.406260613000086, 58.244208075000074 ], [ 8.353526238000086, 58.244696356000077 ], [ 8.295258009000065, 58.212713934000078 ], [ 8.243662957000083, 58.203111070000034 ], [ 8.271739129000082, 58.196275132000039 ], [ 8.248871290000068, 58.17133209800005 ], [ 8.227224155000044, 58.163153387000079 ], [ 8.223155144000089, 58.134833075000074 ], [ 8.201914910000085, 58.122992255000042 ], [ 8.172699415000068, 58.146144924000055 ], [ 8.15796959700009, 58.144476630000042 ], [ 8.122894727000073, 58.102036851000037 ], [ 8.047048373000052, 58.116888739000046 ], [ 8.024587436000047, 58.141058661000045 ], [ 8.07984459700009, 58.162095445000034 ], [ 8.060069207000083, 58.177394924000055 ], [ 8.029551629000082, 58.224839585000041 ], [ 8.004079623000052, 58.223049221000053 ], [ 8.022146030000044, 58.202826239000046 ], [ 8.027598504000082, 58.183172919000071 ], [ 8.022308790000068, 58.163763739000046 ], [ 8.00749759200005, 58.144476630000042 ], [ 7.953623894000089, 58.124701239000046 ], [ 7.934092644000089, 58.109442450000074 ], [ 7.956309441000087, 58.093247789000031 ], [ 7.91578209700009, 58.081854559000078 ], [ 7.75521894600007, 58.070013739000046 ], [ 7.695974155000044, 58.058539130000042 ], [ 7.663910352000073, 58.067287502000056 ], [ 7.653575066000087, 58.064642645000049 ], [ 7.660899285000085, 58.045477606000077 ], [ 7.62671959700009, 58.052313544000071 ], [ 7.629242384000065, 58.031236070000034 ], [ 7.614756707000083, 58.02212148600006 ], [ 7.594086134000065, 58.026353257000039 ], [ 7.578868035000085, 58.045477606000077 ], [ 7.578868035000085, 58.017523505000042 ], [ 7.390635613000086, 58.017523505000042 ], [ 7.267588738000086, 58.035956122000073 ], [ 7.253428582000083, 58.043646552000041 ], [ 7.249847852000073, 58.058539130000042 ], [ 7.174978061000047, 58.031195380000042 ], [ 7.155528191000087, 58.050279039000031 ], [ 7.082774285000085, 58.036851304000038 ], [ 7.076019727000073, 58.006537177000041 ], [ 7.006602410000085, 57.993150132000039 ], [ 6.997243686000047, 57.997137762000079 ], [ 7.00359134200005, 58.011379299000055 ], [ 6.99935957100007, 58.03070709800005 ], [ 7.087738477000073, 58.07062409100007 ], [ 7.116221550000091, 58.058539130000042 ], [ 7.147471550000091, 58.100083726000037 ], [ 7.064707879000082, 58.078111070000034 ], [ 7.03492272200009, 58.062323309000078 ], [ 6.93531334700009, 58.045477606000077 ], [ 6.996104363000086, 58.100083726000037 ], [ 6.980316602000073, 58.105373440000051 ], [ 6.900563998000052, 58.052313544000071 ], [ 6.912119988000086, 58.075018622000073 ], [ 6.90796959700009, 58.100083726000037 ], [ 6.866384311000047, 58.079575914000031 ], [ 6.832204623000052, 58.08429596600007 ], [ 6.804209832000083, 58.100083726000037 ], [ 6.87077884200005, 58.119208075000074 ], [ 6.949961785000085, 58.120917059000078 ], [ 6.974782748000052, 58.126776434000078 ], [ 6.989268425000091, 58.141058661000045 ], [ 6.904144727000073, 58.131048895000049 ], [ 6.873789910000085, 58.134833075000074 ], [ 6.801524285000085, 58.179348049000055 ], [ 6.777598504000082, 58.182033596000053 ], [ 6.812836134000065, 58.128241278000075 ], [ 6.80795332100007, 58.12055084800005 ], [ 6.731455925000091, 58.119859117000033 ], [ 6.715586785000085, 58.134833075000074 ], [ 6.727305535000085, 58.145209052000041 ], [ 6.72242272200009, 58.189439195000034 ], [ 6.688243035000085, 58.12055084800005 ], [ 6.703379754000082, 58.120428778000075 ], [ 6.72242272200009, 58.100083726000037 ], [ 6.78256269600007, 58.065334377000056 ], [ 6.754079623000052, 58.058091539000031 ], [ 6.722666863000086, 58.065985419000071 ], [ 6.61850019600007, 58.068304755000042 ], [ 6.542002800000091, 58.107652085000041 ], [ 6.530528191000087, 58.12055084800005 ], [ 6.56812584700009, 58.131781317000048 ], [ 6.59701582100007, 58.176499742000033 ], [ 6.674571160000085, 58.182033596000053 ], [ 6.65406334700009, 58.189439195000034 ], [ 6.67514082100007, 58.206976630000042 ], [ 6.845957879000082, 58.271389065000051 ], [ 6.802989129000082, 58.270453192000048 ], [ 6.68140709700009, 58.223049221000053 ], [ 6.633636915000068, 58.27484772300005 ], [ 6.640147332000083, 58.293768622000073 ], [ 6.656260613000086, 58.302801825000074 ], [ 6.69507897200009, 58.291896877000056 ], [ 6.70875084700009, 58.312974351000037 ], [ 6.68726647200009, 58.327337958000044 ], [ 6.640879754000082, 58.316351630000042 ], [ 6.619965040000068, 58.319159247000073 ], [ 6.626231316000087, 58.244696356000077 ], [ 6.562347852000073, 58.243109442000048 ], [ 6.499278191000087, 58.262884833000044 ], [ 6.400627956000051, 58.272229244000073 ], [ 6.203379754000082, 58.335516669000071 ], [ 6.14031009200005, 58.339667059000078 ], [ 6.050629102000073, 58.379461981000077 ], [ 6.010101759000065, 58.384914455000057 ], [ 5.978037957000083, 58.414496161000045 ], [ 5.964366082000083, 58.468166408000059 ], [ 5.954600457000083, 58.477484442000048 ], [ 5.79665267200005, 58.489245957000037 ], [ 5.77839094400008, 58.520899272000065 ], [ 5.741953415000069, 58.527004491000071 ], [ 5.70417068200004, 58.52076740800004 ], [ 5.64625084700009, 58.548651434000078 ], [ 5.652354561000038, 58.562733296000033 ], [ 5.571543816000087, 58.628322658000059 ], [ 5.50692261800009, 58.729897561000087 ], [ 5.477951160000089, 58.754747227000053 ], [ 5.526723268000069, 58.784113904000037 ], [ 5.539672727000038, 58.815478558000052 ], [ 5.530528191000087, 58.868719794000071 ], [ 5.56413821700005, 58.881537177000041 ], [ 5.572520379000082, 58.894029039000031 ], [ 5.55054772200009, 58.915716864000046 ], [ 5.537119988000086, 58.956122137000079 ], [ 5.617360873000052, 58.907294012000079 ], [ 5.626231316000087, 58.925604559000078 ], [ 5.55054772200009, 58.970892645000049 ], [ 5.570648634000065, 58.982082424000055 ], [ 5.59156334700009, 58.977118231000077 ], [ 5.578868035000085, 58.989081122000073 ], [ 5.541026238000086, 58.984564520000049 ], [ 5.52320397200009, 58.991400458000044 ], [ 5.542491082000083, 59.009588934000078 ], [ 5.55054772200009, 59.038560289000031 ], [ 5.715586785000085, 58.977118231000077 ], [ 5.701019727000073, 58.919134833000044 ], [ 5.702972852000073, 58.887600002000056 ], [ 5.715586785000085, 58.867254950000074 ], [ 5.735524936000047, 58.928697007000039 ], [ 5.81812584700009, 58.93618398600006 ], [ 5.821787957000083, 58.963446356000077 ], [ 5.853526238000086, 58.965033270000049 ], [ 5.91960696700005, 58.945054429000038 ], [ 5.969981316000087, 58.903631903000075 ], [ 6.092539910000085, 58.847235419000071 ], [ 6.135101759000065, 58.839585679000038 ], [ 6.228851759000065, 58.839992580000057 ], [ 6.206228061000047, 58.849025783000059 ], [ 6.118988477000073, 58.853583075000074 ], [ 6.082041863000086, 58.870794989000046 ], [ 6.057627800000091, 58.902044989000046 ], [ 6.105316602000073, 58.950384833000044 ], [ 6.194834832000083, 58.983954169000071 ], [ 6.626231316000087, 59.052801825000074 ], [ 6.626231316000087, 59.059719143000052 ], [ 6.352061394000089, 59.033026434000078 ], [ 6.298675977000073, 59.015122789000031 ], [ 6.160411004000082, 58.998236395000049 ], [ 6.126800977000073, 58.983710028000075 ], [ 6.033864780000044, 58.905178127000056 ], [ 5.975108269000089, 58.963446356000077 ], [ 5.98406009200005, 58.984076239000046 ], [ 6.050791863000086, 58.998236395000049 ], [ 6.00912519600007, 59.025580145000049 ], [ 5.934092644000089, 59.018133856000077 ], [ 5.891856316000087, 59.045355536000045 ], [ 5.875498894000089, 59.066229559000078 ], [ 5.87273196700005, 59.086981512000079 ], [ 5.890635613000086, 59.103908596000053 ], [ 6.126475457000083, 59.148423570000034 ], [ 6.008799675000091, 59.149359442000048 ], [ 6.064300977000073, 59.207220770000049 ], [ 6.171397332000083, 59.261419989000046 ], [ 6.252126498000052, 59.277248440000051 ], [ 6.32390384200005, 59.315008856000077 ], [ 6.461680535000085, 59.31976959800005 ], [ 6.461680535000085, 59.326564846000053 ], [ 6.31381269600007, 59.322943427000041 ], [ 6.202403191000087, 59.277044989000046 ], [ 6.154144727000073, 59.267767645000049 ], [ 6.112315300000091, 59.274562893000052 ], [ 6.084971550000091, 59.306708075000074 ], [ 6.236338738000086, 59.312933661000045 ], [ 6.236338738000086, 59.31976959800005 ], [ 6.199229363000086, 59.351548570000034 ], [ 6.197601759000065, 59.334702867000033 ], [ 6.172129754000082, 59.321234442000048 ], [ 6.146983269000089, 59.340236721000053 ], [ 6.12281334700009, 59.31976959800005 ], [ 6.092458530000044, 59.31976959800005 ], [ 6.069183790000068, 59.331773179000038 ], [ 6.057627800000091, 59.353908596000053 ], [ 6.05404707100007, 59.33462148600006 ], [ 6.037445509000065, 59.327460028000075 ], [ 5.99545332100007, 59.334051825000074 ], [ 6.041514519000089, 59.383693752000056 ], [ 6.153819207000083, 59.427394924000055 ], [ 6.174327019000089, 59.443833726000037 ], [ 6.188649936000047, 59.429632880000042 ], [ 6.21615644600007, 59.468085028000075 ], [ 6.222666863000086, 59.497870184000078 ], [ 6.242686394000089, 59.510565497000073 ], [ 6.42750084700009, 59.550970770000049 ], [ 6.544200066000087, 59.559963283000059 ], [ 6.50521894600007, 59.571275132000039 ], [ 6.336110873000052, 59.553615627000056 ], [ 6.272146030000044, 59.528143622000073 ], [ 6.236338738000086, 59.525824286000045 ], [ 6.278575066000087, 59.572007554000038 ], [ 6.28874759200005, 59.629136460000041 ], [ 6.311534050000091, 59.655503648000035 ], [ 6.28646894600007, 59.649237372000073 ], [ 6.266856316000087, 59.62563711100006 ], [ 6.237315300000091, 59.549790757000039 ], [ 6.153005405000044, 59.459418036000045 ], [ 6.078135613000086, 59.419338283000059 ], [ 6.02702884200005, 59.402289130000042 ], [ 6.00953209700009, 59.407619533000059 ], [ 5.998301629000082, 59.428412177000041 ], [ 5.982595248000052, 59.429632880000042 ], [ 5.988617384000065, 59.415961005000042 ], [ 5.968923373000052, 59.40851471600007 ], [ 5.968923373000052, 59.402289130000042 ], [ 5.98609459700009, 59.395900783000059 ], [ 5.99545332100007, 59.38117096600007 ], [ 5.924164259000065, 59.35578034100007 ], [ 5.910004102000073, 59.382025458000044 ], [ 5.886241082000083, 59.402289130000042 ], [ 5.886241082000083, 59.446966864000046 ], [ 5.924082879000082, 59.446112372000073 ], [ 6.153168165000068, 59.477443752000056 ], [ 6.133555535000085, 59.490057684000078 ], [ 6.104340040000068, 59.492905992000033 ], [ 6.024668816000087, 59.474310614000046 ], [ 5.901866082000083, 59.479071356000077 ], [ 5.87273196700005, 59.487982489000046 ], [ 5.834483269000089, 59.515611070000034 ], [ 5.81812584700009, 59.539496161000045 ], [ 5.807383660000085, 59.53937409100007 ], [ 5.77711022200009, 59.525824286000045 ], [ 5.803477410000085, 59.49477773600006 ], [ 5.807871941000087, 59.480292059000078 ], [ 5.797536655000044, 59.463120835000041 ], [ 5.748383009000065, 59.445786851000037 ], [ 5.722829623000052, 59.451157945000034 ], [ 5.708262566000087, 59.470607815000051 ], [ 5.713715040000068, 59.446682033000059 ], [ 5.696462436000047, 59.429429429000038 ], [ 5.64616946700005, 59.40851471600007 ], [ 5.664398634000065, 59.406480210000041 ], [ 5.735524936000047, 59.429632880000042 ], [ 5.784190300000091, 59.429266669000071 ], [ 5.852549675000091, 59.384995835000041 ], [ 5.859629754000082, 59.350775458000044 ], [ 5.783539259000065, 59.34320709800005 ], [ 5.76343834700009, 59.347723700000074 ], [ 5.752696160000085, 59.33624909100007 ], [ 5.738454623000052, 59.334784247000073 ], [ 5.70484459700009, 59.340236721000053 ], [ 5.697927280000044, 59.338039455000057 ], [ 5.695160352000073, 59.31976959800005 ], [ 5.677744988000086, 59.309800523000035 ], [ 5.611989780000044, 59.293036200000074 ], [ 5.609629754000082, 59.305568752000056 ], [ 5.618662957000083, 59.316880601000037 ], [ 5.64616946700005, 59.326564846000053 ], [ 5.64616946700005, 59.334051825000074 ], [ 5.623383009000065, 59.354559637000079 ], [ 5.586599155000044, 59.416489976000037 ], [ 5.560720248000052, 59.409328518000052 ], [ 5.58529707100007, 59.395453192000048 ], [ 5.567881707000083, 59.316351630000042 ], [ 5.529307488000086, 59.28579336100006 ], [ 5.505381707000083, 59.277736721000053 ], [ 5.475433790000068, 59.27875397300005 ], [ 5.435801629000082, 59.307684637000079 ], [ 5.423838738000086, 59.330471096000053 ], [ 5.440603061000047, 59.369818427000041 ], [ 5.441742384000065, 59.392238674000055 ], [ 5.433116082000083, 59.405096747000073 ], [ 5.413340691000087, 59.395453192000048 ], [ 5.404307488000086, 59.378973700000074 ], [ 5.406504754000082, 59.316351630000042 ], [ 5.399424675000091, 59.296698309000078 ], [ 5.390879754000082, 59.294623114000046 ], [ 5.37273196700005, 59.307196356000077 ], [ 5.365570509000065, 59.340236721000053 ], [ 5.349945509000065, 59.366441148000035 ], [ 5.358246290000068, 59.387193101000037 ], [ 5.348399285000085, 59.415961005000042 ], [ 5.332692905000044, 59.411525783000059 ], [ 5.33139082100007, 59.353908596000053 ], [ 5.297211134000065, 59.344671942000048 ], [ 5.231211785000085, 59.424261786000045 ], [ 5.201670769000089, 59.429632880000042 ], [ 5.182302280000044, 59.511216539000031 ], [ 5.199717644000089, 59.524603583000044 ], [ 5.242686394000089, 59.525824286000045 ], [ 5.242686394000089, 59.532049872000073 ], [ 5.201670769000089, 59.539496161000045 ], [ 5.201670769000089, 59.546291408000059 ], [ 5.237803582000083, 59.559637762000079 ], [ 5.29037519600007, 59.600897528000075 ], [ 5.30404707100007, 59.628241278000075 ], [ 5.344248894000089, 59.647650458000044 ], [ 5.385996941000087, 59.649359442000048 ], [ 5.401621941000087, 59.605536200000074 ], [ 5.413340691000087, 59.594671942000048 ], [ 5.427012566000087, 59.635687567000048 ], [ 5.399668816000087, 59.669826565000051 ], [ 5.411631707000083, 59.689195054000038 ], [ 5.489105665000068, 59.738104559000078 ], [ 5.481700066000087, 59.723822333000044 ], [ 5.502126498000052, 59.710150458000044 ], [ 5.50554446700005, 59.692694403000075 ], [ 5.498057488000086, 59.650580145000049 ], [ 5.480479363000086, 59.621323960000041 ], [ 5.487803582000083, 59.575018622000073 ], [ 5.45085696700005, 59.546291408000059 ], [ 5.416758660000085, 59.542914130000042 ], [ 5.407725457000083, 59.52179596600007 ], [ 5.408050977000073, 59.509914455000057 ], [ 5.416758660000085, 59.504706122000073 ], [ 5.516368035000085, 59.539496161000045 ], [ 5.537364129000082, 59.576849677000041 ], [ 5.540049675000091, 59.59829336100006 ], [ 5.523610873000052, 59.617905992000033 ], [ 5.56413821700005, 59.676662502000056 ], [ 5.721934441000087, 59.663478908000059 ], [ 5.730967644000089, 59.647650458000044 ], [ 5.715586785000085, 59.60773346600007 ], [ 5.754405144000089, 59.609849351000037 ], [ 5.76343834700009, 59.614569403000075 ], [ 5.766856316000087, 59.645575262000079 ], [ 5.789073113000086, 59.656439520000049 ], [ 5.879405144000089, 59.655503648000035 ], [ 5.879405144000089, 59.676662502000056 ], [ 5.788584832000083, 59.660142320000034 ], [ 5.76343834700009, 59.662339585000041 ], [ 5.746104363000086, 59.675523179000038 ], [ 5.81421959700009, 59.729071356000077 ], [ 5.886241082000083, 59.738104559000078 ], [ 5.894053582000083, 59.761786200000074 ], [ 5.903086785000085, 59.764797268000052 ], [ 5.934092644000089, 59.744940497000073 ], [ 5.985850457000083, 59.735744533000059 ], [ 6.038096550000091, 59.745184637000079 ], [ 6.191742384000065, 59.805975653000075 ], [ 6.215179884000065, 59.827460028000075 ], [ 6.291758660000085, 59.840318101000037 ], [ 6.311534050000091, 59.854193427000041 ], [ 6.244313998000052, 59.843573309000078 ], [ 6.121918165000068, 59.804754950000074 ], [ 6.037119988000086, 59.764797268000052 ], [ 6.002289259000065, 59.758612372000073 ], [ 5.963877800000091, 59.759955145000049 ], [ 5.934092644000089, 59.779038804000038 ], [ 5.934418165000068, 59.794623114000046 ], [ 5.961436394000089, 59.816595770000049 ], [ 5.957530144000089, 59.84125397300005 ], [ 5.968923373000052, 59.861029364000046 ], [ 5.946787957000083, 59.855536200000074 ], [ 5.934255405000044, 59.841498114000046 ], [ 5.927256707000083, 59.802679755000042 ], [ 5.914398634000065, 59.791449286000045 ], [ 5.83171634200005, 59.772202867000033 ], [ 5.79037519600007, 59.789252020000049 ], [ 5.759613477000073, 59.816595770000049 ], [ 5.715098504000082, 59.831732489000046 ], [ 5.707530144000089, 59.838120835000041 ], [ 5.721853061000047, 59.861029364000046 ], [ 5.68140709700009, 59.841498114000046 ], [ 5.65984134200005, 59.839992580000057 ], [ 5.64616946700005, 59.854193427000041 ], [ 5.696543816000087, 59.862250067000048 ], [ 5.742930535000085, 59.882066148000035 ], [ 5.740244988000086, 59.909898179000038 ], [ 5.772227410000085, 59.930731512000079 ], [ 5.859629754000082, 59.950995184000078 ], [ 5.971527540000068, 59.959540106000077 ], [ 5.982595248000052, 59.98110586100006 ], [ 5.947764519000089, 59.99750397300005 ], [ 6.010020379000082, 60.057440497000073 ], [ 6.097992384000065, 60.091864325000074 ], [ 6.291026238000086, 60.121649481000077 ], [ 6.291026238000086, 60.129095770000049 ], [ 6.266449415000068, 60.127630927000041 ], [ 6.256846550000091, 60.162665106000077 ], [ 6.233409050000091, 60.154730536000045 ], [ 6.20053144600007, 60.125433661000045 ], [ 6.105316602000073, 60.107367255000042 ], [ 6.107758009000065, 60.134100653000075 ], [ 6.084320509000065, 60.16860586100006 ], [ 6.074961785000085, 60.198391018000052 ], [ 6.14234459700009, 60.21548086100006 ], [ 6.181162957000083, 60.258856512000079 ], [ 6.209157748000052, 60.27680084800005 ], [ 6.213389519000089, 60.286281643000052 ], [ 6.201670769000089, 60.299790757000039 ], [ 6.277354363000086, 60.313462632000039 ], [ 6.309418165000068, 60.337836005000042 ], [ 6.33334394600007, 60.342596747000073 ], [ 6.351817254000082, 60.368109442000048 ], [ 6.441661004000082, 60.388861395000049 ], [ 6.502696160000085, 60.430812893000052 ], [ 6.574229363000086, 60.43195221600007 ], [ 6.64039147200009, 60.416489976000037 ], [ 6.571787957000083, 60.330755927000041 ], [ 6.578379754000082, 60.306626695000034 ], [ 6.530528191000087, 60.262274481000077 ], [ 6.510101759000065, 60.135321356000077 ], [ 6.51693769600007, 60.080755927000041 ], [ 6.523773634000065, 60.080755927000041 ], [ 6.529144727000073, 60.163885809000078 ], [ 6.578379754000082, 60.224676825000074 ], [ 6.58179772200009, 60.238226630000042 ], [ 6.571543816000087, 60.272528387000079 ], [ 6.596364780000044, 60.294867255000042 ], [ 6.630381707000083, 60.357489325000074 ], [ 6.65406334700009, 60.382391669000071 ], [ 6.701426629000082, 60.399400132000039 ], [ 6.748301629000082, 60.446356512000079 ], [ 6.802582227000073, 60.472805080000057 ], [ 6.942149285000085, 60.492254950000074 ], [ 7.032481316000087, 60.477850653000075 ], [ 7.078786655000044, 60.479396877000056 ], [ 7.105967644000089, 60.505845445000034 ], [ 6.900563998000052, 60.505845445000034 ], [ 6.900563998000052, 60.512111721000053 ], [ 6.92514082100007, 60.51788971600007 ], [ 6.932465040000068, 60.533189195000034 ], [ 6.96265709700009, 60.53937409100007 ], [ 7.01726321700005, 60.587836005000042 ], [ 6.98804772200009, 60.589544989000046 ], [ 6.91342207100007, 60.552964585000041 ], [ 6.855967644000089, 60.503241278000075 ], [ 6.772308790000068, 60.485337632000039 ], [ 6.656097852000073, 60.433010158000059 ], [ 6.605642123000052, 60.433742580000057 ], [ 6.592051629000082, 60.443793036000045 ], [ 6.602305535000085, 60.465236721000053 ], [ 6.67359459700009, 60.500555731000077 ], [ 6.69507897200009, 60.518947658000059 ], [ 6.647715691000087, 60.513006903000075 ], [ 6.56185957100007, 60.462958075000074 ], [ 6.37086022200009, 60.424627997000073 ], [ 6.297211134000065, 60.388576565000051 ], [ 6.270762566000087, 60.389634507000039 ], [ 6.225271030000044, 60.412298895000049 ], [ 6.20834394600007, 60.430812893000052 ], [ 6.195323113000086, 60.46430084800005 ], [ 6.17750084700009, 60.47101471600007 ], [ 6.184825066000087, 60.440375067000048 ], [ 6.211761915000068, 60.405951239000046 ], [ 6.240977410000085, 60.387884833000044 ], [ 6.239431186000047, 60.378973700000074 ], [ 6.225433790000068, 60.373968817000048 ], [ 6.192149285000085, 60.38344961100006 ], [ 6.118988477000073, 60.368109442000048 ], [ 6.188649936000047, 60.355047919000071 ], [ 6.14031009200005, 60.306626695000034 ], [ 6.160655144000089, 60.286200262000079 ], [ 6.139903191000087, 60.254339911000045 ], [ 6.105316602000073, 60.245184637000079 ], [ 6.037119988000086, 60.269598700000074 ], [ 6.016612175000091, 60.272528387000079 ], [ 5.996429884000065, 60.264960028000075 ], [ 5.968923373000052, 60.217230536000045 ], [ 5.914724155000044, 60.168850002000056 ], [ 5.88998457100007, 60.159816799000055 ], [ 5.860524936000047, 60.163072007000039 ], [ 5.851573113000086, 60.149603583000044 ], [ 5.87273196700005, 60.087551174000055 ], [ 5.873383009000065, 60.050930080000057 ], [ 5.855967644000089, 60.02374909100007 ], [ 5.824554884000065, 60.007798570000034 ], [ 5.783864780000044, 60.004950262000079 ], [ 5.79070071700005, 60.019273179000038 ], [ 5.771657748000052, 60.023504950000074 ], [ 5.756032748000052, 59.990668036000045 ], [ 5.739268425000091, 59.99445221600007 ], [ 5.706065300000091, 60.008856512000079 ], [ 5.68140709700009, 60.039740302000041 ], [ 5.688649936000047, 60.06085846600007 ], [ 5.699473504000082, 60.066636460000041 ], [ 5.735524936000047, 60.060248114000046 ], [ 5.775726759000065, 60.065497137000079 ], [ 5.790537957000083, 60.076605536000045 ], [ 5.797536655000044, 60.09438711100006 ], [ 5.756602410000085, 60.09438711100006 ], [ 5.742442254000082, 60.082831122000073 ], [ 5.721202019000089, 60.083889065000051 ], [ 5.700205925000091, 60.103908596000053 ], [ 5.725596550000091, 60.118231512000079 ], [ 5.729177280000044, 60.132391669000071 ], [ 5.705577019000089, 60.160305080000057 ], [ 5.708262566000087, 60.176336981000077 ], [ 5.79070071700005, 60.204250393000052 ], [ 5.79070071700005, 60.211086330000057 ], [ 5.681162957000083, 60.190619208000044 ], [ 5.653575066000087, 60.176336981000077 ], [ 5.64616946700005, 60.149603583000044 ], [ 5.617035352000073, 60.149969794000071 ], [ 5.593028191000087, 60.138576565000051 ], [ 5.572764519000089, 60.141302802000041 ], [ 5.543711785000085, 60.162665106000077 ], [ 5.574066602000073, 60.176743882000039 ], [ 5.578135613000086, 60.187974351000037 ], [ 5.56413821700005, 60.204250393000052 ], [ 5.600271030000044, 60.206000067000048 ], [ 5.708262566000087, 60.232163804000038 ], [ 5.708262566000087, 60.238348700000074 ], [ 5.598399285000085, 60.232163804000038 ], [ 5.638194207000083, 60.264105536000045 ], [ 5.633067254000082, 60.272528387000079 ], [ 5.614756707000083, 60.272162177000041 ], [ 5.571543816000087, 60.238348700000074 ], [ 5.574961785000085, 60.255926825000074 ], [ 5.605723504000082, 60.275580145000049 ], [ 5.667246941000087, 60.355047919000071 ], [ 5.719004754000082, 60.370428778000075 ], [ 5.732432488000086, 60.378973700000074 ], [ 5.736582879000082, 60.39203522300005 ], [ 5.67318769600007, 60.372992255000042 ], [ 5.639903191000087, 60.347601630000042 ], [ 5.633067254000082, 60.368109442000048 ], [ 5.598887566000087, 60.33344147300005 ], [ 5.57789147200009, 60.289536851000037 ], [ 5.526621941000087, 60.217230536000045 ], [ 5.438487175000091, 60.172105210000041 ], [ 5.40984134200005, 60.131333726000037 ], [ 5.351817254000082, 60.155829169000071 ], [ 5.37240644600007, 60.162665106000077 ], [ 5.37240644600007, 60.170111395000049 ], [ 5.30404707100007, 60.190619208000044 ], [ 5.324880405000044, 60.205267645000049 ], [ 5.351817254000082, 60.211086330000057 ], [ 5.351817254000082, 60.217230536000045 ], [ 5.320811394000089, 60.221747137000079 ], [ 5.250824415000068, 60.207464911000045 ], [ 5.222829623000052, 60.211086330000057 ], [ 5.297129754000082, 60.249212958000044 ], [ 5.31031334700009, 60.265692450000074 ], [ 5.170664910000085, 60.278713283000059 ], [ 5.161631707000083, 60.294989325000074 ], [ 5.170664910000085, 60.317206122000073 ], [ 5.22828209700009, 60.32094961100006 ], [ 5.198741082000083, 60.338364976000037 ], [ 5.147227410000085, 60.343736070000034 ], [ 5.140961134000065, 60.351385809000078 ], [ 5.146494988000086, 60.368109442000048 ], [ 5.177744988000086, 60.388576565000051 ], [ 5.265635613000086, 60.38703034100007 ], [ 5.297862175000091, 60.395982164000031 ], [ 5.250173373000052, 60.430812893000052 ], [ 5.263194207000083, 60.45062897300005 ], [ 5.237071160000085, 60.473781643000052 ], [ 5.238291863000086, 60.489203192000048 ], [ 5.280284050000091, 60.522365627000056 ], [ 5.305837436000047, 60.528265692000048 ], [ 5.47624759200005, 60.435044664000031 ], [ 5.573252800000091, 60.414943752000056 ], [ 5.617686394000089, 60.417181708000044 ], [ 5.653575066000087, 60.430812893000052 ], [ 5.649668816000087, 60.447821356000077 ], [ 5.708262566000087, 60.471136786000045 ], [ 5.714040561000047, 60.484279690000051 ], [ 5.71062259200005, 60.603094794000071 ], [ 5.721527540000068, 60.639390367000033 ], [ 5.742930535000085, 60.656683661000045 ], [ 5.723155144000089, 60.667629299000055 ], [ 5.725840691000087, 60.686021226000037 ], [ 5.74976647200009, 60.718166408000059 ], [ 5.708506707000083, 60.70258209800005 ], [ 5.66382897200009, 60.703924872000073 ], [ 5.671397332000083, 60.727118231000077 ], [ 5.695160352000073, 60.752346096000053 ], [ 5.675629102000073, 60.757757880000042 ], [ 5.647634311000047, 60.727118231000077 ], [ 5.59156334700009, 60.697699286000045 ], [ 5.533457879000082, 60.697699286000045 ], [ 5.52320397200009, 60.686916408000059 ], [ 5.535899285000085, 60.639553127000056 ], [ 5.526621941000087, 60.628729559000078 ], [ 5.44312584700009, 60.61469147300005 ], [ 5.37240644600007, 60.58038971600007 ], [ 5.300059441000087, 60.560777085000041 ], [ 5.250498894000089, 60.563421942000048 ], [ 5.222829623000052, 60.574164130000042 ], [ 5.084971550000091, 60.662909247000073 ], [ 5.123220248000052, 60.660223700000074 ], [ 5.222829623000052, 60.615139065000051 ], [ 5.22828209700009, 60.621323960000041 ], [ 5.16179446700005, 60.669989325000074 ], [ 5.084971550000091, 60.711371161000045 ], [ 5.146494988000086, 60.703924872000073 ], [ 5.125824415000068, 60.724432684000078 ], [ 5.061371290000068, 60.730902411000045 ], [ 5.03296959700009, 60.741685289000031 ], [ 4.985118035000085, 60.779852606000077 ], [ 4.926768425000091, 60.800116278000075 ], [ 4.981455925000091, 60.808783270000049 ], [ 5.05640709700009, 60.778998114000046 ], [ 5.10914147200009, 60.77374909100007 ], [ 5.176768425000091, 60.74164459800005 ], [ 5.280121290000068, 60.721828518000052 ], [ 5.304209832000083, 60.711981512000079 ], [ 5.31031334700009, 60.676011460000041 ], [ 5.347992384000065, 60.640448309000078 ], [ 5.37240644600007, 60.635646877000056 ], [ 5.356944207000083, 60.645453192000048 ], [ 5.351817254000082, 60.662909247000073 ], [ 5.433848504000082, 60.628729559000078 ], [ 5.37086022200009, 60.674383856000077 ], [ 5.379242384000065, 60.684027411000045 ], [ 5.433848504000082, 60.662909247000073 ], [ 5.430918816000087, 60.673773505000042 ], [ 5.410411004000082, 60.688666083000044 ], [ 5.413340691000087, 60.703924872000073 ], [ 5.37240644600007, 60.718166408000059 ], [ 5.354991082000083, 60.744818427000041 ], [ 5.284190300000091, 60.747748114000046 ], [ 5.238942905000044, 60.763861395000049 ], [ 5.235850457000083, 60.776190497000073 ], [ 5.284353061000047, 60.799546617000033 ], [ 5.351817254000082, 60.81313711100006 ], [ 5.338145379000082, 60.839829820000034 ], [ 5.356455925000091, 60.852850653000075 ], [ 5.430837436000047, 60.869330145000049 ], [ 5.496918165000068, 60.862941799000055 ], [ 5.53687584700009, 60.875799872000073 ], [ 5.479665561000047, 60.884588934000078 ], [ 5.470876498000052, 60.896144924000055 ], [ 5.49586022200009, 60.909979559000078 ], [ 5.471690300000091, 60.907456773000035 ], [ 5.399668816000087, 60.882025458000044 ], [ 5.348399285000085, 60.877834377000056 ], [ 5.326670769000089, 60.868150132000039 ], [ 5.31771894600007, 60.844427802000041 ], [ 5.293223504000082, 60.822739976000037 ], [ 5.239756707000083, 60.817124742000033 ], [ 5.187836134000065, 60.827704169000071 ], [ 5.16765384200005, 60.854681708000044 ], [ 5.164398634000065, 60.830877997000073 ], [ 5.149261915000068, 60.814927476000037 ], [ 5.131032748000052, 60.812079169000071 ], [ 5.118418816000087, 60.827378648000035 ], [ 5.132823113000086, 60.834865627000056 ], [ 5.066661004000082, 60.834540106000077 ], [ 5.047129754000082, 60.844427802000041 ], [ 5.010508660000085, 60.909816799000055 ], [ 5.009287957000083, 60.926703192000048 ], [ 4.981944207000083, 60.950873114000046 ], [ 4.990570509000065, 60.962469794000071 ], [ 5.011973504000082, 60.965033270000049 ], [ 5.077403191000087, 60.949652411000045 ], [ 5.082367384000065, 60.888820705000057 ], [ 5.100759311000047, 60.877752997000073 ], [ 5.098643425000091, 60.950873114000046 ], [ 5.142832879000082, 60.972154039000031 ], [ 5.14031009200005, 60.991888739000046 ], [ 5.07789147200009, 60.971380927000041 ], [ 5.012705925000091, 60.981919664000031 ], [ 5.003916863000086, 61.016058661000045 ], [ 5.016123894000089, 61.046535549000055 ], [ 5.068614129000082, 61.073553778000075 ], [ 5.135101759000065, 61.076727606000077 ], [ 5.31226647200009, 61.032171942000048 ], [ 5.433848504000082, 61.026597398000035 ], [ 5.448415561000047, 60.995428778000075 ], [ 5.467051629000082, 61.007391669000071 ], [ 5.454274936000047, 61.03656647300005 ], [ 5.460215691000087, 61.049994208000044 ], [ 5.52711022200009, 61.075425523000035 ], [ 5.639903191000087, 61.060126044000071 ], [ 5.639903191000087, 61.067572333000044 ], [ 5.597666863000086, 61.085150458000044 ], [ 5.656260613000086, 61.094142971000053 ], [ 5.674001498000052, 61.088080145000049 ], [ 5.73609459700009, 61.109930731000077 ], [ 5.773936394000089, 61.114447333000044 ], [ 5.79070071700005, 61.104885158000059 ], [ 5.78093509200005, 61.064357815000051 ], [ 5.84538821700005, 61.094305731000077 ], [ 5.83171634200005, 61.108587958000044 ], [ 5.863617384000065, 61.117865302000041 ], [ 5.976573113000086, 61.120794989000046 ], [ 6.030446811000047, 61.114732164000031 ], [ 6.098480665000068, 61.122219143000052 ], [ 6.258067254000082, 61.093817450000074 ], [ 6.270762566000087, 61.077093817000048 ], [ 6.266286655000044, 61.058742580000057 ], [ 6.242523634000065, 61.046535549000055 ], [ 6.27475019600007, 61.047919012000079 ], [ 6.312022332000083, 61.068508205000057 ], [ 6.359222852000073, 61.067572333000044 ], [ 6.370290561000047, 61.056301174000055 ], [ 6.338715040000068, 61.01235586100006 ], [ 6.355967644000089, 61.010931708000044 ], [ 6.372894727000073, 61.01235586100006 ], [ 6.374522332000083, 61.03742096600007 ], [ 6.437673373000052, 61.081244208000044 ], [ 6.545664910000085, 61.104071356000077 ], [ 6.585785352000073, 61.142726955000057 ], [ 6.600596550000091, 61.17523834800005 ], [ 6.648448113000086, 61.157456773000035 ], [ 6.78679446700005, 61.150336005000042 ], [ 6.836680535000085, 61.139349677000041 ], [ 6.856211785000085, 61.128119208000044 ], [ 6.868174675000091, 61.090277411000045 ], [ 6.955821160000085, 61.088080145000049 ], [ 7.009776238000086, 61.008937893000052 ], [ 6.98796634200005, 60.990179755000042 ], [ 6.939300977000073, 60.973211981000077 ], [ 6.873789910000085, 60.937241929000038 ], [ 6.965017123000052, 60.965521552000041 ], [ 7.010996941000087, 60.971136786000045 ], [ 7.051442905000044, 60.964544989000046 ], [ 7.130137566000087, 60.926703192000048 ], [ 7.131602410000085, 60.912176825000074 ], [ 7.105967644000089, 60.861558335000041 ], [ 7.157481316000087, 60.897447007000039 ], [ 7.17156009200005, 60.924017645000049 ], [ 7.161306186000047, 60.950873114000046 ], [ 7.09351647200009, 60.963812567000048 ], [ 7.043955925000091, 61.026597398000035 ], [ 7.013845248000052, 61.051743882000039 ], [ 7.000336134000065, 61.092922268000052 ], [ 7.059743686000047, 61.107001044000071 ], [ 7.166270379000082, 61.110052802000041 ], [ 7.222666863000086, 61.140366929000038 ], [ 7.30445397200009, 61.130275783000059 ], [ 7.369151238000086, 61.104681708000044 ], [ 7.435557488000086, 61.101141669000071 ], [ 7.435557488000086, 61.108587958000044 ], [ 7.39226321700005, 61.116278387000079 ], [ 7.346202019000089, 61.142726955000057 ], [ 7.405284050000091, 61.16742584800005 ], [ 7.427012566000087, 61.18585846600007 ], [ 7.454356316000087, 61.192775783000059 ], [ 7.606211785000085, 61.198309637000079 ], [ 7.655284050000091, 61.206854559000078 ], [ 7.69499759200005, 61.232082424000055 ], [ 7.633555535000085, 61.224595445000034 ], [ 7.600352410000085, 61.21234772300005 ], [ 7.38843834700009, 61.198187567000048 ], [ 7.358897332000083, 61.205633856000077 ], [ 7.346202019000089, 61.221502997000073 ], [ 7.33570397200009, 61.274359442000048 ], [ 7.312022332000083, 61.287298895000049 ], [ 7.31381269600007, 61.308417059000078 ], [ 7.355804884000065, 61.326239325000074 ], [ 7.380707227000073, 61.378322658000059 ], [ 7.42123457100007, 61.39594147300005 ], [ 7.467539910000085, 61.438462632000039 ], [ 7.535655144000089, 61.456529039000031 ], [ 7.57203209700009, 61.485337632000039 ], [ 7.488617384000065, 61.460435289000031 ], [ 7.346202019000089, 61.389105536000045 ], [ 7.263682488000086, 61.39594147300005 ], [ 7.308848504000082, 61.363836981000077 ], [ 7.305186394000089, 61.348130601000037 ], [ 7.244965040000068, 61.30805084800005 ], [ 7.239756707000083, 61.297267971000053 ], [ 7.29818769600007, 61.260565497000073 ], [ 7.30990644600007, 61.217596747000073 ], [ 7.322520379000082, 61.20538971600007 ], [ 7.359711134000065, 61.191107489000046 ], [ 7.305186394000089, 61.163234768000052 ], [ 7.213715040000068, 61.183661200000074 ], [ 7.161306186000047, 61.169989325000074 ], [ 7.153493686000047, 61.15460846600007 ], [ 7.137217644000089, 61.145697333000044 ], [ 7.009776238000086, 61.129095770000049 ], [ 6.953135613000086, 61.11163971600007 ], [ 6.93531334700009, 61.114732164000031 ], [ 6.917246941000087, 61.136297919000071 ], [ 7.00359134200005, 61.183661200000074 ], [ 6.95053144600007, 61.167222398000035 ], [ 6.89429772200009, 61.163234768000052 ], [ 6.810069207000083, 61.181626695000034 ], [ 6.664724155000044, 61.195135809000078 ], [ 6.557871941000087, 61.224595445000034 ], [ 6.56999759200005, 61.240790106000077 ], [ 6.623057488000086, 61.269354559000078 ], [ 6.660329623000052, 61.320868231000077 ], [ 6.69507897200009, 61.344712632000039 ], [ 6.715586785000085, 61.390692450000074 ], [ 6.71461022200009, 61.400295315000051 ], [ 6.701914910000085, 61.402777411000045 ], [ 6.636892123000052, 61.309556382000039 ], [ 6.603363477000073, 61.27875397300005 ], [ 6.564707879000082, 61.265611070000034 ], [ 6.52711022200009, 61.287298895000049 ], [ 6.501149936000047, 61.268133856000077 ], [ 6.523773634000065, 61.232082424000055 ], [ 6.526215040000068, 61.21234772300005 ], [ 6.537364129000082, 61.204169012000079 ], [ 6.465098504000082, 61.207586981000077 ], [ 6.498301629000082, 61.192328192000048 ], [ 6.506195509000065, 61.146958726000037 ], [ 6.484711134000065, 61.130764065000051 ], [ 6.434336785000085, 61.114732164000031 ], [ 6.372325066000087, 61.114081122000073 ], [ 6.282725457000083, 61.125433661000045 ], [ 6.203949415000068, 61.148667710000041 ], [ 6.174327019000089, 61.183661200000074 ], [ 6.130137566000087, 61.159328518000052 ], [ 6.073496941000087, 61.148016669000071 ], [ 6.014008009000065, 61.149481512000079 ], [ 5.961436394000089, 61.163234768000052 ], [ 6.027842644000089, 61.18813711100006 ], [ 6.037119988000086, 61.204169012000079 ], [ 5.940928582000083, 61.169989325000074 ], [ 5.80445397200009, 61.155747789000031 ], [ 5.783457879000082, 61.164984442000048 ], [ 5.78296959700009, 61.196600653000075 ], [ 5.770274285000085, 61.191107489000046 ], [ 5.74976647200009, 61.155747789000031 ], [ 5.702159050000091, 61.155503648000035 ], [ 5.695160352000073, 61.146144924000055 ], [ 5.675954623000052, 61.142279364000046 ], [ 5.557302280000044, 61.136460679000038 ], [ 5.475433790000068, 61.094305731000077 ], [ 5.423675977000073, 61.079657294000071 ], [ 5.37663821700005, 61.080471096000053 ], [ 5.334483269000089, 61.096869208000044 ], [ 5.297862175000091, 61.129095770000049 ], [ 5.259938998000052, 61.109849351000037 ], [ 5.193858269000089, 61.105292059000078 ], [ 5.160166863000086, 61.129095770000049 ], [ 5.169932488000086, 61.139960028000075 ], [ 5.22828209700009, 61.142726955000057 ], [ 5.16187584700009, 61.156195380000042 ], [ 5.125173373000052, 61.145086981000077 ], [ 5.044118686000047, 61.163234768000052 ], [ 5.059336785000085, 61.187974351000037 ], [ 5.118174675000091, 61.185980536000045 ], [ 5.222829623000052, 61.163234768000052 ], [ 5.214691602000073, 61.183661200000074 ], [ 5.250173373000052, 61.183661200000074 ], [ 5.167816602000073, 61.220770575000074 ], [ 5.020762566000087, 61.216498114000046 ], [ 4.988780144000089, 61.224595445000034 ], [ 5.052256707000083, 61.233791408000059 ], [ 5.064463738000086, 61.245754299000055 ], [ 5.012950066000087, 61.23663971600007 ], [ 4.982758009000065, 61.256984768000052 ], [ 4.954600457000083, 61.25259023600006 ], [ 4.979991082000083, 61.275336005000042 ], [ 5.016123894000089, 61.287298895000049 ], [ 5.07398522200009, 61.295721747000073 ], [ 5.095225457000083, 61.307196356000077 ], [ 5.159353061000047, 61.311102606000077 ], [ 5.177744988000086, 61.339422919000071 ], [ 5.201508009000065, 61.342718817000048 ], [ 5.279307488000086, 61.321356512000079 ], [ 5.297862175000091, 61.300970770000049 ], [ 5.320648634000065, 61.25226471600007 ], [ 5.334483269000089, 61.256008205000057 ], [ 5.337412957000083, 61.268744208000044 ], [ 5.320811394000089, 61.317450262000079 ], [ 5.256358269000089, 61.348130601000037 ], [ 5.440603061000047, 61.367417710000041 ], [ 5.633067254000082, 61.361802476000037 ], [ 5.599619988000086, 61.375921942000048 ], [ 5.554535352000073, 61.378322658000059 ], [ 5.164317254000082, 61.35610586100006 ], [ 5.093272332000083, 61.328802802000041 ], [ 5.058441602000073, 61.323472398000035 ], [ 5.006358269000089, 61.347479559000078 ], [ 4.995616082000083, 61.361802476000037 ], [ 4.998789910000085, 61.376898505000042 ], [ 5.028330925000091, 61.401556708000044 ], [ 5.044118686000047, 61.402777411000045 ], [ 5.062673373000052, 61.374579169000071 ], [ 5.078135613000086, 61.382961330000057 ], [ 5.078135613000086, 61.410223700000074 ], [ 5.118418816000087, 61.416408596000053 ], [ 5.111664259000065, 61.430731512000079 ], [ 5.071462436000047, 61.417059637000079 ], [ 4.947927280000044, 61.410223700000074 ], [ 4.947927280000044, 61.416408596000053 ], [ 5.057139519000089, 61.444322007000039 ], [ 5.16342207100007, 61.450832424000055 ], [ 5.187998894000089, 61.464829820000034 ], [ 5.180511915000068, 61.472316799000055 ], [ 5.310801629000082, 61.449408270000049 ], [ 5.33757571700005, 61.464829820000034 ], [ 5.483897332000083, 61.431708075000074 ], [ 5.51889082100007, 61.430121161000045 ], [ 5.543711785000085, 61.43695709800005 ], [ 5.53687584700009, 61.444322007000039 ], [ 5.619395379000082, 61.457993882000039 ], [ 5.650889519000089, 61.48187897300005 ], [ 5.667246941000087, 61.485337632000039 ], [ 5.73601321700005, 61.484605210000041 ], [ 5.770355665000068, 61.455145575000074 ], [ 5.80445397200009, 61.451157945000034 ], [ 5.80445397200009, 61.457993882000039 ], [ 5.781748894000089, 61.465643622000073 ], [ 5.746755405000044, 61.492987372000073 ], [ 5.72242272200009, 61.498968817000048 ], [ 5.637868686000047, 61.494370835000041 ], [ 5.574717644000089, 61.464829820000034 ], [ 5.523610873000052, 61.464667059000078 ], [ 5.460948113000086, 61.452826239000046 ], [ 5.437998894000089, 61.460435289000031 ], [ 5.441254102000073, 61.47915273600006 ], [ 5.39779707100007, 61.486883856000077 ], [ 5.290293816000087, 61.479641018000052 ], [ 5.253184441000087, 61.495266018000052 ], [ 5.178233269000089, 61.509751695000034 ], [ 5.138926629000082, 61.524115302000041 ], [ 5.146494988000086, 61.539984442000048 ], [ 5.14031009200005, 61.554185289000031 ], [ 5.201670769000089, 61.546820380000042 ], [ 5.246429884000065, 61.554185289000031 ], [ 5.358164910000085, 61.554185289000031 ], [ 5.358164910000085, 61.561021226000037 ], [ 5.172048373000052, 61.585516669000071 ], [ 5.146494988000086, 61.595200914000031 ], [ 5.33757571700005, 61.595200914000031 ], [ 5.31031334700009, 61.588934637000079 ], [ 5.31031334700009, 61.582180080000057 ], [ 5.402598504000082, 61.580308335000041 ], [ 5.427012566000087, 61.588934637000079 ], [ 5.270030144000089, 61.615668036000045 ], [ 5.320160352000073, 61.628729559000078 ], [ 5.340668165000068, 61.643133856000077 ], [ 5.283702019000089, 61.642320054000038 ], [ 5.229258660000085, 61.628729559000078 ], [ 4.992686394000089, 61.630438544000071 ], [ 4.968272332000083, 61.636135158000059 ], [ 4.939626498000052, 61.67837148600006 ], [ 4.968272332000083, 61.697658596000053 ], [ 4.960459832000083, 61.706691799000055 ], [ 4.962738477000073, 61.71710846600007 ], [ 4.988780144000089, 61.725531317000048 ], [ 4.974457227000073, 61.73859284100007 ], [ 4.988129102000073, 61.746893622000073 ], [ 5.053965691000087, 61.750392971000053 ], [ 5.07553144600007, 61.742865302000041 ], [ 5.078135613000086, 61.732367255000042 ], [ 5.10482832100007, 61.732367255000042 ], [ 5.125987175000091, 61.718085028000075 ], [ 5.16765384200005, 61.725531317000048 ], [ 5.125987175000091, 61.752183335000041 ], [ 5.190196160000085, 61.768947658000059 ], [ 5.064463738000086, 61.759711005000042 ], [ 5.103851759000065, 61.785386460000041 ], [ 5.270030144000089, 61.827948309000078 ], [ 5.256358269000089, 61.83539459800005 ], [ 5.33757571700005, 61.841620184000078 ], [ 5.291514519000089, 61.851507880000042 ], [ 5.29037519600007, 61.862127997000073 ], [ 5.362559441000087, 61.905462958000044 ], [ 5.394786004000082, 61.911078192000048 ], [ 5.487803582000083, 61.907863674000055 ], [ 5.540293816000087, 61.896877346000053 ], [ 5.600271030000044, 61.899115302000041 ], [ 5.675791863000086, 61.886948960000041 ], [ 5.742930535000085, 61.848456122000073 ], [ 5.640798373000052, 61.835109768000052 ], [ 5.619395379000082, 61.814927476000037 ], [ 5.735524936000047, 61.83539459800005 ], [ 5.922618035000085, 61.850287177000041 ], [ 5.940928582000083, 61.845038153000075 ], [ 5.946299675000091, 61.83734772300005 ], [ 5.92709394600007, 61.782416083000044 ], [ 5.90015709700009, 61.75063711100006 ], [ 5.899261915000068, 61.73859284100007 ], [ 5.942230665000068, 61.768703518000052 ], [ 5.972911004000082, 61.831122137000079 ], [ 5.992035352000073, 61.83539459800005 ], [ 6.058929884000065, 61.808294989000046 ], [ 6.098643425000091, 61.778876044000071 ], [ 6.123383009000065, 61.769924221000053 ], [ 6.181162957000083, 61.766546942000048 ], [ 6.170909050000091, 61.780462958000044 ], [ 6.057627800000091, 61.827948309000078 ], [ 6.057627800000091, 61.83539459800005 ], [ 6.29070071700005, 61.83539459800005 ], [ 6.383799675000091, 61.807440497000073 ], [ 6.473806186000047, 61.804632880000042 ], [ 6.521332227000073, 61.814195054000038 ], [ 6.55046634200005, 61.848456122000073 ], [ 6.58961022200009, 61.870835679000038 ], [ 6.66732832100007, 61.873195705000057 ], [ 6.746348504000082, 61.855861721000053 ], [ 6.777679884000065, 61.84125397300005 ], [ 6.818614129000082, 61.869574286000045 ], [ 6.818614129000082, 61.87641022300005 ], [ 6.771006707000083, 61.870306708000044 ], [ 6.69507897200009, 61.883205471000053 ], [ 6.677989129000082, 61.896877346000053 ], [ 6.555511915000068, 61.878322658000059 ], [ 6.510101759000065, 61.83539459800005 ], [ 6.47624759200005, 61.825344143000052 ], [ 6.258555535000085, 61.856268622000073 ], [ 6.09546959700009, 61.848456122000073 ], [ 6.037119988000086, 61.869574286000045 ], [ 5.961436394000089, 61.869574286000045 ], [ 5.886241082000083, 61.883205471000053 ], [ 5.828623894000089, 61.869574286000045 ], [ 5.80445397200009, 61.855861721000053 ], [ 5.729258660000085, 61.889390367000033 ], [ 5.729258660000085, 61.896877346000053 ], [ 5.93327884200005, 61.903021552000041 ], [ 5.961436394000089, 61.909857489000046 ], [ 5.961436394000089, 61.916693427000041 ], [ 5.645355665000068, 61.924790757000039 ], [ 5.516612175000091, 61.93813711100006 ], [ 5.450205925000091, 61.925197658000059 ], [ 5.427012566000087, 61.93781159100007 ], [ 5.276866082000083, 61.909857489000046 ], [ 5.193695509000065, 61.912339585000041 ], [ 5.155772332000083, 61.896063544000071 ], [ 5.098643425000091, 61.916693427000041 ], [ 5.125987175000091, 61.944037177000041 ], [ 5.14031009200005, 61.97134023600006 ], [ 5.155528191000087, 61.97601959800005 ], [ 5.173838738000086, 61.958319403000075 ], [ 5.201670769000089, 61.97134023600006 ], [ 5.22828209700009, 61.958319403000075 ], [ 5.238617384000065, 61.960638739000046 ], [ 5.250173373000052, 61.978745835000041 ], [ 5.301524285000085, 62.002875067000048 ], [ 5.31031334700009, 62.026556708000044 ], [ 5.37671959700009, 62.016058661000045 ], [ 5.40015709700009, 62.020005601000037 ], [ 5.385996941000087, 62.034002997000073 ], [ 5.340993686000047, 62.036851304000038 ], [ 5.297862175000091, 62.068182684000078 ], [ 5.208506707000083, 62.102280992000033 ], [ 5.10914147200009, 62.109116929000038 ], [ 5.091807488000086, 62.122748114000046 ], [ 5.125987175000091, 62.129584052000041 ], [ 5.070648634000065, 62.163763739000046 ], [ 5.091807488000086, 62.170599677000041 ], [ 5.078135613000086, 62.18423086100006 ], [ 5.084971550000091, 62.191066799000055 ], [ 5.146494988000086, 62.191066799000055 ], [ 5.146494988000086, 62.204738674000055 ], [ 5.16968834700009, 62.214504299000055 ], [ 5.274587436000047, 62.169419664000031 ], [ 5.270030144000089, 62.135809637000079 ], [ 5.317881707000083, 62.106512762000079 ], [ 5.390961134000065, 62.088364976000037 ], [ 5.451426629000082, 62.061712958000044 ], [ 5.461680535000085, 62.006740627000056 ], [ 5.495941602000073, 62.027573960000041 ], [ 5.536387566000087, 62.079046942000048 ], [ 5.560883009000065, 62.07953522300005 ], [ 5.59156334700009, 62.068182684000078 ], [ 5.564707879000082, 62.089667059000078 ], [ 5.420176629000082, 62.109116929000038 ], [ 5.390961134000065, 62.123236395000049 ], [ 5.420583530000044, 62.175930080000057 ], [ 5.431162957000083, 62.18618398600006 ], [ 5.454274936000047, 62.191066799000055 ], [ 5.524099155000044, 62.174017645000049 ], [ 5.622080925000091, 62.164862372000073 ], [ 5.639903191000087, 62.157538153000075 ], [ 5.66146894600007, 62.12140534100007 ], [ 5.74976647200009, 62.088609117000033 ], [ 5.668304884000065, 62.143500067000048 ], [ 5.667246941000087, 62.170599677000041 ], [ 5.684743686000047, 62.179022528000075 ], [ 5.786143425000091, 62.180487372000073 ], [ 5.857432488000086, 62.204250393000052 ], [ 5.905528191000087, 62.190904039000031 ], [ 5.92546634200005, 62.163641669000071 ], [ 5.920583530000044, 62.119696356000077 ], [ 5.907074415000068, 62.093573309000078 ], [ 5.852549675000091, 62.051214911000045 ], [ 5.84538821700005, 62.019720770000049 ], [ 5.936696811000047, 62.08734772300005 ], [ 5.954600457000083, 62.139960028000075 ], [ 5.970957879000082, 62.13898346600007 ], [ 6.04428144600007, 62.099269924000055 ], [ 6.055186394000089, 62.086086330000057 ], [ 6.050791863000086, 62.068182684000078 ], [ 6.125254754000082, 62.08266836100006 ], [ 6.20834394600007, 62.081244208000044 ], [ 6.366709832000083, 62.061346747000073 ], [ 6.366709832000083, 62.068182684000078 ], [ 6.088633660000085, 62.109116929000038 ], [ 5.982595248000052, 62.18423086100006 ], [ 5.928721550000091, 62.198919989000046 ], [ 5.920583530000044, 62.208156643000052 ], [ 5.926036004000082, 62.225490627000056 ], [ 5.939707879000082, 62.229396877000056 ], [ 6.01726321700005, 62.206976630000042 ], [ 6.064463738000086, 62.204738674000055 ], [ 5.992035352000073, 62.218410549000055 ], [ 5.965179884000065, 62.244086005000042 ], [ 5.947764519000089, 62.245672919000071 ], [ 5.978363477000073, 62.279730536000045 ], [ 6.027679884000065, 62.305731512000079 ], [ 6.310801629000082, 62.372056382000039 ], [ 6.372894727000073, 62.314601955000057 ], [ 6.393402540000068, 62.280462958000044 ], [ 6.459971550000091, 62.247992255000042 ], [ 6.55046634200005, 62.170599677000041 ], [ 6.560801629000082, 62.152085679000038 ], [ 6.556895379000082, 62.138413804000038 ], [ 6.530528191000087, 62.109116929000038 ], [ 6.592051629000082, 62.135809637000079 ], [ 6.580902540000068, 62.160345770000049 ], [ 6.494883660000085, 62.253119208000044 ], [ 6.41765384200005, 62.31118398600006 ], [ 6.39779707100007, 62.336655992000033 ], [ 6.38998457100007, 62.36469147300005 ], [ 6.400238477000073, 62.387193101000037 ], [ 6.434336785000085, 62.396470445000034 ], [ 6.500254754000082, 62.399318752000056 ], [ 6.533946160000085, 62.383490302000041 ], [ 6.564707879000082, 62.355536200000074 ], [ 6.558929884000065, 62.398382880000042 ], [ 6.544200066000087, 62.403957424000055 ], [ 6.544200066000087, 62.41079336100006 ], [ 6.70875084700009, 62.451727606000077 ], [ 6.748301629000082, 62.434149481000077 ], [ 6.879161004000082, 62.417914130000042 ], [ 6.873789910000085, 62.355536200000074 ], [ 6.989268425000091, 62.273016669000071 ], [ 6.99935957100007, 62.253485419000071 ], [ 7.00521894600007, 62.194281317000048 ], [ 6.94271894600007, 62.13735586100006 ], [ 6.938731316000087, 62.121812242000033 ], [ 6.955821160000085, 62.102280992000033 ], [ 6.98796634200005, 62.08930084800005 ], [ 7.02125084700009, 62.090765692000048 ], [ 7.13998457100007, 62.116603908000059 ], [ 7.187836134000065, 62.102280992000033 ], [ 7.149668816000087, 62.130804755000042 ], [ 7.029958530000044, 62.100409247000073 ], [ 6.979340040000068, 62.112860419000071 ], [ 6.973399285000085, 62.129380601000037 ], [ 7.02711022200009, 62.167181708000044 ], [ 7.037119988000086, 62.183823960000041 ], [ 7.028086785000085, 62.266017971000053 ], [ 7.051442905000044, 62.27602773600006 ], [ 7.112803582000083, 62.280462958000044 ], [ 7.209239129000082, 62.250881252000056 ], [ 7.281260613000086, 62.280829169000071 ], [ 7.310720248000052, 62.28156159100007 ], [ 7.39584394600007, 62.234930731000077 ], [ 7.415049675000091, 62.232001044000071 ], [ 7.415049675000091, 62.239447333000044 ], [ 7.373545769000089, 62.273016669000071 ], [ 7.293467644000089, 62.297919012000079 ], [ 7.161306186000047, 62.286607164000031 ], [ 7.021332227000073, 62.303778387000079 ], [ 6.957041863000086, 62.325344143000052 ], [ 6.914073113000086, 62.369818427000041 ], [ 6.975596550000091, 62.376654364000046 ], [ 6.851573113000086, 62.454494533000059 ], [ 6.756521030000044, 62.464789130000042 ], [ 6.79070071700005, 62.478420315000051 ], [ 6.690196160000085, 62.477525132000039 ], [ 6.483653191000087, 62.430731512000079 ], [ 6.397715691000087, 62.425034898000035 ], [ 6.359222852000073, 62.431219794000071 ], [ 6.304698113000086, 62.459173895000049 ], [ 6.242930535000085, 62.451117255000042 ], [ 6.222666863000086, 62.459173895000049 ], [ 6.24968509200005, 62.467962958000044 ], [ 6.338715040000068, 62.472235419000071 ], [ 6.453623894000089, 62.502386786000045 ], [ 6.674571160000085, 62.492743231000077 ], [ 6.674571160000085, 62.499579169000071 ], [ 6.613780144000089, 62.52016836100006 ], [ 6.567149285000085, 62.510321356000077 ], [ 6.476084832000083, 62.513169664000031 ], [ 6.476084832000083, 62.520005601000037 ], [ 6.564707879000082, 62.527492580000057 ], [ 6.53296959700009, 62.536851304000038 ], [ 6.26303144600007, 62.527492580000057 ], [ 6.270518425000091, 62.554917710000041 ], [ 6.24935957100007, 62.574652411000045 ], [ 6.266123894000089, 62.592962958000044 ], [ 6.319590691000087, 62.608547268000052 ], [ 6.537364129000082, 62.615627346000053 ], [ 6.583262566000087, 62.599310614000046 ], [ 6.601084832000083, 62.581854559000078 ], [ 6.605723504000082, 62.560980536000045 ], [ 6.612559441000087, 62.560980536000045 ], [ 6.622243686000047, 62.588812567000048 ], [ 6.622080925000091, 62.601223049000055 ], [ 6.612559441000087, 62.609442450000074 ], [ 6.621592644000089, 62.619574286000045 ], [ 6.641368035000085, 62.61945221600007 ], [ 6.646657748000052, 62.609442450000074 ], [ 6.686696811000047, 62.633734442000048 ], [ 6.756114129000082, 62.65460846600007 ], [ 6.881846550000091, 62.601548570000034 ], [ 6.900563998000052, 62.588324286000045 ], [ 6.90015709700009, 62.575588283000059 ], [ 6.917816602000073, 62.574652411000045 ], [ 6.920664910000085, 62.587551174000055 ], [ 6.90796959700009, 62.602606512000079 ], [ 6.928477410000085, 62.623032945000034 ], [ 6.905528191000087, 62.628078518000052 ], [ 6.887461785000085, 62.643540757000039 ], [ 6.931651238000086, 62.655462958000044 ], [ 7.092295769000089, 62.650946356000077 ], [ 7.070323113000086, 62.630438544000071 ], [ 7.037771030000044, 62.623032945000034 ], [ 7.052012566000087, 62.609605210000041 ], [ 7.096527540000068, 62.612209377000056 ], [ 7.125336134000065, 62.553534247000073 ], [ 7.127126498000052, 62.533677476000037 ], [ 7.133148634000065, 62.533677476000037 ], [ 7.153819207000083, 62.574652411000045 ], [ 7.133148634000065, 62.599188544000071 ], [ 7.157481316000087, 62.62921784100007 ], [ 7.36500084700009, 62.592840887000079 ], [ 7.430430535000085, 62.548041083000044 ], [ 7.488780144000089, 62.54913971600007 ], [ 7.517425977000073, 62.541083075000074 ], [ 7.542491082000083, 62.503607489000046 ], [ 7.561778191000087, 62.516587632000039 ], [ 7.572927280000044, 62.549994208000044 ], [ 7.778168165000068, 62.574652411000045 ], [ 7.745371941000087, 62.586004950000074 ], [ 7.50521894600007, 62.566351630000042 ], [ 7.462738477000073, 62.574652411000045 ], [ 7.422699415000068, 62.59796784100007 ], [ 7.412771030000044, 62.614732164000031 ], [ 7.418223504000082, 62.633002020000049 ], [ 7.444509311000047, 62.644720770000049 ], [ 7.477305535000085, 62.639593817000048 ], [ 7.500254754000082, 62.619940497000073 ], [ 7.497080925000091, 62.588324286000045 ], [ 7.520192905000044, 62.584662177000041 ], [ 7.532481316000087, 62.595119533000059 ], [ 7.53296959700009, 62.613348700000074 ], [ 7.510020379000082, 62.649481512000079 ], [ 7.510590040000068, 62.664007880000042 ], [ 7.52320397200009, 62.674383856000077 ], [ 7.571136915000068, 62.682196356000077 ], [ 7.61687259200005, 62.700140692000048 ], [ 7.835948113000086, 62.732123114000046 ], [ 8.018809441000087, 62.733587958000044 ], [ 8.147471550000091, 62.691961981000077 ], [ 8.129405144000089, 62.718410549000055 ], [ 8.065114780000044, 62.739203192000048 ], [ 8.045095248000052, 62.759588934000078 ], [ 8.073008660000085, 62.780096747000073 ], [ 7.908864780000044, 62.763251044000071 ], [ 7.864512566000087, 62.749579169000071 ], [ 7.646006707000083, 62.728664455000057 ], [ 7.489268425000091, 62.686835028000075 ], [ 7.385020379000082, 62.687567450000074 ], [ 7.359711134000065, 62.698187567000048 ], [ 7.403575066000087, 62.711900132000039 ], [ 7.36654707100007, 62.732896226000037 ], [ 7.403005405000044, 62.73859284100007 ], [ 7.471527540000068, 62.767238674000055 ], [ 7.68132571700005, 62.79437897300005 ], [ 7.609548373000052, 62.796087958000044 ], [ 7.312510613000086, 62.744045315000051 ], [ 6.97038821700005, 62.725572007000039 ], [ 6.94898522200009, 62.732896226000037 ], [ 6.971527540000068, 62.735581773000035 ], [ 6.983083530000044, 62.75336334800005 ], [ 6.955821160000085, 62.770453192000048 ], [ 6.961924675000091, 62.784165757000039 ], [ 7.009776238000086, 62.814846096000053 ], [ 7.059580925000091, 62.826320705000057 ], [ 7.215830925000091, 62.814846096000053 ], [ 7.133148634000065, 62.848944403000075 ], [ 7.016612175000091, 62.841538804000038 ], [ 6.955821160000085, 62.886867580000057 ], [ 6.948008660000085, 62.905462958000044 ], [ 6.928965691000087, 62.912095445000034 ], [ 6.880056186000047, 62.911078192000048 ], [ 6.910166863000086, 62.929388739000046 ], [ 7.000173373000052, 62.951239325000074 ], [ 7.076019727000073, 62.982855536000045 ], [ 7.23764082100007, 63.014715887000079 ], [ 7.27116946700005, 63.014105536000045 ], [ 7.34343509200005, 62.978420315000051 ], [ 7.42123457100007, 62.951402085000041 ], [ 7.441742384000065, 62.917873440000051 ], [ 7.501149936000047, 62.910834052000041 ], [ 7.615977410000085, 62.96039459800005 ], [ 7.689952019000089, 62.981146552000041 ], [ 7.780446811000047, 62.972601630000042 ], [ 7.748301629000082, 62.942084052000041 ], [ 7.668304884000065, 62.917873440000051 ], [ 7.694346550000091, 62.912095445000034 ], [ 7.832041863000086, 62.949408270000049 ], [ 7.899424675000091, 62.955755927000041 ], [ 7.939300977000073, 62.977118231000077 ], [ 7.973887566000087, 62.976955471000053 ], [ 8.07553144600007, 62.950873114000046 ], [ 8.113291863000086, 62.917873440000051 ], [ 8.124196811000047, 62.867743231000077 ], [ 8.154307488000086, 62.814846096000053 ], [ 8.189707879000082, 62.797919012000079 ], [ 8.319102410000085, 62.777004299000055 ], [ 8.415212436000047, 62.725775458000044 ], [ 8.513194207000083, 62.707424221000053 ], [ 8.537771030000044, 62.688462632000039 ], [ 8.545258009000065, 62.657171942000048 ], [ 8.567230665000068, 62.68227773600006 ], [ 8.564789259000065, 62.703558661000045 ], [ 8.543955925000091, 62.720648505000042 ], [ 8.455251498000052, 62.756252346000053 ], [ 8.37671959700009, 62.777167059000078 ], [ 8.331065300000091, 62.800685940000051 ], [ 8.246267123000052, 62.816148179000038 ], [ 8.184092644000089, 62.847723700000074 ], [ 8.172048373000052, 62.858384507000039 ], [ 8.171153191000087, 62.891791083000044 ], [ 8.179209832000083, 62.902167059000078 ], [ 8.209646030000044, 62.911078192000048 ], [ 8.175059441000087, 62.920721747000073 ], [ 8.147471550000091, 62.951402085000041 ], [ 8.086924675000091, 62.967230536000045 ], [ 8.000743035000085, 63.006659247000073 ], [ 7.983083530000044, 63.027085679000038 ], [ 7.942637566000087, 63.020249742000033 ], [ 7.96070397200009, 63.018703518000052 ], [ 7.969981316000087, 63.006659247000073 ], [ 7.914073113000086, 63.001939195000034 ], [ 7.877207879000082, 63.01040273600006 ], [ 7.94890384200005, 63.047552802000041 ], [ 7.997325066000087, 63.092271226000037 ], [ 8.040049675000091, 63.107652085000041 ], [ 8.086680535000085, 63.10968659100007 ], [ 8.133962436000047, 63.080267645000049 ], [ 8.128428582000083, 63.05023834800005 ], [ 8.160411004000082, 63.026434637000079 ], [ 8.246755405000044, 63.007961330000057 ], [ 8.285899285000085, 62.982082424000055 ], [ 8.330088738000086, 62.973374742000033 ], [ 8.339854363000086, 62.958807684000078 ], [ 8.309336785000085, 62.944566148000035 ], [ 8.336436394000089, 62.912095445000034 ], [ 8.329274936000047, 62.880682684000078 ], [ 8.389414910000085, 62.889878648000035 ], [ 8.48804772200009, 62.85297272300005 ], [ 8.522959832000083, 62.844305731000077 ], [ 8.538584832000083, 62.852362372000073 ], [ 8.524180535000085, 62.871283270000049 ], [ 8.454356316000087, 62.883490302000041 ], [ 8.428721550000091, 62.89679596600007 ], [ 8.450694207000083, 62.895656643000052 ], [ 8.57398522200009, 62.875433661000045 ], [ 8.634776238000086, 62.841538804000038 ], [ 8.702972852000073, 62.822251695000034 ], [ 8.619883660000085, 62.877915757000039 ], [ 8.52084394600007, 62.892157294000071 ], [ 8.479746941000087, 62.907171942000048 ], [ 8.41570071700005, 62.958807684000078 ], [ 8.64421634200005, 62.967352606000077 ], [ 8.668793165000068, 62.979315497000073 ], [ 8.63998457100007, 62.988755601000037 ], [ 8.545258009000065, 62.979315497000073 ], [ 8.521739129000082, 62.989203192000048 ], [ 8.586273634000065, 63.020249742000033 ], [ 8.553721550000091, 63.022650458000044 ], [ 8.48804772200009, 62.994045315000051 ], [ 8.374034050000091, 62.973089911000045 ], [ 8.35328209700009, 62.989813544000071 ], [ 8.319509311000047, 62.999823309000078 ], [ 8.35523522200009, 63.008286851000037 ], [ 8.435394727000073, 63.009833075000074 ], [ 8.470225457000083, 63.020249742000033 ], [ 8.43531334700009, 63.031439520000049 ], [ 8.305186394000089, 63.020249742000033 ], [ 8.238536004000082, 63.025458075000074 ], [ 8.223155144000089, 63.033351955000057 ], [ 8.228851759000065, 63.063055731000077 ], [ 8.20289147200009, 63.092678127000056 ], [ 8.165537957000083, 63.115301825000074 ], [ 8.188487175000091, 63.130113023000035 ], [ 8.219737175000091, 63.134466864000046 ], [ 8.291514519000089, 63.09601471600007 ], [ 8.284678582000083, 63.075506903000075 ], [ 8.326182488000086, 63.088568427000041 ], [ 8.31381269600007, 63.102118231000077 ], [ 8.319509311000047, 63.10968659100007 ], [ 8.30437259200005, 63.125148830000057 ], [ 8.236175977000073, 63.14321523600006 ], [ 8.236175977000073, 63.15070221600007 ], [ 8.543630405000044, 63.132391669000071 ], [ 8.640961134000065, 63.10968659100007 ], [ 8.624522332000083, 63.128119208000044 ], [ 8.57593834700009, 63.144232489000046 ], [ 8.56576582100007, 63.161200262000079 ], [ 8.578786655000044, 63.174546617000033 ], [ 8.60873457100007, 63.18109772300005 ], [ 8.94312584700009, 63.212062893000052 ], [ 8.623708530000044, 63.20148346600007 ], [ 8.612152540000068, 63.203802802000041 ], [ 8.60320071700005, 63.224269924000055 ], [ 8.573252800000091, 63.253078518000052 ], [ 8.52702884200005, 63.278998114000046 ], [ 8.476410352000073, 63.294012762000079 ], [ 8.514659050000091, 63.305894273000035 ], [ 8.701996290000068, 63.323960679000038 ], [ 8.764414910000085, 63.349269924000055 ], [ 8.711110873000052, 63.351223049000055 ], [ 8.695567254000082, 63.356675523000035 ], [ 8.674571160000085, 63.379868882000039 ], [ 8.638926629000082, 63.392075914000031 ], [ 8.646820509000065, 63.409165757000039 ], [ 8.672373894000089, 63.421210028000075 ], [ 8.718272332000083, 63.408148505000042 ], [ 8.791758660000085, 63.431219794000071 ], [ 8.823415561000047, 63.429388739000046 ], [ 8.881114129000082, 63.397650458000044 ], [ 8.891368035000085, 63.42133209800005 ], [ 8.997243686000047, 63.418158270000049 ], [ 8.997243686000047, 63.424383856000077 ], [ 8.973399285000085, 63.424383856000077 ], [ 8.967458530000044, 63.433417059000078 ], [ 9.000824415000068, 63.466131903000075 ], [ 9.018321160000085, 63.466538804000038 ], [ 9.114512566000087, 63.418158270000049 ], [ 9.148610873000052, 63.375921942000048 ], [ 9.10287519600007, 63.34320709800005 ], [ 9.088715040000068, 63.320013739000046 ], [ 9.09343509200005, 63.294012762000079 ], [ 9.143077019000089, 63.330877997000073 ], [ 9.191579623000052, 63.338446356000077 ], [ 9.264659050000091, 63.362941799000055 ], [ 9.434580925000091, 63.380438544000071 ], [ 9.476898634000065, 63.403876044000071 ], [ 9.39389082100007, 63.386664130000042 ], [ 9.260264519000089, 63.381252346000053 ], [ 9.218028191000087, 63.372015692000048 ], [ 9.16773522200009, 63.402004299000055 ], [ 9.169118686000047, 63.421210028000075 ], [ 9.18295332100007, 63.434515692000048 ], [ 9.481944207000083, 63.473211981000077 ], [ 9.480723504000082, 63.487046617000033 ], [ 9.333018425000091, 63.466538804000038 ], [ 9.285329623000052, 63.479559637000079 ], [ 9.257823113000086, 63.500067450000074 ], [ 9.268077019000089, 63.473456122000073 ], [ 9.292165561000047, 63.459133205000057 ], [ 9.16732832100007, 63.466864325000074 ], [ 9.148610873000052, 63.485825914000031 ], [ 9.161957227000073, 63.507147528000075 ], [ 9.244313998000052, 63.513739325000074 ], [ 9.237152540000068, 63.534491278000075 ], [ 9.302256707000083, 63.530829169000071 ], [ 9.368011915000068, 63.563299872000073 ], [ 9.388194207000083, 63.562201239000046 ], [ 9.377696160000085, 63.553859768000052 ], [ 9.37826582100007, 63.530462958000044 ], [ 9.403330925000091, 63.518459377000056 ], [ 9.460134311000047, 63.561672268000052 ], [ 9.495371941000087, 63.576890367000033 ], [ 9.536387566000087, 63.567287502000056 ], [ 9.573252800000091, 63.541001695000034 ], [ 9.545909050000091, 63.580552476000037 ], [ 9.490570509000065, 63.589422919000071 ], [ 9.516774936000047, 63.603705145000049 ], [ 9.607920769000089, 63.616766669000071 ], [ 9.699066602000073, 63.644476630000042 ], [ 9.72396894600007, 63.636664130000042 ], [ 9.720225457000083, 63.620754299000055 ], [ 9.799978061000047, 63.56313711100006 ], [ 9.81381269600007, 63.532049872000073 ], [ 9.805918816000087, 63.513739325000074 ], [ 9.898692254000082, 63.477362372000073 ], [ 9.947438998000052, 63.44953034100007 ], [ 9.96062259200005, 63.427720445000034 ], [ 9.928477410000085, 63.377183335000041 ], [ 9.833262566000087, 63.328802802000041 ], [ 9.89421634200005, 63.331203518000052 ], [ 9.979177280000044, 63.363470770000049 ], [ 10.01343834700009, 63.361883856000077 ], [ 10.09929446700005, 63.324896552000041 ], [ 10.242198113000086, 63.326320705000057 ], [ 10.254405144000089, 63.314439195000034 ], [ 10.259043816000087, 63.267279364000046 ], [ 10.272227410000085, 63.281683661000045 ], [ 10.279551629000082, 63.318264065000051 ], [ 10.265879754000082, 63.331935940000051 ], [ 10.244883660000085, 63.34406159100007 ], [ 10.068695509000065, 63.36554596600007 ], [ 10.049082879000082, 63.381903387000079 ], [ 10.040863477000073, 63.406398830000057 ], [ 10.094004754000082, 63.438666083000044 ], [ 10.15601647200009, 63.452337958000044 ], [ 10.30046634200005, 63.466538804000038 ], [ 10.373057488000086, 63.44171784100007 ], [ 10.447276238000086, 63.456773179000038 ], [ 10.576914910000085, 63.430731512000079 ], [ 10.690440300000091, 63.452337958000044 ], [ 10.758799675000091, 63.438666083000044 ], [ 10.797862175000091, 63.417385158000059 ], [ 10.82976321700005, 63.440578518000052 ], [ 10.908050977000073, 63.456244208000044 ], [ 10.916351759000065, 63.466538804000038 ], [ 10.777679884000065, 63.487494208000044 ], [ 10.758799675000091, 63.517482815000051 ], [ 10.780772332000083, 63.539007880000042 ], [ 10.831065300000091, 63.550360419000071 ], [ 10.922618035000085, 63.554754950000074 ], [ 10.922618035000085, 63.562201239000046 ], [ 10.856944207000083, 63.569322007000039 ], [ 10.861501498000052, 63.578599351000037 ], [ 10.912364129000082, 63.58852773600006 ], [ 10.922618035000085, 63.602484442000048 ], [ 10.85132897200009, 63.598089911000045 ], [ 10.768321160000085, 63.574042059000078 ], [ 10.73015384200005, 63.571763414000031 ], [ 10.67164147200009, 63.548773505000042 ], [ 10.656423373000052, 63.548529364000046 ], [ 10.656423373000052, 63.554754950000074 ], [ 10.672618035000085, 63.558172919000071 ], [ 10.686045769000089, 63.577460028000075 ], [ 10.705088738000086, 63.583685614000046 ], [ 10.719737175000091, 63.603501695000034 ], [ 10.755707227000073, 63.625067450000074 ], [ 10.864268425000091, 63.651516018000052 ], [ 10.905446811000047, 63.684475002000056 ], [ 11.033457879000082, 63.719183661000045 ], [ 11.083018425000091, 63.704575914000031 ], [ 11.156748894000089, 63.711127020000049 ], [ 11.183848504000082, 63.719794012000079 ], [ 11.242198113000086, 63.76508209800005 ], [ 11.265798373000052, 63.774400132000039 ], [ 11.457692905000044, 63.789984442000048 ], [ 11.463877800000091, 63.801703192000048 ], [ 11.459727410000085, 63.812445380000042 ], [ 11.424082879000082, 63.822211005000042 ], [ 11.437754754000082, 63.835882880000042 ], [ 11.415212436000047, 63.850083726000037 ], [ 11.354746941000087, 63.848130601000037 ], [ 11.27711022200009, 63.867377020000049 ], [ 11.111582879000082, 63.849554755000042 ], [ 11.096527540000068, 63.858099677000041 ], [ 11.096446160000085, 63.889634507000039 ], [ 11.176605665000068, 63.909247137000079 ], [ 11.200368686000047, 63.919745184000078 ], [ 11.223317905000044, 63.945461330000057 ], [ 11.299978061000047, 63.965562242000033 ], [ 11.43685957100007, 63.983140367000033 ], [ 11.486827019000089, 64.006659247000073 ], [ 11.497894727000073, 64.020819403000075 ], [ 11.45443769600007, 64.017401434000078 ], [ 11.426280144000089, 64.028794664000031 ], [ 11.254242384000065, 64.037909247000073 ], [ 11.240489129000082, 64.061021226000037 ], [ 11.362071160000085, 64.117092190000051 ], [ 11.299978061000047, 64.107163804000038 ], [ 11.225352410000085, 64.071966864000046 ], [ 11.203461134000065, 64.027411200000074 ], [ 11.17514082100007, 64.007025458000044 ], [ 10.962738477000073, 63.947943427000041 ], [ 10.871348504000082, 63.897202867000033 ], [ 10.688649936000047, 63.860296942000048 ], [ 10.64616946700005, 63.833238023000035 ], [ 10.573741082000083, 63.809149481000077 ], [ 10.631602410000085, 63.816310940000051 ], [ 10.700694207000083, 63.842718817000048 ], [ 10.770030144000089, 63.850287177000041 ], [ 10.900238477000073, 63.894720770000049 ], [ 10.93490644600007, 63.898138739000046 ], [ 11.05600019600007, 63.861273505000042 ], [ 11.07398522200009, 63.835882880000042 ], [ 11.00749759200005, 63.81313711100006 ], [ 10.991465691000087, 63.801703192000048 ], [ 10.97787519600007, 63.767564195000034 ], [ 10.910004102000073, 63.731024481000077 ], [ 10.811045769000089, 63.72016022300005 ], [ 10.740733269000089, 63.690375067000048 ], [ 10.671722852000073, 63.686835028000075 ], [ 10.642751498000052, 63.677639065000051 ], [ 10.602305535000085, 63.635931708000044 ], [ 10.529633009000065, 63.61945221600007 ], [ 10.41578209700009, 63.579413153000075 ], [ 10.320160352000073, 63.562201239000046 ], [ 10.241384311000047, 63.562201239000046 ], [ 10.20484459700009, 63.544338283000059 ], [ 10.080332879000082, 63.507513739000046 ], [ 9.98015384200005, 63.493353583000044 ], [ 9.918223504000082, 63.514715887000079 ], [ 9.90398196700005, 63.554592190000051 ], [ 9.887950066000087, 63.575181382000039 ], [ 9.90211022200009, 63.589422919000071 ], [ 9.849864129000082, 63.597357489000046 ], [ 9.818207227000073, 63.614081122000073 ], [ 9.810801629000082, 63.627142645000049 ], [ 9.814463738000086, 63.638251044000071 ], [ 9.833262566000087, 63.644110419000071 ], [ 9.817149285000085, 63.65884023600006 ], [ 9.792246941000087, 63.664536851000037 ], [ 9.805918816000087, 63.677639065000051 ], [ 9.799082879000082, 63.691839911000045 ], [ 9.999847852000073, 63.723863023000035 ], [ 10.101410352000073, 63.767564195000034 ], [ 10.00521894600007, 63.746527411000045 ], [ 10.017588738000086, 63.76593659100007 ], [ 10.039317254000082, 63.774400132000039 ], [ 10.029551629000082, 63.78351471600007 ], [ 9.906586134000065, 63.75726959800005 ], [ 9.857595248000052, 63.731634833000044 ], [ 9.779551629000082, 63.723211981000077 ], [ 9.728851759000065, 63.702093817000048 ], [ 9.648936394000089, 63.699286200000074 ], [ 9.642100457000083, 63.685044664000031 ], [ 9.544118686000047, 63.665594794000071 ], [ 9.567881707000083, 63.706773179000038 ], [ 9.552744988000086, 63.72601959800005 ], [ 9.719493035000085, 63.762884833000044 ], [ 9.778086785000085, 63.767564195000034 ], [ 9.778086785000085, 63.774400132000039 ], [ 9.581309441000087, 63.759100653000075 ], [ 9.545909050000091, 63.774400132000039 ], [ 9.662771030000044, 63.818793036000045 ], [ 9.831228061000047, 63.86163971600007 ], [ 9.874278191000087, 63.863185940000051 ], [ 9.874278191000087, 63.869370835000041 ], [ 9.830739780000044, 63.870591539000031 ], [ 9.792246941000087, 63.883693752000056 ], [ 9.892100457000083, 63.902533270000049 ], [ 9.912364129000082, 63.900783596000053 ], [ 9.914561394000089, 63.891506252000056 ], [ 9.906748894000089, 63.884100653000075 ], [ 9.925791863000086, 63.883693752000056 ], [ 9.97046959700009, 63.904201565000051 ], [ 10.06804446700005, 63.917669989000046 ], [ 10.115977410000085, 63.941107489000046 ], [ 10.173675977000073, 63.934068101000037 ], [ 10.19703209700009, 63.938299872000073 ], [ 10.172373894000089, 63.957220770000049 ], [ 10.141774936000047, 63.965562242000033 ], [ 10.095713738000086, 63.94867584800005 ], [ 9.94312584700009, 63.918402411000045 ], [ 9.972666863000086, 63.941839911000045 ], [ 10.08725019600007, 63.966498114000046 ], [ 10.128103061000047, 63.986721096000053 ], [ 10.080332879000082, 63.973049221000053 ], [ 10.058604363000086, 63.986802476000037 ], [ 9.993011915000068, 63.964544989000046 ], [ 9.936289910000085, 63.959418036000045 ], [ 9.98414147200009, 63.993475653000075 ], [ 9.998057488000086, 64.036281643000052 ], [ 10.018239780000044, 64.035101630000042 ], [ 10.014414910000085, 64.049221096000053 ], [ 10.025645379000082, 64.062445380000042 ], [ 9.99577884200005, 64.095445054000038 ], [ 9.99781334700009, 64.109564520000049 ], [ 10.013682488000086, 64.118801174000055 ], [ 10.107920769000089, 64.089748440000051 ], [ 10.192067905000044, 64.101467190000051 ], [ 10.217539910000085, 64.123928127000056 ], [ 10.107676629000082, 64.117092190000051 ], [ 10.133799675000091, 64.138495184000078 ], [ 10.16968834700009, 64.136908270000049 ], [ 10.15601647200009, 64.158026434000078 ], [ 10.19703209700009, 64.158026434000078 ], [ 10.177907748000052, 64.166693427000041 ], [ 10.18336022200009, 64.185370184000078 ], [ 10.16968834700009, 64.198960679000038 ], [ 10.222178582000083, 64.192613023000035 ], [ 10.237315300000091, 64.198960679000038 ], [ 10.231130405000044, 64.205796617000033 ], [ 10.297129754000082, 64.209947007000039 ], [ 10.374522332000083, 64.185370184000078 ], [ 10.365407748000052, 64.207180080000057 ], [ 10.323496941000087, 64.222235419000071 ], [ 10.245371941000087, 64.233791408000059 ], [ 10.258799675000091, 64.245591539000031 ], [ 10.333506707000083, 64.260443427000041 ], [ 10.326833530000044, 64.274115302000041 ], [ 10.397308790000068, 64.264390367000033 ], [ 10.391368035000085, 64.287787177000041 ], [ 10.436289910000085, 64.284979559000078 ], [ 10.491221550000091, 64.29523346600007 ], [ 10.491221550000091, 64.30141836100006 ], [ 10.457692905000044, 64.301011460000041 ], [ 10.449554884000065, 64.31281159100007 ], [ 10.450205925000091, 64.349798895000049 ], [ 10.477549675000091, 64.349798895000049 ], [ 10.470713738000086, 64.356634833000044 ], [ 10.51734459700009, 64.350043036000045 ], [ 10.559418165000068, 64.329331773000035 ], [ 10.553558790000068, 64.343451239000046 ], [ 10.504730665000068, 64.364081122000073 ], [ 10.504730665000068, 64.370306708000044 ], [ 10.567393425000091, 64.36391836100006 ], [ 10.598317905000044, 64.345770575000074 ], [ 10.648936394000089, 64.356634833000044 ], [ 10.648936394000089, 64.364081122000073 ], [ 10.60710696700005, 64.36554596600007 ], [ 10.598399285000085, 64.383002020000049 ], [ 10.570323113000086, 64.390773830000057 ], [ 10.552989129000082, 64.405096747000073 ], [ 10.463877800000091, 64.405096747000073 ], [ 10.483083530000044, 64.423732815000051 ], [ 10.511566602000073, 64.431708075000074 ], [ 10.544118686000047, 64.426174221000053 ], [ 10.599131707000083, 64.402085679000038 ], [ 10.62826582100007, 64.397650458000044 ], [ 10.613129102000073, 64.420803127000056 ], [ 10.585459832000083, 64.434312242000033 ], [ 10.604746941000087, 64.452215887000079 ], [ 10.64625084700009, 64.435370184000078 ], [ 10.666270379000082, 64.418117580000057 ], [ 10.731944207000083, 64.415757554000038 ], [ 10.753754102000073, 64.393052476000037 ], [ 10.834971550000091, 64.369126695000034 ], [ 10.854991082000083, 64.377752997000073 ], [ 10.786631707000083, 64.411281643000052 ], [ 10.805186394000089, 64.420803127000056 ], [ 10.79664147200009, 64.432318427000041 ], [ 10.752614780000044, 64.445990302000041 ], [ 10.679942254000082, 64.439032294000071 ], [ 10.656423373000052, 64.445990302000041 ], [ 10.656423373000052, 64.452215887000079 ], [ 10.704112175000091, 64.472723700000074 ], [ 10.752614780000044, 64.465887762000079 ], [ 10.762217644000089, 64.480169989000046 ], [ 10.792816602000073, 64.480169989000046 ], [ 10.84115644600007, 64.465887762000079 ], [ 10.836924675000091, 64.482896226000037 ], [ 10.800303582000083, 64.507473049000055 ], [ 10.824717644000089, 64.511379299000055 ], [ 10.848399285000085, 64.504868882000039 ], [ 10.89226321700005, 64.474676825000074 ], [ 10.916351759000065, 64.493150132000039 ], [ 10.95671634200005, 64.487005927000041 ], [ 10.922618035000085, 64.507473049000055 ], [ 10.927907748000052, 64.513373114000046 ], [ 10.964121941000087, 64.507473049000055 ], [ 10.964121941000087, 64.514960028000075 ], [ 10.949880405000044, 64.520493882000039 ], [ 10.95671634200005, 64.55219147300005 ], [ 10.916351759000065, 64.575751044000071 ], [ 10.916351759000065, 64.582586981000077 ], [ 10.934825066000087, 64.583563544000071 ], [ 10.950450066000087, 64.590033270000049 ], [ 10.95671634200005, 64.603013414000031 ], [ 10.971202019000089, 64.602606512000079 ], [ 11.06031334700009, 64.575751044000071 ], [ 11.059743686000047, 64.547430731000077 ], [ 11.076182488000086, 64.523627020000049 ], [ 11.10132897200009, 64.521144924000055 ], [ 11.167246941000087, 64.489162502000056 ], [ 11.178070509000065, 64.478664455000057 ], [ 11.162771030000044, 64.445990302000041 ], [ 11.185069207000083, 64.441595770000049 ], [ 11.269786004000082, 64.45258209800005 ], [ 11.34156334700009, 64.431708075000074 ], [ 11.320323113000086, 64.398667710000041 ], [ 11.268728061000047, 64.36664459800005 ], [ 11.224864129000082, 64.322455145000049 ], [ 11.24740644600007, 64.325588283000059 ], [ 11.299978061000047, 64.370306708000044 ], [ 11.389333530000044, 64.405096747000073 ], [ 11.362071160000085, 64.411281643000052 ], [ 11.40984134200005, 64.452215887000079 ], [ 11.443369988000086, 64.438544012000079 ], [ 11.520274285000085, 64.462469794000071 ], [ 11.656260613000086, 64.480169989000046 ], [ 11.437754754000082, 64.465887762000079 ], [ 11.46070397200009, 64.51117584800005 ], [ 11.539561394000089, 64.521144924000055 ], [ 11.539561394000089, 64.52798086100006 ], [ 11.518077019000089, 64.533148505000042 ], [ 11.506032748000052, 64.548407294000071 ], [ 11.573741082000083, 64.555853583000044 ], [ 11.547048373000052, 64.541571356000077 ], [ 11.57007897200009, 64.537258205000057 ], [ 11.656260613000086, 64.569525458000044 ], [ 11.779795769000089, 64.596869208000044 ], [ 11.65951582100007, 64.594305731000077 ], [ 11.635752800000091, 64.582586981000077 ], [ 11.624522332000083, 64.592596747000073 ], [ 11.633555535000085, 64.612982489000046 ], [ 11.628916863000086, 64.624172268000052 ], [ 11.611175977000073, 64.628607489000046 ], [ 11.553233269000089, 64.603013414000031 ], [ 11.594737175000091, 64.596869208000044 ], [ 11.577159050000091, 64.575018622000073 ], [ 11.547618035000085, 64.568182684000078 ], [ 11.516774936000047, 64.572943427000041 ], [ 11.45443769600007, 64.620428778000075 ], [ 11.420664910000085, 64.636379299000055 ], [ 11.424082879000082, 64.651434637000079 ], [ 11.40202884200005, 64.663153387000079 ], [ 11.39616946700005, 64.685614325000074 ], [ 11.420176629000082, 64.686102606000077 ], [ 11.424082879000082, 64.695868231000077 ], [ 11.39616946700005, 64.706732489000046 ], [ 11.47982832100007, 64.719549872000073 ], [ 11.531748894000089, 64.744574286000045 ], [ 11.588552280000044, 64.736395575000074 ], [ 11.615896030000044, 64.740220445000034 ], [ 11.594737175000091, 64.747707424000055 ], [ 11.595225457000083, 64.758490302000041 ], [ 11.553233269000089, 64.767523505000042 ], [ 11.79037519600007, 64.783636786000045 ], [ 11.841807488000086, 64.794867255000042 ], [ 11.841807488000086, 64.802313544000071 ], [ 11.738780144000089, 64.802313544000071 ], [ 11.745616082000083, 64.809149481000077 ], [ 11.643239780000044, 64.822739976000037 ], [ 11.67709394600007, 64.832098700000074 ], [ 11.787282748000052, 64.835842190000051 ], [ 11.779795769000089, 64.850083726000037 ], [ 11.787282748000052, 64.857570705000057 ], [ 11.683604363000086, 64.837062893000052 ], [ 11.649424675000091, 64.84320709800005 ], [ 11.708506707000083, 64.858303127000056 ], [ 11.74545332100007, 64.884182033000059 ], [ 11.814463738000086, 64.895086981000077 ], [ 11.916840040000068, 64.925197658000059 ], [ 11.99195397200009, 64.930243231000077 ], [ 12.063731316000087, 64.959947007000039 ], [ 12.224864129000082, 64.939439195000034 ], [ 12.186289910000085, 64.959540106000077 ], [ 12.14389082100007, 64.969427802000041 ], [ 12.053477410000085, 64.97296784100007 ], [ 11.98218834700009, 64.953111070000034 ], [ 11.911631707000083, 64.949408270000049 ], [ 11.738780144000089, 64.891058661000045 ], [ 11.617035352000073, 64.869614976000037 ], [ 11.608409050000091, 64.86196523600006 ], [ 11.622080925000091, 64.84320709800005 ], [ 11.547618035000085, 64.819647528000075 ], [ 11.47828209700009, 64.810614325000074 ], [ 11.403330925000091, 64.759711005000042 ], [ 11.260996941000087, 64.734361070000034 ], [ 11.238536004000082, 64.740220445000034 ], [ 11.351410352000073, 64.767523505000042 ], [ 11.429698113000086, 64.815904039000031 ], [ 11.346364780000044, 64.80499909100007 ], [ 11.30241946700005, 64.821966864000046 ], [ 11.255056186000047, 64.816595770000049 ], [ 11.231700066000087, 64.822739976000037 ], [ 11.252696160000085, 64.837836005000042 ], [ 11.523773634000065, 64.862534898000035 ], [ 11.664886915000068, 64.893255927000041 ], [ 11.697113477000073, 64.912176825000074 ], [ 11.672536655000044, 64.912298895000049 ], [ 11.601573113000086, 64.891058661000045 ], [ 11.245371941000087, 64.857570705000057 ], [ 11.26726321700005, 64.869818427000041 ], [ 11.42318769600007, 64.925197658000059 ], [ 11.512217644000089, 64.898504950000074 ], [ 11.554209832000083, 64.89907461100006 ], [ 11.594737175000091, 64.918361721000053 ], [ 11.594737175000091, 64.925197658000059 ], [ 11.533946160000085, 64.904730536000045 ], [ 11.477386915000068, 64.932603257000039 ], [ 11.560069207000083, 64.953111070000034 ], [ 11.635752800000091, 64.94562409100007 ], [ 11.615896030000044, 64.959947007000039 ], [ 11.629079623000052, 64.965887762000079 ], [ 11.663096550000091, 64.953111070000034 ], [ 11.820160352000073, 64.981187242000033 ], [ 11.834971550000091, 64.98663971600007 ], [ 11.804535352000073, 64.998602606000077 ], [ 11.801524285000085, 65.007635809000078 ], [ 11.81421959700009, 65.018011786000045 ], [ 11.872569207000083, 65.041896877000056 ], [ 11.978526238000086, 65.068833726000037 ], [ 12.012461785000085, 65.055487372000073 ], [ 12.015472852000073, 65.02960846600007 ], [ 12.026133660000085, 65.031317450000074 ], [ 12.05445397200009, 65.065578518000052 ], [ 12.063731316000087, 65.045599677000041 ], [ 12.07593834700009, 65.039455471000053 ], [ 12.115570509000065, 65.049302476000037 ], [ 12.137054884000065, 65.046698309000078 ], [ 12.177012566000087, 65.014593817000048 ], [ 12.17318769600007, 64.997788804000038 ], [ 12.194021030000044, 64.994859117000033 ], [ 12.211192254000082, 65.014593817000048 ], [ 12.18685957100007, 65.034491278000075 ], [ 12.184336785000085, 65.045599677000041 ], [ 12.19312584700009, 65.050482489000046 ], [ 12.28093509200005, 65.060126044000071 ], [ 12.36882571700005, 65.090277411000045 ], [ 12.471527540000068, 65.08930084800005 ], [ 12.48609459700009, 65.113511460000041 ], [ 12.50749759200005, 65.121242580000057 ], [ 12.636241082000083, 65.131293036000045 ], [ 12.602224155000044, 65.137437242000033 ], [ 12.617360873000052, 65.14984772300005 ], [ 12.677256707000083, 65.159165757000039 ], [ 12.715586785000085, 65.184637762000079 ], [ 12.790537957000083, 65.213812567000048 ], [ 12.807383660000085, 65.242092190000051 ], [ 12.838063998000052, 65.253607489000046 ], [ 12.93100019600007, 65.312404690000051 ], [ 12.939952019000089, 65.327826239000046 ], [ 12.931813998000052, 65.333197333000044 ], [ 12.668223504000082, 65.19594961100006 ], [ 12.541026238000086, 65.162258205000057 ], [ 12.502777540000068, 65.144924221000053 ], [ 12.42904707100007, 65.139227606000077 ], [ 12.36882571700005, 65.151760158000059 ], [ 12.381683790000068, 65.177232164000031 ], [ 12.470550977000073, 65.182603257000039 ], [ 12.499196811000047, 65.200140692000048 ], [ 12.451426629000082, 65.206366278000075 ], [ 12.438324415000068, 65.213812567000048 ], [ 12.438324415000068, 65.22687409100007 ], [ 12.417002800000091, 65.230210679000038 ], [ 12.35515384200005, 65.219956773000035 ], [ 12.35515384200005, 65.22687409100007 ], [ 12.408213738000086, 65.246893622000073 ], [ 12.508067254000082, 65.240668036000045 ], [ 12.520192905000044, 65.250718492000033 ], [ 12.712087436000047, 65.254136460000041 ], [ 12.680674675000091, 65.262681382000039 ], [ 12.516449415000068, 65.267767645000049 ], [ 12.458181186000047, 65.254136460000041 ], [ 12.465017123000052, 65.267767645000049 ], [ 12.435720248000052, 65.273342190000051 ], [ 12.34546959700009, 65.267767645000049 ], [ 12.276215040000068, 65.232245184000078 ], [ 12.245290561000047, 65.233628648000035 ], [ 12.342133009000065, 65.302557684000078 ], [ 12.451426629000082, 65.313544012000079 ], [ 12.478688998000052, 65.336655992000033 ], [ 12.410329623000052, 65.322455145000049 ], [ 12.43295332100007, 65.344549872000073 ], [ 12.499196811000047, 65.370835679000038 ], [ 12.516449415000068, 65.357163804000038 ], [ 12.600840691000087, 65.354681708000044 ], [ 12.656504754000082, 65.325751044000071 ], [ 12.674489780000044, 65.32257721600007 ], [ 12.691579623000052, 65.329820054000038 ], [ 12.662771030000044, 65.354681708000044 ], [ 12.547048373000052, 65.363999742000033 ], [ 12.52702884200005, 65.405585028000075 ], [ 12.478688998000052, 65.446519273000035 ], [ 12.54859459700009, 65.447007554000038 ], [ 12.567393425000091, 65.43976471600007 ], [ 12.574229363000086, 65.418646552000041 ], [ 12.602224155000044, 65.432318427000041 ], [ 12.629242384000065, 65.421210028000075 ], [ 12.680674675000091, 65.379950262000079 ], [ 12.712087436000047, 65.370835679000038 ], [ 12.640798373000052, 65.416408596000053 ], [ 12.629405144000089, 65.432318427000041 ], [ 12.64975019600007, 65.450262762000079 ], [ 12.780284050000091, 65.45962148600006 ], [ 12.740977410000085, 65.467759507000039 ], [ 12.608409050000091, 65.45962148600006 ], [ 12.608409050000091, 65.467027085000041 ], [ 12.656911655000044, 65.480698960000041 ], [ 12.596527540000068, 65.48859284100007 ], [ 12.564626498000052, 65.513657945000034 ], [ 12.615733269000089, 65.528509833000044 ], [ 12.594248894000089, 65.534002997000073 ], [ 12.57943769600007, 65.549505927000041 ], [ 12.574229363000086, 65.589992580000057 ], [ 12.513682488000086, 65.512152411000045 ], [ 12.465017123000052, 65.521673895000049 ], [ 12.525726759000065, 65.561835028000075 ], [ 12.533864780000044, 65.583156643000052 ], [ 12.510020379000082, 65.573716539000031 ], [ 12.46656334700009, 65.536851304000038 ], [ 12.438324415000068, 65.528509833000044 ], [ 12.404307488000086, 65.534979559000078 ], [ 12.396494988000086, 65.551906643000052 ], [ 12.417165561000047, 65.596747137000079 ], [ 12.368418816000087, 65.592678127000056 ], [ 12.35515384200005, 65.604193427000041 ], [ 12.357676629000082, 65.629299221000053 ], [ 12.348887566000087, 65.638373114000046 ], [ 12.364105665000068, 65.652492580000057 ], [ 12.438324415000068, 65.706000067000048 ], [ 12.495371941000087, 65.733343817000048 ], [ 12.554535352000073, 65.729396877000056 ], [ 12.581309441000087, 65.713080145000049 ], [ 12.587901238000086, 65.689601955000057 ], [ 12.636241082000083, 65.68618398600006 ], [ 12.615733269000089, 65.67328522300005 ], [ 12.608409050000091, 65.651353257000039 ], [ 12.656911655000044, 65.638373114000046 ], [ 12.712412957000083, 65.644110419000071 ], [ 12.740896030000044, 65.629706122000073 ], [ 12.787119988000086, 65.638373114000046 ], [ 12.758148634000065, 65.655259507000039 ], [ 12.683604363000086, 65.661444403000075 ], [ 12.663584832000083, 65.679348049000055 ], [ 12.65015709700009, 65.709906317000048 ], [ 12.586436394000089, 65.727728583000044 ], [ 12.557790561000047, 65.753729559000078 ], [ 12.567149285000085, 65.766546942000048 ], [ 12.645355665000068, 65.807684637000079 ], [ 12.660329623000052, 65.809719143000052 ], [ 12.717539910000085, 65.789129950000074 ], [ 12.704600457000083, 65.802232164000031 ], [ 12.711192254000082, 65.827134507000039 ], [ 12.693695509000065, 65.835516669000071 ], [ 12.62631269600007, 65.827378648000035 ], [ 12.611664259000065, 65.834662177000041 ], [ 12.615733269000089, 65.850653387000079 ], [ 12.636241082000083, 65.864325262000079 ], [ 12.642425977000073, 65.891587632000039 ], [ 12.682302280000044, 65.926662502000056 ], [ 12.789073113000086, 65.964992580000057 ], [ 12.848480665000068, 65.966701565000051 ], [ 12.917491082000083, 65.953029690000051 ], [ 12.965830925000091, 65.925726630000042 ], [ 13.04037519600007, 65.925726630000042 ], [ 13.068207227000073, 65.898382880000042 ], [ 13.12045332100007, 65.892157294000071 ], [ 13.122894727000073, 65.877915757000039 ], [ 13.156993035000085, 65.850653387000079 ], [ 13.176036004000082, 65.85578034100007 ], [ 13.151052280000044, 65.892482815000051 ], [ 13.149668816000087, 65.912095445000034 ], [ 13.122894727000073, 65.943101304000038 ], [ 12.978363477000073, 65.959906317000048 ], [ 12.942393425000091, 65.973863023000035 ], [ 12.924327019000089, 65.994045315000051 ], [ 12.945866589328505, 66.0 ], [ 31.0, 66.0 ], [ 31.0, 50.5 ], [ 1.575172725795603, 50.5 ], [ 1.579274936000047, 50.533148505000042 ] ] ] } },
{ "type": "Feature", "properties": { }, "geometry": { "type": "Polygon", "coordinates": [ [ [ -3.311512824999909, 56.356512762000079 ], [ -3.230620897999927, 56.356024481000077 ], [ -2.950266079999949, 56.431870835000041 ], [ -2.930653449999909, 56.448065497000073 ], [ -2.88499915299991, 56.457993882000039 ], [ -2.850087042999917, 56.44204336100006 ], [ -2.81476803299995, 56.440415757000039 ], [ -2.802805141999954, 56.427964585000041 ], [ -2.808257615999935, 56.391058661000045 ], [ -2.837554490999935, 56.365912177000041 ], [ -2.812977667999917, 56.365912177000041 ], [ -2.802805141999954, 56.345404364000046 ], [ -2.768625454999949, 56.33234284100007 ], [ -2.655262824999909, 56.322170315000051 ], [ -2.57681230399993, 56.283921617000033 ], [ -2.57681230399993, 56.277777411000045 ], [ -2.630116339999915, 56.248521226000037 ], [ -2.648345506999931, 56.228705145000049 ], [ -2.720204230999911, 56.216294664000031 ], [ -2.783599412999934, 56.191961981000077 ], [ -2.83071855399993, 56.190741278000075 ], [ -2.892079230999911, 56.208889065000051 ], [ -2.964344855999911, 56.205633856000077 ], [ -2.982411261999914, 56.189113674000055 ], [ -3.035552537999934, 56.167914130000042 ], [ -3.091053839999915, 56.13226959800005 ], [ -3.127552863999938, 56.122870184000078 ], [ -3.163563605999911, 56.063869533000059 ], [ -3.248443162999934, 56.055975653000075 ], [ -3.342681443999936, 56.027167059000078 ], [ -3.420969204999949, 56.024888414000031 ], [ -3.582590298999946, 56.051743882000039 ], [ -3.671498175999943, 56.050848700000074 ], [ -3.745432094999956, 56.072211005000042 ], [ -3.817005988999938, 56.112250067000048 ], [ -3.837473110999952, 56.112616278000075 ], [ -3.837473110999952, 56.106431382000039 ], [ -3.760853644999941, 56.072455145000049 ], [ -3.721424933999913, 56.03070709800005 ], [ -3.686634894999941, 56.03070709800005 ], [ -3.656239386999914, 56.010199286000045 ], [ -3.577381964999915, 56.01703522300005 ], [ -3.405425584999932, 55.989732164000031 ], [ -3.331044074999909, 55.994086005000042 ], [ -3.303456183999913, 55.977606512000079 ], [ -3.121815558999913, 55.969305731000077 ], [ -3.078236456999946, 55.946844794000071 ], [ -3.015695766999954, 55.950506903000075 ], [ -2.939930792999917, 55.969305731000077 ], [ -2.882883266999954, 56.008490302000041 ], [ -2.857980923999946, 56.010199286000045 ], [ -2.870961066999939, 56.03070709800005 ], [ -2.823150193999936, 56.059759833000044 ], [ -2.802805141999954, 56.064846096000053 ], [ -2.635121222999942, 56.05805084800005 ], [ -2.569406704999949, 56.024481512000079 ], [ -2.583648240999935, 56.002752997000073 ], [ -2.528960740999935, 55.996568101000037 ], [ -2.507923956999946, 56.010199286000045 ], [ -2.307769334999932, 55.93500397300005 ], [ -2.138010219999956, 55.914618231000077 ], [ -2.128773566999939, 55.889797268000052 ], [ -2.080189581999946, 55.869370835000041 ], [ -2.009673631999931, 55.790838934000078 ], [ -1.877837693999936, 55.694891669000071 ], [ -1.853098110999952, 55.659328518000052 ], [ -1.831532355999911, 55.65070221600007 ], [ -1.816477016999954, 55.632879950000074 ], [ -1.781402147999927, 55.645656643000052 ], [ -1.75649980399993, 55.633612372000073 ], [ -1.747670050999943, 55.619208075000074 ], [ -1.767974412999934, 55.619208075000074 ], [ -1.767974412999934, 55.612982489000046 ], [ -1.699126756999931, 55.612982489000046 ], [ -1.630848761999914, 55.585109768000052 ], [ -1.634673631999931, 55.564398505000042 ], [ -1.617176886999914, 55.550279039000031 ], [ -1.630848761999914, 55.537298895000049 ], [ -1.602935350999928, 55.523627020000049 ], [ -1.611317511999914, 55.508042710000041 ], [ -1.589344855999911, 55.495672919000071 ], [ -1.584950324999909, 55.483710028000075 ], [ -1.581369594999956, 55.41665273600006 ], [ -1.589344855999911, 55.376532294000071 ], [ -1.583322719999956, 55.354722398000035 ], [ -1.558583136999914, 55.328924872000073 ], [ -1.555816209999932, 55.311346747000073 ], [ -1.568226691999939, 55.27960846600007 ], [ -1.556467251999948, 55.255031643000052 ], [ -1.520985480999911, 55.229396877000056 ], [ -1.529164191999939, 55.21625397300005 ], [ -1.507964647999927, 55.194647528000075 ], [ -1.52212480399993, 55.167466539000031 ], [ -1.517933722999942, 55.157131252000056 ], [ -1.495961066999939, 55.134588934000078 ], [ -1.480091925999943, 55.08539459800005 ], [ -1.459584113999938, 55.078599351000037 ], [ -1.412912563999953, 55.00031159100007 ], [ -1.362660285999937, 54.964789130000042 ], [ -1.355824347999942, 54.904282945000034 ], [ -1.275461391999954, 54.748439846000053 ], [ -1.24046790299991, 54.721665757000039 ], [ -1.172230597999942, 54.701239325000074 ], [ -1.172230597999942, 54.693793036000045 ], [ -1.192453579999949, 54.689276434000078 ], [ -1.16470292899993, 54.652777411000045 ], [ -1.206288214999915, 54.632961330000057 ], [ -1.203724738999938, 54.625718492000033 ], [ -1.182118292999917, 54.619289455000057 ], [ -1.172230597999942, 54.626125393000052 ], [ -1.16470292899993, 54.611802476000037 ], [ -1.15265865799995, 54.613185940000051 ], [ -1.138050910999937, 54.646551825000074 ], [ -1.103627081999946, 54.624660549000055 ], [ -0.787912563999953, 54.560777085000041 ], [ -0.562977667999917, 54.477362372000073 ], [ -0.522857225999928, 54.447088934000078 ], [ -0.520415818999936, 54.420070705000057 ], [ -0.462757941999939, 54.38898346600007 ], [ -0.447743292999917, 54.373195705000057 ], [ -0.418446417999917, 54.324042059000078 ], [ -0.414540167999917, 54.297308661000045 ], [ -0.390736456999946, 54.28351471600007 ], [ -0.397572394999941, 54.269191799000055 ], [ -0.370472785999937, 54.247707424000055 ], [ -0.277088995999918, 54.217759507000039 ], [ -0.260365363999938, 54.176988023000035 ], [ -0.233876105999911, 54.16046784100007 ], [ -0.111439581999946, 54.131577867000033 ], [ -0.075510219999956, 54.112127997000073 ], [ -0.163929816999939, 54.083400783000059 ], [ -0.194691535999937, 54.062323309000078 ], [ -0.219471808999913, 54.022772528000075 ], [ -0.197417772999927, 53.994818427000041 ], [ -0.151112433999913, 53.899318752000056 ], [ 0.133474155000044, 53.642645575000074 ], [ 0.149261915000068, 53.609605210000041 ], [ 0.131195509000065, 53.573431708000044 ], [ 0.109629754000082, 53.562892971000053 ], [ 0.135996941000087, 53.610663153000075 ], [ 0.120209181000064, 53.618109442000048 ], [ 0.03451582100007, 53.646063544000071 ], [ -0.045033331999946, 53.625555731000077 ], [ -0.092274542999917, 53.631048895000049 ], [ -0.130034959999932, 53.646063544000071 ], [ -0.225331183999913, 53.719916083000044 ], [ -0.260365363999938, 53.735419012000079 ], [ -0.305165167999917, 53.73969147300005 ], [ -0.431141730999911, 53.71430084800005 ], [ -0.544422980999911, 53.709458726000037 ], [ -0.579172329999949, 53.72797272300005 ], [ -0.63703365799995, 53.732001044000071 ], [ -0.726470506999931, 53.70062897300005 ], [ -0.692453579999949, 53.686997789000031 ], [ -0.677479620999918, 53.702826239000046 ], [ -0.619536912999934, 53.711859442000048 ], [ -0.52993730399993, 53.677679755000042 ], [ -0.486317511999914, 53.694484768000052 ], [ -0.307240363999938, 53.714260158000059 ], [ -0.279367641999954, 53.707098700000074 ], [ -0.188628709999932, 53.620428778000075 ], [ -0.144032355999911, 53.606634833000044 ], [ -0.09593665299991, 53.577134507000039 ], [ -0.046620245999918, 53.570379950000074 ], [ 0.000091993000069, 53.535345770000049 ], [ 0.095957879000082, 53.488348700000074 ], [ 0.151866082000083, 53.475816148000035 ], [ 0.167816602000073, 53.464504299000055 ], [ 0.175791863000086, 53.437689520000049 ], [ 0.219493035000085, 53.419501044000071 ], [ 0.211924675000091, 53.412665106000077 ], [ 0.229340040000068, 53.404771226000037 ], [ 0.256114129000082, 53.375067450000074 ], [ 0.342133009000065, 53.226304429000038 ], [ 0.356211785000085, 53.188544012000079 ], [ 0.356618686000047, 53.145738023000035 ], [ 0.32984459700009, 53.086493231000077 ], [ 0.282481316000087, 53.07485586100006 ], [ 0.19304446700005, 53.020086981000077 ], [ 0.160817905000044, 53.008978583000044 ], [ 0.082123243000069, 52.938666083000044 ], [ 0.022146030000044, 52.912583726000037 ], [ 0.008555535000085, 52.898627020000049 ], [ 0.010264519000089, 52.886460679000038 ], [ 0.105642123000052, 52.889349677000041 ], [ 0.170909050000091, 52.862127997000073 ], [ 0.246755405000044, 52.795721747000073 ], [ 0.264496290000068, 52.803697007000039 ], [ 0.32553144600007, 52.803168036000045 ], [ 0.38453209700009, 52.768377997000073 ], [ 0.379242384000065, 52.790838934000078 ], [ 0.438649936000047, 52.840725002000056 ], [ 0.47234134200005, 52.916449286000045 ], [ 0.520274285000085, 52.955267645000049 ], [ 0.569590691000087, 52.969305731000077 ], [ 0.671885613000086, 52.974432684000078 ], [ 0.664398634000065, 52.98187897300005 ], [ 0.684743686000047, 52.986395575000074 ], [ 0.750498894000089, 52.974432684000078 ], [ 0.83570397200009, 52.974432684000078 ], [ 0.96843509200005, 52.947495835000041 ], [ 1.013926629000082, 52.960150458000044 ], [ 0.966075066000087, 52.967596747000073 ], [ 0.966075066000087, 52.974432684000078 ], [ 1.274668816000087, 52.929185289000031 ], [ 1.396006707000083, 52.891424872000073 ], [ 1.64421634200005, 52.775824286000045 ], [ 1.69703209700009, 52.731024481000077 ], [ 1.747243686000047, 52.625189520000049 ], [ 1.740733269000089, 52.603908596000053 ], [ 1.747569207000083, 52.532782294000071 ], [ 1.77116946700005, 52.485907294000071 ], [ 1.754405144000089, 52.467352606000077 ], [ 1.729258660000085, 52.415594794000071 ], [ 1.72787519600007, 52.396307684000078 ], [ 1.683604363000086, 52.32453034100007 ], [ 1.63054446700005, 52.270453192000048 ], [ 1.630869988000086, 52.199774481000077 ], [ 1.582286004000082, 52.08148834800005 ], [ 1.50367272200009, 52.060980536000045 ], [ 1.486827019000089, 52.049017645000049 ], [ 1.47201582100007, 52.056219794000071 ], [ 1.463877800000091, 52.035142320000034 ], [ 1.424815300000091, 52.001857815000051 ], [ 1.332286004000082, 51.94009023600006 ], [ 1.264414910000085, 51.994370835000041 ], [ 1.234873894000089, 52.00031159100007 ], [ 1.18523196700005, 52.025091864000046 ], [ 1.15788821700005, 52.028509833000044 ], [ 1.15788821700005, 52.021673895000049 ], [ 1.214366082000083, 51.991441148000035 ], [ 1.270762566000087, 51.981512762000079 ], [ 1.274424675000091, 51.960882880000042 ], [ 1.205739780000044, 51.95343659100007 ], [ 1.165293816000087, 51.967027085000041 ], [ 1.069102410000085, 51.95343659100007 ], [ 1.09546959700009, 51.945746161000045 ], [ 1.262054884000065, 51.939154364000046 ], [ 1.281993035000085, 51.946600653000075 ], [ 1.278493686000047, 51.927923895000049 ], [ 1.199554884000065, 51.877671617000033 ], [ 1.264414910000085, 51.863999742000033 ], [ 1.286631707000083, 51.881659247000073 ], [ 1.288259311000047, 51.860581773000035 ], [ 1.276377800000091, 51.844794012000079 ], [ 1.167816602000073, 51.790228583000044 ], [ 1.065440300000091, 51.775295315000051 ], [ 1.037282748000052, 51.782171942000048 ], [ 0.97982832100007, 51.843573309000078 ], [ 0.977061394000089, 51.824611721000053 ], [ 0.962087436000047, 51.813788153000075 ], [ 0.886973504000082, 51.782131252000056 ], [ 0.873708530000044, 51.747300523000035 ], [ 0.83570397200009, 51.733710028000075 ], [ 0.767100457000083, 51.739447333000044 ], [ 0.69857832100007, 51.720038153000075 ], [ 0.749278191000087, 51.708482164000088 ], [ 0.760752800000091, 51.692694403000075 ], [ 0.789073113000086, 51.710150458000044 ], [ 0.853037957000083, 51.718898830000057 ], [ 0.930023634000065, 51.74359772300005 ], [ 0.945567254000082, 51.733710028000075 ], [ 0.938161655000044, 51.706366278000075 ], [ 0.951833530000044, 51.678412177000041 ], [ 0.937998894000089, 51.664496161000045 ], [ 0.934743686000047, 51.635891018000052 ], [ 0.91146894600007, 51.623846747000073 ], [ 0.938487175000091, 51.624986070000034 ], [ 0.951833530000044, 51.617010809000078 ], [ 0.924489780000044, 51.588324286000045 ], [ 0.873301629000082, 51.559475002000056 ], [ 0.77125084700009, 51.528265692000048 ], [ 0.650563998000052, 51.53579336100006 ], [ 0.568858269000089, 51.508368231000077 ], [ 0.552744988000086, 51.517971096000053 ], [ 0.456065300000091, 51.505560614000046 ], [ 0.428477410000085, 51.46710846600007 ], [ 0.38453209700009, 51.453111070000034 ], [ 0.448415561000047, 51.459947007000039 ], [ 0.469574415000068, 51.480414130000042 ], [ 0.53484134200005, 51.491685289000088 ], [ 0.694834832000083, 51.477036851000037 ], [ 0.709483269000089, 51.470526434000078 ], [ 0.723155144000089, 51.44672272300005 ], [ 0.692393425000091, 51.439520575000074 ], [ 0.640961134000065, 51.444159247000073 ], [ 0.609385613000086, 51.425116278000075 ], [ 0.554535352000073, 51.412176825000074 ], [ 0.585948113000086, 51.391058661000045 ], [ 0.712901238000086, 51.38422272300005 ], [ 0.700368686000047, 51.409816799000055 ], [ 0.705332879000082, 51.419501044000071 ], [ 0.726410352000073, 51.419012762000079 ], [ 0.739268425000091, 51.387925523000035 ], [ 0.764414910000085, 51.364406643000052 ], [ 0.977224155000044, 51.349188544000071 ], [ 1.10092207100007, 51.373236395000049 ], [ 1.423838738000086, 51.392075914000088 ], [ 1.448252800000091, 51.382879950000074 ], [ 1.435557488000086, 51.343736070000034 ], [ 1.418630405000044, 51.329657294000071 ], [ 1.377614780000044, 51.326239325000074 ], [ 1.413096550000091, 51.221747137000079 ], [ 1.404795769000089, 51.183539130000042 ], [ 1.38445071700005, 51.151678778000075 ], [ 1.35718834700009, 51.131008205000057 ], [ 1.262950066000087, 51.103257554000038 ], [ 1.21810957100007, 51.100978908000059 ], [ 1.192067905000044, 51.082586981000077 ], [ 1.106700066000087, 51.076361395000049 ], [ 1.066905144000089, 51.064398505000042 ], [ 1.027598504000082, 51.04165273600006 ], [ 0.96648196700005, 50.98273346600007 ], [ 0.97982832100007, 50.918158270000049 ], [ 0.945160352000073, 50.909369208000044 ], [ 0.802256707000083, 50.939195054000038 ], [ 0.762461785000085, 50.930894273000035 ], [ 0.664398634000065, 50.870306708000044 ], [ 0.624196811000047, 50.858710028000075 ], [ 0.365244988000086, 50.81899648600006 ], [ 0.342295769000089, 50.795152085000041 ], [ 0.308116082000083, 50.780951239000046 ], [ 0.271006707000083, 50.747381903000075 ], [ 0.122080925000091, 50.760809637000079 ], [ 0.095550977000073, 50.775051174000055 ], [ 0.03451582100007, 50.780951239000046 ], [ -0.173166469999956, 50.829006252000056 ], [ -0.206125454999949, 50.831040757000039 ], [ -0.233143683999913, 50.821926174000055 ], [ -0.269683397999927, 50.831284898000035 ], [ -0.397572394999941, 50.802069403000075 ], [ -0.568959113999938, 50.802069403000075 ], [ -0.73273678299995, 50.767279364000046 ], [ -0.758208787999934, 50.777085679000038 ], [ -0.773101365999935, 50.766017971000053 ], [ -0.76626542899993, 50.747137762000079 ], [ -0.770985480999911, 50.736883856000077 ], [ -0.789947068999936, 50.730047919000071 ], [ -0.904123501999948, 50.771877346000053 ], [ -0.911488410999937, 50.777818101000037 ], [ -0.905873175999943, 50.788031317000048 ], [ -0.863636847999942, 50.802069403000075 ], [ -0.863636847999942, 50.808254299000055 ], [ -0.904693162999934, 50.829331773000035 ], [ -0.928944464999915, 50.822821356000077 ], [ -0.919016079999949, 50.836167710000041 ], [ -0.939198370999918, 50.843247789000088 ], [ -1.020741339999915, 50.843654690000051 ], [ -1.056223110999952, 50.783026434000078 ], [ -1.082753058999913, 50.780951239000046 ], [ -1.103016730999911, 50.795477606000077 ], [ -1.069162563999953, 50.843654690000051 ], [ -1.087310350999928, 50.849798895000049 ], [ -1.16470292899993, 50.843654690000051 ], [ -1.123768683999913, 50.818793036000045 ], [ -1.124908006999931, 50.788723049000055 ], [ -1.151112433999913, 50.781398830000057 ], [ -1.185617641999954, 50.79242584800005 ], [ -1.199289516999954, 50.807928778000075 ], [ -1.255197719999956, 50.831935940000051 ], [ -1.30142167899993, 50.843654690000051 ], [ -1.338937954999949, 50.872707424000055 ], [ -1.466420050999943, 50.918158270000049 ], [ -1.466420050999943, 50.911932684000078 ], [ -1.425607876999948, 50.900091864000046 ], [ -1.323068813999953, 50.825751044000071 ], [ -1.314279751999948, 50.812160549000055 ], [ -1.317290818999936, 50.80023834800005 ], [ -1.418690558999913, 50.788397528000075 ], [ -1.40493730399993, 50.774725653000075 ], [ -1.487538214999915, 50.757717190000051 ], [ -1.524728969999956, 50.761053778000075 ], [ -1.56118730399993, 50.718980210000041 ], [ -1.602121548999946, 50.731756903000075 ], [ -1.693023240999935, 50.739935614000046 ], [ -1.77171790299991, 50.720119533000059 ], [ -1.857411261999914, 50.726955471000053 ], [ -1.896351691999939, 50.716294664000088 ], [ -1.940012173999946, 50.690822658000059 ], [ -1.949289516999954, 50.713324286000045 ], [ -2.021962042999917, 50.720119533000059 ], [ -2.038970506999931, 50.739935614000046 ], [ -2.08267167899993, 50.698960679000038 ], [ -2.035633917999917, 50.713324286000045 ], [ -2.002512173999946, 50.681301174000055 ], [ -1.952788865999935, 50.676581122000073 ], [ -1.945871548999946, 50.668850002000056 ], [ -1.952951626999948, 50.651841539000088 ], [ -1.932484503999945, 50.644435940000051 ], [ -1.967274542999917, 50.617092190000051 ], [ -1.965199347999942, 50.60219961100006 ], [ -2.065174933999913, 50.595526434000078 ], [ -2.157338019999941, 50.620510158000059 ], [ -2.342640753999945, 50.633775132000039 ], [ -2.377064581999946, 50.647528387000079 ], [ -2.398345506999931, 50.645575262000079 ], [ -2.435902472999942, 50.637518622000073 ], [ -2.460072394999941, 50.606512762000079 ], [ -2.465646938999953, 50.585150458000044 ], [ -2.456450975999928, 50.575506903000075 ], [ -2.431223110999952, 50.570257880000042 ], [ -2.428700324999909, 50.557562567000048 ], [ -2.45335852799991, 50.52765534100007 ], [ -2.459543423999946, 50.52765534100007 ], [ -2.460357225999928, 50.565497137000079 ], [ -2.483509894999941, 50.590399481000077 ], [ -2.692941860999952, 50.69281647300005 ], [ -2.887318488999938, 50.734361070000034 ], [ -2.962757941999939, 50.72329336100006 ], [ -2.998199022999927, 50.708238023000035 ], [ -3.071359829999949, 50.711004950000074 ], [ -3.125477667999917, 50.685288804000038 ], [ -3.166493292999917, 50.69281647300005 ], [ -3.259836391999954, 50.674546617000033 ], [ -3.29556230399993, 50.637518622000073 ], [ -3.368153449999909, 50.617092190000051 ], [ -3.420969204999949, 50.629461981000077 ], [ -3.446359829999949, 50.66828034100007 ], [ -3.464426235999952, 50.678534247000073 ], [ -3.467844204999949, 50.666978257000039 ], [ -3.45531165299991, 50.657904364000046 ], [ -3.433338995999918, 50.610256252000056 ], [ -3.481760219999956, 50.568548895000049 ], [ -3.505970831999946, 50.520819403000075 ], [ -3.504527339809323, 50.5 ], [ -5.0, 50.5 ], [ -5.0, 50.545933720324285 ], [ -4.975168423999946, 50.548163153000075 ], [ -4.947255011999914, 50.562445380000042 ], [ -4.933583136999914, 50.520249742000033 ], [ -4.920521613999938, 50.52765534100007 ], [ -4.844838019999941, 50.514064846000053 ], [ -4.855824347999942, 50.527411200000074 ], [ -4.906239386999914, 50.541978257000039 ], [ -4.921864386999914, 50.554877020000049 ], [ -4.915191209999932, 50.572495835000041 ], [ -4.920521613999938, 50.589178778000075 ], [ -4.792469855999911, 50.595200914000088 ], [ -4.749256964999915, 50.644435940000051 ], [ -4.751942511999914, 50.670070705000057 ], [ -4.728138800999943, 50.672308661000045 ], [ -4.657297329999949, 50.711127020000049 ], [ -4.637806769999941, 50.741156317000048 ], [ -4.577259894999941, 50.774725653000075 ], [ -4.550119594999956, 50.809556382000039 ], [ -4.55492102799991, 50.897772528000075 ], [ -4.543771938999953, 50.939195054000038 ], [ -4.522694464999915, 50.972723700000074 ], [ -4.530425584999932, 50.994696356000077 ], [ -4.526437954999949, 51.014960028000075 ], [ -4.437326626999948, 51.014960028000075 ], [ -4.395741339999915, 51.000677802000041 ], [ -4.337717251999948, 50.996649481000077 ], [ -4.302316860999952, 51.007513739000046 ], [ -4.207997199999909, 51.076361395000049 ], [ -4.231922980999911, 51.126695054000038 ], [ -4.255767381999931, 51.151516018000052 ], [ -4.214833136999914, 51.151516018000052 ], [ -4.209828253999945, 51.172837632000039 ], [ -4.228505011999914, 51.192450262000079 ], [ -4.152333136999914, 51.211615302000041 ], [ -3.969471808999913, 51.222398179000038 ], [ -3.913197394999941, 51.233384507000039 ], [ -3.840891079999949, 51.233384507000039 ], [ -3.769154425999943, 51.247707424000055 ], [ -3.639759894999941, 51.226385809000078 ], [ -3.559315558999913, 51.228094794000071 ], [ -3.434193488999938, 51.209784247000073 ], [ -3.38499915299991, 51.186224677000041 ], [ -3.270741339999915, 51.189398505000042 ], [ -3.16274980399993, 51.206732489000046 ], [ -3.057525193999936, 51.208156643000052 ], [ -3.029286261999914, 51.220404364000046 ], [ -3.021839972999942, 51.213568427000041 ], [ -3.035552537999934, 51.199286200000074 ], [ -3.021839972999942, 51.192450262000079 ], [ -3.004790818999936, 51.213120835000041 ], [ -2.999582485999952, 51.233221747000073 ], [ -3.008168097999942, 51.25454336100006 ], [ -3.010609503999945, 51.310980536000045 ], [ -3.021839972999942, 51.322821356000077 ], [ -2.992176886999914, 51.321926174000055 ], [ -2.987782355999911, 51.346665757000039 ], [ -2.959584113999938, 51.374253648000035 ], [ -2.974680141999954, 51.38422272300005 ], [ -2.952951626999948, 51.398504950000074 ], [ -2.921009894999941, 51.394435940000051 ], [ -2.798573370999918, 51.482611395000049 ], [ -2.716420050999943, 51.499579169000071 ], [ -2.696156378999945, 51.512640692000048 ], [ -2.607818162999934, 51.607367255000042 ], [ -2.580433722999942, 51.618638414000088 ], [ -2.556385870999918, 51.659247137000079 ], [ -2.464995897999927, 51.725897528000075 ], [ -2.404896613999938, 51.741156317000048 ], [ -2.380767381999931, 51.761908270000049 ], [ -2.383371548999946, 51.773260809000078 ], [ -2.398060675999943, 51.782131252000056 ], [ -2.402414516999954, 51.763576565000051 ], [ -2.420399542999917, 51.753119208000044 ], [ -2.482085740999935, 51.742865302000041 ], [ -2.52212480399993, 51.706366278000075 ], [ -2.581695115999935, 51.681708075000074 ], [ -2.71312415299991, 51.586615302000041 ], [ -2.760487433999913, 51.579779364000046 ], [ -2.858713344999956, 51.546128648000035 ], [ -2.943348761999914, 51.542547919000071 ], [ -2.974680141999954, 51.562974351000037 ], [ -3.015695766999954, 51.531642971000053 ], [ -3.105620897999927, 51.497219143000052 ], [ -3.131703253999945, 51.480414130000042 ], [ -3.145375128999945, 51.459947007000039 ], [ -3.172718878999945, 51.453111070000034 ], [ -3.160064256999931, 51.431830145000049 ], [ -3.167144334999932, 51.41046784100007 ], [ -3.184803839999915, 51.397609768000052 ], [ -3.218861456999946, 51.402777411000045 ], [ -3.289418097999942, 51.38422272300005 ], [ -3.539173956999946, 51.398504950000074 ], [ -3.557443813999953, 51.405096747000073 ], [ -3.604725714999915, 51.445705471000053 ], [ -3.663197394999941, 51.476223049000055 ], [ -3.695423956999946, 51.471502997000073 ], [ -3.737619594999956, 51.49087148600006 ], [ -3.748036261999914, 51.500921942000048 ], [ -3.741851365999935, 51.508368231000077 ], [ -3.770130988999938, 51.563299872000073 ], [ -3.83267167899993, 51.61554596600007 ], [ -3.854888475999928, 51.623846747000073 ], [ -3.962391730999911, 51.615627346000053 ], [ -3.989979620999918, 51.606512762000079 ], [ -3.999908006999931, 51.590887762000079 ], [ -3.974598761999914, 51.562974351000037 ], [ -4.016184048999946, 51.562974351000037 ], [ -4.026519334999932, 51.554022528000075 ], [ -4.046457485999952, 51.568426825000074 ], [ -4.070220506999931, 51.555568752000056 ], [ -4.121652798999946, 51.565985419000071 ], [ -4.166411912999934, 51.542547919000071 ], [ -4.196766730999911, 51.549383856000077 ], [ -4.200550910999937, 51.538763739000046 ], [ -4.289906378999945, 51.555568752000056 ], [ -4.297352667999917, 51.569240627000056 ], [ -4.278309699999909, 51.578192450000074 ], [ -4.289906378999945, 51.617010809000078 ], [ -4.255767381999931, 51.623846747000073 ], [ -4.234730597999942, 51.644964911000045 ], [ -4.228505011999914, 51.637437242000033 ], [ -4.234730597999942, 51.631293036000045 ], [ -4.22101803299995, 51.623846747000073 ], [ -4.091297980999911, 51.639878648000035 ], [ -4.070220506999931, 51.662298895000049 ], [ -4.07054602799991, 51.675970770000049 ], [ -4.106841600999928, 51.664252020000049 ], [ -4.146351691999939, 51.667059637000079 ], [ -4.200550910999937, 51.68585846600007 ], [ -4.293690558999913, 51.672267971000053 ], [ -4.315297003999945, 51.677476304000038 ], [ -4.366444464999915, 51.708482164000088 ], [ -4.379261847999942, 51.72687409100007 ], [ -4.319976365999935, 51.724839585000041 ], [ -4.310454881999931, 51.733710028000075 ], [ -4.362538214999915, 51.742865302000041 ], [ -4.371815558999913, 51.754787502000056 ], [ -4.358021613999938, 51.773138739000046 ], [ -4.365101691999939, 51.789048570000034 ], [ -4.399159308999913, 51.761623440000051 ], [ -4.426503058999913, 51.775295315000051 ], [ -4.445790167999917, 51.773260809000078 ], [ -4.449330206999946, 51.766302802000041 ], [ -4.426503058999913, 51.747300523000035 ], [ -4.460764126999948, 51.73578522300005 ], [ -4.574208136999914, 51.741156317000048 ], [ -4.645375128999945, 51.732123114000046 ], [ -4.678212042999917, 51.71743398600006 ], [ -4.680287238999938, 51.692694403000075 ], [ -4.69163977799991, 51.689886786000045 ], [ -4.712310350999928, 51.650091864000046 ], [ -4.734934048999946, 51.659247137000079 ], [ -4.759185350999928, 51.644964911000045 ], [ -4.86351477799991, 51.644110419000071 ], [ -4.941029425999943, 51.596502997000073 ], [ -5.0, 51.611636844540726 ], [ -5.0, 51.687129877441798 ], [ -4.868275519999941, 51.716782945000034 ], [ -4.844838019999941, 51.713812567000048 ], [ -4.873402472999942, 51.73773834800005 ], [ -4.879017706999946, 51.76203034100007 ], [ -4.862538214999915, 51.782375393000052 ], [ -4.824330206999946, 51.788275458000044 ], [ -4.824330206999946, 51.795721747000073 ], [ -4.933583136999914, 51.775295315000051 ], [ -4.905181443999936, 51.771185614000046 ], [ -4.900542772999927, 51.762111721000053 ], [ -4.906239386999914, 51.747300523000035 ], [ -4.892079230999911, 51.739406643000052 ], [ -4.895659959999932, 51.728176174000055 ], [ -4.910552537999934, 51.71820709800005 ], [ -5.0, 51.70658914918549 ], [ -5.0, 52.020305783580454 ], [ -4.961740688999953, 52.007513739000046 ], [ -4.913685675999943, 52.014837958000044 ], [ -4.920521613999938, 52.028509833000044 ], [ -4.841420050999943, 52.014837958000044 ], [ -4.83226477799991, 52.01898834800005 ], [ -4.838002081999946, 52.049017645000049 ], [ -4.77757727799991, 52.064886786000045 ], [ -4.720285610999952, 52.113348700000074 ], [ -4.673451300999943, 52.097398179000038 ], [ -4.675689256999931, 52.126939195000034 ], [ -4.637521938999953, 52.138495184000078 ], [ -4.50226803299995, 52.138373114000046 ], [ -4.484283006999931, 52.156317450000074 ], [ -4.434803839999915, 52.170355536000045 ], [ -4.385568813999953, 52.20343659100007 ], [ -4.315825975999928, 52.216294664000031 ], [ -4.197132941999939, 52.279282945000034 ], [ -4.10960852799991, 52.365301825000074 ], [ -4.096262173999946, 52.387884833000044 ], [ -4.078968878999945, 52.453029690000051 ], [ -4.056548631999931, 52.487860419000071 ], [ -4.064035610999952, 52.509182033000059 ], [ -4.056548631999931, 52.529445705000057 ], [ -4.016184048999946, 52.521958726000037 ], [ -3.947336391999954, 52.549261786000045 ], [ -3.947336391999954, 52.556708075000074 ], [ -3.974476691999939, 52.556545315000051 ], [ -4.053130662999934, 52.54242584800005 ], [ -4.125477667999917, 52.603908596000053 ], [ -4.122222459999932, 52.628729559000078 ], [ -4.105946417999917, 52.653509833000044 ], [ -4.063547329999949, 52.683091539000031 ], [ -4.056548631999931, 52.700669664000031 ], [ -3.988270636999914, 52.734279690000051 ], [ -4.048817511999914, 52.721584377000056 ], [ -4.125152147999927, 52.778306382000039 ], [ -4.149037238999938, 52.812079169000071 ], [ -4.146229620999918, 52.820217190000051 ], [ -4.117339647999927, 52.830755927000041 ], [ -4.132191535999937, 52.868312893000052 ], [ -4.129872199999909, 52.889227606000077 ], [ -4.064035610999952, 52.919175523000035 ], [ -4.077626105999911, 52.926662502000056 ], [ -4.100493943999936, 52.914129950000074 ], [ -4.118560350999928, 52.926662502000056 ], [ -4.144398566999939, 52.914780992000033 ], [ -4.228505011999914, 52.919175523000035 ], [ -4.337310350999928, 52.89203522300005 ], [ -4.406605597999942, 52.892523505000042 ], [ -4.481678839999915, 52.850897528000075 ], [ -4.475493943999936, 52.844142971000053 ], [ -4.500965949999909, 52.82680898600006 ], [ -4.501332160999937, 52.81391022300005 ], [ -4.489125128999945, 52.803168036000045 ], [ -4.516468878999945, 52.789496161000045 ], [ -4.594634568999936, 52.816799221000053 ], [ -4.648589647999927, 52.799627997000073 ], [ -4.704497850999928, 52.803168036000045 ], [ -4.747425910999937, 52.783433335000041 ], [ -4.762847459999932, 52.789496161000045 ], [ -4.752512173999946, 52.798773505000042 ], [ -4.755441860999952, 52.809312242000033 ], [ -4.734934048999946, 52.830471096000053 ], [ -4.596058722999942, 52.928412177000041 ], [ -4.523996548999946, 52.944240627000056 ], [ -4.443430141999954, 52.982163804000038 ], [ -4.423695441999939, 53.002630927000041 ], [ -4.358225063999953, 53.028469143000052 ], [ -4.345692511999914, 53.059475002000056 ], [ -4.340891079999949, 53.11273834800005 ], [ -4.327626105999911, 53.11469147300005 ], [ -4.320668097999942, 53.101507880000042 ], [ -4.303618943999936, 53.12531159100007 ], [ -4.263539191999939, 53.154527085000041 ], [ -4.234527147999927, 53.164007880000042 ], [ -4.17796790299991, 53.217596747000073 ], [ -4.122222459999932, 53.233465887000079 ], [ -4.066883917999917, 53.229071356000077 ], [ -3.974598761999914, 53.261786200000074 ], [ -3.865305141999954, 53.289129950000074 ], [ -3.831288214999915, 53.289129950000074 ], [ -3.841420050999943, 53.307440497000073 ], [ -3.878407355999911, 53.337591864000046 ], [ -3.840565558999913, 53.332831122000073 ], [ -3.810129360999952, 53.317084052000041 ], [ -3.790516730999911, 53.323431708000044 ], [ -3.768869594999956, 53.319159247000073 ], [ -3.716297980999911, 53.286932684000078 ], [ -3.60220292899993, 53.288885809000078 ], [ -3.562326626999948, 53.294419664000031 ], [ -3.372059699999909, 53.350897528000075 ], [ -3.33031165299991, 53.351792710000041 ], [ -3.122222459999932, 53.262274481000077 ], [ -3.087757941999939, 53.23468659100007 ], [ -3.084543423999946, 53.275458075000074 ], [ -3.185210740999935, 53.37726471600007 ], [ -3.186350063999953, 53.392767645000049 ], [ -3.175526495999918, 53.402736721000053 ], [ -3.094227667999917, 53.417385158000059 ], [ -3.058257615999935, 53.434759833000044 ], [ -3.035552537999934, 53.433742580000057 ], [ -3.012196417999917, 53.416693427000041 ], [ -2.952951626999948, 53.323919989000046 ], [ -2.910552537999934, 53.29633209800005 ], [ -2.88149980399993, 53.288397528000075 ], [ -2.850575324999909, 53.289129950000074 ], [ -2.837554490999935, 53.302801825000074 ], [ -2.775502081999946, 53.299872137000079 ], [ -2.748117641999954, 53.309637762000079 ], [ -2.753651495999918, 53.322455145000049 ], [ -2.743153449999909, 53.33852773600006 ], [ -2.699777798999946, 53.351792710000041 ], [ -2.764393683999913, 53.34516022300005 ], [ -2.775380011999914, 53.341009833000044 ], [ -2.782378709999932, 53.326361395000049 ], [ -2.799794074999909, 53.321030992000033 ], [ -2.886463995999918, 53.333563544000071 ], [ -2.924956834999932, 53.350002346000053 ], [ -2.980824347999942, 53.392767645000049 ], [ -3.101918097999942, 53.55805084800005 ], [ -3.087635870999918, 53.587713934000078 ], [ -3.021839972999942, 53.652818101000037 ], [ -2.951730923999946, 53.708075262000079 ], [ -2.899037238999938, 53.735419012000079 ], [ -2.984852667999917, 53.736070054000038 ], [ -3.021473761999914, 53.745794989000046 ], [ -3.049183722999942, 53.769517320000034 ], [ -3.056385870999918, 53.80304596600007 ], [ -3.044911261999914, 53.878485419000071 ], [ -3.056630011999914, 53.906154690000051 ], [ -3.040679490999935, 53.923529364000046 ], [ -3.017567511999914, 53.93195221600007 ], [ -2.925689256999931, 53.952704169000071 ], [ -2.888539191999939, 53.946030992000033 ], [ -2.857980923999946, 53.967596747000073 ], [ -2.869252081999946, 53.97882721600007 ], [ -2.834462042999917, 53.999823309000078 ], [ -2.830067511999914, 54.016017971000053 ], [ -2.895497199999909, 54.002346096000053 ], [ -2.91820227799991, 54.034328518000052 ], [ -2.858876105999911, 54.081000067000048 ], [ -2.826771613999938, 54.088812567000048 ], [ -2.795969204999949, 54.125189520000049 ], [ -2.854237433999913, 54.194077867000033 ], [ -2.810292120999918, 54.211900132000039 ], [ -2.79523678299995, 54.229478257000039 ], [ -2.795969204999949, 54.248724677000041 ], [ -2.802805141999954, 54.248724677000041 ], [ -2.806630011999914, 54.233710028000075 ], [ -2.820871548999946, 54.221747137000079 ], [ -2.904652472999942, 54.187648830000057 ], [ -2.920399542999917, 54.162054755000042 ], [ -2.939198370999918, 54.155096747000073 ], [ -2.984201626999948, 54.153143622000073 ], [ -2.997710740999935, 54.159572658000059 ], [ -3.017323370999918, 54.19009023600006 ], [ -3.008168097999942, 54.200344143000052 ], [ -3.015370245999918, 54.211900132000039 ], [ -3.035755988999938, 54.225978908000059 ], [ -3.049183722999942, 54.222072658000059 ], [ -3.044667120999918, 54.208319403000075 ], [ -3.061024542999917, 54.161932684000078 ], [ -3.117909308999913, 54.10883209800005 ], [ -3.145253058999913, 54.100043036000045 ], [ -3.145375128999945, 54.063788153000075 ], [ -3.18976803299995, 54.097886460000041 ], [ -3.219553188999953, 54.100775458000044 ], [ -3.240956183999913, 54.112127997000073 ], [ -3.233143683999913, 54.159165757000039 ], [ -3.248402472999942, 54.173651434000078 ], [ -3.215199347999942, 54.179836330000057 ], [ -3.206776495999918, 54.208929755000042 ], [ -3.207386847999942, 54.263006903000075 ], [ -3.231353318999936, 54.247219143000052 ], [ -3.240956183999913, 54.222072658000059 ], [ -3.232167120999918, 54.202541408000059 ], [ -3.306792772999927, 54.191880601000037 ], [ -3.407378709999932, 54.277736721000053 ], [ -3.412912563999953, 54.293768622000073 ], [ -3.404123501999948, 54.318548895000049 ], [ -3.413441535999937, 54.342962958000044 ], [ -3.440174933999913, 54.351752020000049 ], [ -3.474273240999935, 54.393500067000048 ], [ -3.634185350999928, 54.512884833000044 ], [ -3.61156165299991, 54.52993398600006 ], [ -3.590321417999917, 54.564642645000049 ], [ -3.563832160999937, 54.642767645000049 ], [ -3.509185350999928, 54.721665757000039 ], [ -3.468129035999937, 54.735296942000048 ], [ -3.439564581999946, 54.761460679000038 ], [ -3.430978969999956, 54.780462958000044 ], [ -3.440174933999913, 54.797430731000077 ], [ -3.387928839999915, 54.883368231000077 ], [ -3.364491339999915, 54.899807033000059 ], [ -3.344960089999915, 54.902533270000049 ], [ -3.306467251999948, 54.88617584800005 ], [ -3.254628058999913, 54.899807033000059 ], [ -3.317290818999936, 54.920314846000053 ], [ -3.276519334999932, 54.943426825000074 ], [ -3.213612433999913, 54.954413153000075 ], [ -3.180165167999917, 54.940822658000059 ], [ -3.122792120999918, 54.932684637000079 ], [ -3.021839972999942, 54.954413153000075 ], [ -3.090728318999936, 54.954413153000075 ], [ -3.090728318999936, 54.96124909100007 ], [ -3.040923631999931, 54.972479559000078 ], [ -3.021839972999942, 54.968085028000075 ], [ -3.021839972999942, 54.975531317000048 ], [ -3.046294725999928, 54.982123114000046 ], [ -3.13540605399993, 54.968085028000075 ], [ -3.453846808999913, 54.981756903000075 ], [ -3.501047329999949, 54.99249909100007 ], [ -3.52603105399993, 54.977118231000077 ], [ -3.57054602799991, 54.995428778000075 ], [ -3.583607550999943, 54.968085028000075 ], [ -3.568755662999934, 54.916001695000034 ], [ -3.581695115999935, 54.883612372000073 ], [ -3.598378058999913, 54.877997137000079 ], [ -3.717640753999945, 54.880845445000034 ], [ -3.739247199999909, 54.859808661000045 ], [ -3.810129360999952, 54.866278387000079 ], [ -3.803334113999938, 54.858872789000031 ], [ -3.812367316999939, 54.855169989000046 ], [ -3.831288214999915, 54.866278387000079 ], [ -3.819976365999935, 54.878566799000055 ], [ -3.810129360999952, 54.87250397300005 ], [ -3.816965298999946, 54.88617584800005 ], [ -3.844309048999946, 54.866278387000079 ], [ -3.837473110999952, 54.851996161000045 ], [ -3.857899542999917, 54.844549872000073 ], [ -3.823841925999943, 54.824693101000037 ], [ -3.964182094999956, 54.771918036000045 ], [ -4.011708136999914, 54.76821523600006 ], [ -4.042876756999931, 54.769476630000042 ], [ -4.042876756999931, 54.776922919000071 ], [ -4.055775519999941, 54.782538153000075 ], [ -4.047718878999945, 54.813055731000077 ], [ -4.049956834999932, 54.823228257000039 ], [ -4.064035610999952, 54.831529039000031 ], [ -4.09007727799991, 54.809759833000044 ], [ -4.093495245999918, 54.792669989000046 ], [ -4.083851691999939, 54.776922919000071 ], [ -4.122954881999931, 54.773016669000071 ], [ -4.173939581999946, 54.792303778000075 ], [ -4.209136522999927, 54.826239325000074 ], [ -4.200550910999937, 54.866278387000079 ], [ -4.239735480999911, 54.843003648000035 ], [ -4.270741339999915, 54.839422919000071 ], [ -4.356922980999911, 54.86554596600007 ], [ -4.386789516999954, 54.904771226000037 ], [ -4.402902798999946, 54.907294012000079 ], [ -4.426503058999913, 54.86945221600007 ], [ -4.417225714999915, 54.845933335000041 ], [ -4.402902798999946, 54.824693101000037 ], [ -4.35960852799991, 54.816636460000041 ], [ -4.344471808999913, 54.794501044000071 ], [ -4.358143683999913, 54.770982164000031 ], [ -4.343861456999946, 54.756415106000077 ], [ -4.356516079999949, 54.741888739000046 ], [ -4.348133917999917, 54.701971747000073 ], [ -4.382394985999952, 54.680080471000053 ], [ -4.46117102799991, 54.701239325000074 ], [ -4.49673417899993, 54.70062897300005 ], [ -4.596669074999909, 54.775295315000051 ], [ -4.714466925999943, 54.817857164000031 ], [ -4.781076626999948, 54.833075262000079 ], [ -4.799631313999953, 54.861273505000042 ], [ -4.821034308999913, 54.86664459800005 ], [ -4.859120245999918, 54.866278387000079 ], [ -4.905873175999943, 54.849798895000049 ], [ -4.941029425999943, 54.824693101000037 ], [ -4.954823370999918, 54.804754950000074 ], [ -4.94790605399993, 54.777329820000034 ], [ -4.930165167999917, 54.762640692000048 ], [ -4.895985480999911, 54.70453522300005 ], [ -4.867258266999954, 54.690130927000041 ], [ -4.872059699999909, 54.649237372000073 ], [ -4.859120245999918, 54.632961330000057 ], [ -4.953684048999946, 54.659735419000071 ], [ -4.958973761999914, 54.691961981000077 ], [ -4.947255011999914, 54.701239325000074 ], [ -4.958892381999931, 54.714056708000044 ], [ -4.954701300999943, 54.728501695000034 ], [ -4.981556769999941, 54.731634833000044 ], [ -4.992665167999917, 54.744330145000049 ], [ -5.0, 54.764479442644557 ], [ -5.0, 54.917620536875319 ], [ -4.988189256999931, 54.934556382000039 ], [ -5.0, 54.948322191226353 ], [ -5.0, 55.145764339862183 ], [ -4.947255011999914, 55.167914130000042 ], [ -4.882394985999952, 55.218573309000078 ], [ -4.867258266999954, 55.222479559000078 ], [ -4.864816860999952, 55.241359768000052 ], [ -4.838002081999946, 55.284002997000073 ], [ -4.839751756999931, 55.315578518000052 ], [ -4.832508917999917, 55.331122137000079 ], [ -4.773101365999935, 55.369370835000041 ], [ -4.749256964999915, 55.413763739000046 ], [ -4.71703040299991, 55.430487372000073 ], [ -4.650502081999946, 55.448472398000035 ], [ -4.626332160999937, 55.468410549000055 ], [ -4.617787238999938, 55.495591539000031 ], [ -4.626779751999948, 55.519720770000049 ], [ -4.650786912999934, 55.537054755000042 ], [ -4.687163865999935, 55.544134833000044 ], [ -4.66624915299991, 55.562201239000046 ], [ -4.671131964999915, 55.584418036000045 ], [ -4.692738410999937, 55.605210679000038 ], [ -4.721994594999956, 55.619208075000074 ], [ -4.818104620999918, 55.637193101000037 ], [ -4.810617641999954, 55.653998114000046 ], [ -4.868560350999928, 55.675604559000078 ], [ -4.920521613999938, 55.708563544000071 ], [ -4.876332160999937, 55.735256252000056 ], [ -4.861073370999918, 55.756740627000056 ], [ -4.865305141999954, 55.79047272300005 ], [ -4.882720506999931, 55.821356512000079 ], [ -4.892648891999954, 55.89288971600007 ], [ -4.886463995999918, 55.919663804000038 ], [ -4.872141079999949, 55.937201239000046 ], [ -4.849354620999918, 55.948228257000039 ], [ -4.799387173999946, 55.957912502000056 ], [ -4.67251542899993, 55.933783270000049 ], [ -4.505970831999946, 55.919094143000052 ], [ -4.481678839999915, 55.928290106000077 ], [ -4.630034959999932, 55.946275132000039 ], [ -4.673451300999943, 55.961859442000048 ], [ -4.724517381999931, 55.99835846600007 ], [ -4.78343665299991, 56.017645575000074 ], [ -4.810617641999954, 56.043768622000073 ], [ -4.824330206999946, 56.078517971000053 ], [ -4.839182094999956, 56.080633856000077 ], [ -4.844309048999946, 56.072984117000033 ], [ -4.837554490999935, 56.050604559000078 ], [ -4.778920050999943, 55.992092190000051 ], [ -4.785308397999927, 55.984035549000055 ], [ -4.803618943999936, 55.982082424000055 ], [ -4.851551886999914, 55.988023179000038 ], [ -4.862294074999909, 56.002142645000049 ], [ -4.865386522999927, 56.06671784100007 ], [ -4.826324022999927, 56.124212958000044 ], [ -4.755441860999952, 56.188381252000056 ], [ -4.755523240999935, 56.206529039000031 ], [ -4.77993730399993, 56.191473700000074 ], [ -4.851673956999946, 56.112616278000075 ], [ -4.873117641999954, 56.112005927000041 ], [ -4.880604620999918, 56.119859117000033 ], [ -4.878977016999954, 56.150539455000057 ], [ -4.893544074999909, 56.174261786000045 ], [ -4.907093878999945, 56.177069403000075 ], [ -4.920521613999938, 56.167914130000042 ], [ -4.886219855999911, 56.08038971600007 ], [ -4.889149542999917, 56.064846096000053 ], [ -4.904367641999954, 56.054348049000055 ], [ -4.892648891999954, 55.989732164000031 ], [ -4.906402147999927, 55.985744533000059 ], [ -4.954701300999943, 55.996568101000037 ], [ -4.954701300999943, 55.989732164000031 ], [ -4.918446417999917, 55.973334052000041 ], [ -4.917388475999928, 55.947455145000049 ], [ -4.947255011999914, 55.920843817000048 ], [ -4.96898352799991, 55.879868882000039 ], [ -5.0, 55.870468266195672 ], [ -5.0, 56.230866763695737 ], [ -4.94009355399993, 56.25141022300005 ], [ -4.920521613999938, 56.277777411000045 ], [ -4.975087042999917, 56.247992255000042 ], [ -5.0, 56.242625070117441 ], [ -5.0, 58.249937844370123 ], [ -4.933583136999914, 58.223049221000053 ], [ -4.982004360999952, 58.250921942000048 ], [ -4.926747199999909, 58.264593817000048 ], [ -5.0, 58.271409556213513 ], [ -5.0, 58.620869276590938 ], [ -4.988189256999931, 58.628322658000059 ], [ -4.835926886999914, 58.605047919000071 ], [ -4.818104620999918, 58.592922268000052 ], [ -4.803822394999941, 58.559393622000073 ], [ -4.818104620999918, 58.524644273000035 ], [ -4.791818813999953, 58.54165273600006 ], [ -4.785755988999938, 58.577053127000056 ], [ -4.771595831999946, 58.590399481000077 ], [ -4.776519334999932, 58.607163804000038 ], [ -4.728016730999911, 58.577460028000075 ], [ -4.660023566999939, 58.555853583000044 ], [ -4.667307094999956, 58.532049872000073 ], [ -4.714466925999943, 58.505601304000038 ], [ -4.760975714999915, 58.447984117000033 ], [ -4.74242102799991, 58.44953034100007 ], [ -4.673451300999943, 58.487372137000079 ], [ -4.666859503999945, 58.502915757000039 ], [ -4.612131313999953, 58.524644273000035 ], [ -4.584950324999909, 58.574164130000042 ], [ -4.560536261999914, 58.579901434000078 ], [ -4.517486131999931, 58.575506903000075 ], [ -4.426503058999913, 58.546372789000031 ], [ -4.426503058999913, 58.524644273000035 ], [ -4.449940558999913, 58.510199286000045 ], [ -4.495350714999915, 58.44953034100007 ], [ -4.46117102799991, 58.462469794000071 ], [ -4.43390865799995, 58.483628648000035 ], [ -4.43423417899993, 58.496283270000049 ], [ -4.343861456999946, 58.538885809000078 ], [ -4.306996222999942, 58.546372789000031 ], [ -4.234730597999942, 58.524644273000035 ], [ -4.248931443999936, 58.532049872000073 ], [ -4.22101803299995, 58.551947333000044 ], [ -4.176991339999915, 58.546372789000031 ], [ -4.149322068999936, 58.565619208000044 ], [ -4.081450975999928, 58.561835028000075 ], [ -4.048817511999914, 58.589585679000038 ], [ -4.029042120999918, 58.59516022300005 ], [ -4.003773566999939, 58.57062409100007 ], [ -3.895741339999915, 58.565619208000044 ], [ -3.810129360999952, 58.573065497000073 ], [ -3.698353644999941, 58.611151434000078 ], [ -3.597564256999931, 58.627142645000049 ], [ -3.542591925999943, 58.620835679000038 ], [ -3.556263800999943, 58.613999742000033 ], [ -3.532053188999953, 58.602118231000077 ], [ -3.447010870999918, 58.613999742000033 ], [ -3.364084438999953, 58.600816148000035 ], [ -3.350819464999915, 58.620835679000038 ], [ -3.386057094999956, 58.631740627000056 ], [ -3.412912563999953, 58.655585028000075 ], [ -3.374867316999939, 58.677069403000075 ], [ -3.358265753999945, 58.675482489000046 ], [ -3.340565558999913, 58.648138739000046 ], [ -3.204090949999909, 58.661118882000039 ], [ -3.151926235999952, 58.64126211100006 ], [ -3.052886522999927, 58.648138739000046 ], [ -3.019113735999952, 58.640326239000046 ], [ -3.049183722999942, 58.586737372000073 ], [ -3.084543423999946, 58.551947333000044 ], [ -3.118031378999945, 58.532049872000073 ], [ -3.129261847999942, 58.512640692000048 ], [ -3.129302537999934, 58.49640534100007 ], [ -3.118723110999952, 58.484442450000074 ], [ -3.097523566999939, 58.477484442000048 ], [ -3.064442511999914, 58.482977606000077 ], [ -3.053334113999938, 58.465765692000048 ], [ -3.077056443999936, 58.44953034100007 ], [ -3.086333787999934, 58.414211330000057 ], [ -3.129790818999936, 58.369289455000057 ], [ -3.220529751999948, 58.305568752000056 ], [ -3.38499915299991, 58.264593817000048 ], [ -3.438099738999938, 58.236029364000046 ], [ -3.473459438999953, 58.193426825000074 ], [ -3.515288865999935, 58.168402411000045 ], [ -3.73501542899993, 58.072170315000051 ], [ -3.809193488999938, 58.051906643000052 ], [ -3.827504035999937, 58.042059637000079 ], [ -3.851714647999927, 58.003892320000034 ], [ -3.990956183999913, 57.96039459800005 ], [ -4.001942511999914, 57.935614325000074 ], [ -4.023060675999943, 57.943060614000046 ], [ -4.016184048999946, 57.949286200000074 ], [ -4.084380662999934, 57.964178778000075 ], [ -4.089100714999915, 57.960150458000044 ], [ -4.077626105999911, 57.943060614000046 ], [ -4.016184048999946, 57.932196356000077 ], [ -3.988270636999914, 57.908270575000074 ], [ -4.008941209999932, 57.889593817000048 ], [ -4.009348110999952, 57.867905992000033 ], [ -4.070220506999931, 57.874172268000052 ], [ -4.104969855999911, 57.853705145000049 ], [ -4.218169725999928, 57.874172268000052 ], [ -4.298898891999954, 57.862779039000031 ], [ -4.353179490999935, 57.895209052000041 ], [ -4.392404751999948, 57.908270575000074 ], [ -4.339588995999918, 57.865708726000037 ], [ -4.307728644999941, 57.851467190000051 ], [ -4.269398566999939, 57.846869208000044 ], [ -4.208241339999915, 57.859198309000078 ], [ -4.149728969999956, 57.829820054000038 ], [ -4.13345292899993, 57.830145575000074 ], [ -4.139068162999934, 57.846869208000044 ], [ -4.039906378999945, 57.818182684000078 ], [ -3.983509894999941, 57.842352606000077 ], [ -3.95148678299995, 57.838324286000045 ], [ -3.933705206999946, 57.825669664000031 ], [ -3.947336391999954, 57.812689520000049 ], [ -3.914784308999913, 57.807684637000079 ], [ -3.877674933999913, 57.81671784100007 ], [ -3.798451300999943, 57.866522528000075 ], [ -3.786040818999936, 57.865423895000049 ], [ -3.779449022999927, 57.855658270000049 ], [ -3.790028449999909, 57.83071523600006 ], [ -3.988270636999914, 57.695990302000041 ], [ -4.02367102799991, 57.697821356000077 ], [ -4.028635219999956, 57.707709052000041 ], [ -4.016184048999946, 57.723334052000041 ], [ -4.042958136999914, 57.737290757000039 ], [ -4.077951626999948, 57.730292059000078 ], [ -4.168568488999938, 57.689439195000034 ], [ -4.294789191999939, 57.680161851000037 ], [ -4.30882727799991, 57.654852606000077 ], [ -4.403187628999945, 57.609523830000057 ], [ -4.428456183999913, 57.577541408000059 ], [ -4.379872199999909, 57.589341539000031 ], [ -4.328724738999938, 57.626288153000075 ], [ -4.201893683999913, 57.674994208000044 ], [ -4.169016079999949, 57.663763739000046 ], [ -4.096791144999941, 57.658107815000051 ], [ -4.009348110999952, 57.688544012000079 ], [ -4.004505988999938, 57.675970770000049 ], [ -4.025257941999939, 57.655218817000048 ], [ -4.083404100999928, 57.62335846600007 ], [ -4.118560350999928, 57.592962958000044 ], [ -4.104969855999911, 57.579291083000044 ], [ -4.170643683999913, 57.570746161000045 ], [ -4.187489386999914, 57.558823960000041 ], [ -4.178089972999942, 57.549546617000033 ], [ -4.184925910999937, 57.548163153000075 ], [ -4.262603318999936, 57.552069403000075 ], [ -4.262603318999936, 57.544582424000055 ], [ -4.207997199999909, 57.538397528000075 ], [ -4.248931443999936, 57.497463283000059 ], [ -4.194813605999911, 57.491603908000059 ], [ -4.173898891999954, 57.497463283000059 ], [ -4.149322068999936, 57.51788971600007 ], [ -4.116200324999909, 57.52179596600007 ], [ -4.082997199999909, 57.544419664000031 ], [ -4.034982876999948, 57.556870835000041 ], [ -4.083851691999939, 57.586127020000049 ], [ -3.837473110999952, 57.592962958000044 ], [ -3.684803839999915, 57.654445705000057 ], [ -3.625152147999927, 57.661932684000078 ], [ -3.645619269999941, 57.641424872000073 ], [ -3.632476365999935, 57.635646877000056 ], [ -3.590972459999932, 57.641424872000073 ], [ -3.61156165299991, 57.668117580000057 ], [ -3.535755988999938, 57.661932684000078 ], [ -3.505441860999952, 57.678656317000048 ], [ -3.495961066999939, 57.691351630000042 ], [ -3.501698370999918, 57.702826239000046 ], [ -3.491851365999935, 57.713120835000041 ], [ -3.460682745999918, 57.709662177000041 ], [ -3.409169074999909, 57.723334052000041 ], [ -3.284738735999952, 57.720445054000038 ], [ -3.210072394999941, 57.69399648600006 ], [ -3.078684048999946, 57.669419664000031 ], [ -3.034901495999918, 57.66860586100006 ], [ -2.916086391999954, 57.702826239000046 ], [ -2.75804602799991, 57.702826239000046 ], [ -2.731068488999938, 57.688544012000079 ], [ -2.658924933999913, 57.697455145000049 ], [ -2.541981574999909, 57.682359117000033 ], [ -2.526112433999913, 57.66860586100006 ], [ -2.497954881999931, 57.682359117000033 ], [ -2.432850714999915, 57.668117580000057 ], [ -2.425526495999918, 57.675726630000042 ], [ -2.398060675999943, 57.668117580000057 ], [ -2.360503709999932, 57.682359117000033 ], [ -2.328968878999945, 57.674058335000041 ], [ -2.295643683999913, 57.695990302000041 ], [ -2.209950324999909, 57.675523179000038 ], [ -2.108143683999913, 57.704982815000051 ], [ -1.997670050999943, 57.702826239000046 ], [ -1.973500128999945, 57.675523179000038 ], [ -1.932484503999945, 57.682359117000033 ], [ -1.829457160999937, 57.613470770000049 ], [ -1.811390753999945, 57.560492255000042 ], [ -1.796009894999941, 57.544582424000055 ], [ -1.800038214999915, 57.525864976000037 ], [ -1.761138475999928, 57.497463283000059 ], [ -1.775380011999914, 57.496527411000045 ], [ -1.781239386999914, 57.480414130000042 ], [ -1.759348110999952, 57.473578192000048 ], [ -1.830148891999954, 57.426174221000053 ], [ -1.847482876999948, 57.408148505000042 ], [ -1.849964972999942, 57.394354559000078 ], [ -1.954497850999928, 57.341131903000075 ], [ -1.980295376999948, 57.319281317000048 ], [ -2.044667120999918, 57.226507880000042 ], [ -2.068511522999927, 57.174627997000073 ], [ -2.071400519999941, 57.135565497000073 ], [ -2.052357550999943, 57.127427476000037 ], [ -2.049305792999917, 57.118841864000046 ], [ -2.186919725999928, 56.98468659100007 ], [ -2.200103318999936, 56.948716539000031 ], [ -2.186390753999945, 56.914536851000037 ], [ -2.209706183999913, 56.895819403000075 ], [ -2.219878709999932, 56.872626044000071 ], [ -2.268950975999928, 56.84634023600006 ], [ -2.319813605999911, 56.801581122000073 ], [ -2.42642167899993, 56.751288153000075 ], [ -2.440744594999956, 56.734849351000037 ], [ -2.451649542999917, 56.690985419000071 ], [ -2.487456834999932, 56.653876044000071 ], [ -2.480620897999927, 56.626532294000071 ], [ -2.514556443999936, 56.591498114000046 ], [ -2.623768683999913, 56.543402411000045 ], [ -2.64093990799995, 56.522365627000056 ], [ -2.699777798999946, 56.503648179000038 ], [ -2.727650519999941, 56.469549872000073 ], [ -2.764800584999932, 56.475734768000052 ], [ -3.060617641999954, 56.451727606000077 ], [ -3.133900519999941, 56.426947333000044 ], [ -3.238189256999931, 56.367743231000077 ], [ -3.280181443999936, 56.357896226000037 ], [ -3.323475714999915, 56.365912177000041 ], [ -3.311512824999909, 56.356512762000079 ] ] ] } },
{ "type": "Feature", "properties": { }, "geometry": { "type": "Polygon", "coordinates": [ [ [ 22.84351647200009, 60.241766669000071 ], [ 22.890961134000065, 60.285549221000053 ], [ 22.920746290000068, 60.296698309000078 ], [ 22.95639082100007, 60.292954820000034 ], [ 22.949473504000082, 60.270453192000048 ], [ 22.88453209700009, 60.235296942000048 ], [ 22.86687259200005, 60.207464911000045 ], [ 22.833506707000083, 60.193060614000046 ], [ 22.840342644000089, 60.170111395000049 ], [ 22.819346550000091, 60.162665106000077 ], [ 22.840342644000089, 60.155829169000071 ], [ 22.833018425000091, 60.142157294000071 ], [ 22.846853061000047, 60.111029364000046 ], [ 22.813161655000044, 60.082098700000074 ], [ 22.730479363000086, 60.046576239000046 ], [ 22.730479363000086, 60.039740302000041 ], [ 22.757985873000052, 60.032294012000079 ], [ 22.72982832100007, 60.004950262000079 ], [ 22.705414259000065, 60.006903387000079 ], [ 22.682139519000089, 59.99750397300005 ], [ 22.654958530000044, 60.032294012000079 ], [ 22.608409050000091, 60.000148830000057 ], [ 22.606455925000091, 59.984523830000057 ], [ 22.600271030000044, 59.984523830000057 ], [ 22.59896894600007, 60.008042710000041 ], [ 22.579112175000091, 60.004950262000079 ], [ 22.574880405000044, 60.01703522300005 ], [ 22.59343509200005, 60.046576239000046 ], [ 22.529958530000044, 60.008246161000045 ], [ 22.469899936000047, 59.99750397300005 ], [ 22.477305535000085, 60.046576239000046 ], [ 22.473643425000091, 60.090969143000052 ], [ 22.422129754000082, 60.114813544000071 ], [ 22.480479363000086, 60.132310289000031 ], [ 22.600271030000044, 60.135321356000077 ], [ 22.600271030000044, 60.142157294000071 ], [ 22.415212436000047, 60.149603583000044 ], [ 22.448090040000068, 60.221380927000041 ], [ 22.477305535000085, 60.224676825000074 ], [ 22.451019727000073, 60.188544012000079 ], [ 22.46648196700005, 60.183742580000057 ], [ 22.566579623000052, 60.193304755000042 ], [ 22.620616082000083, 60.211086330000057 ], [ 22.814952019000089, 60.226996161000045 ], [ 22.84351647200009, 60.241766669000071 ] ] ] } },
{ "type": "Feature", "properties": { }, "geometry": { "type": "Polygon", "coordinates": [ [ [ -1.082753058999913, 50.713324286000045 ], [ -1.062326626999948, 50.685288804000038 ], [ -1.075306769999941, 50.678534247000073 ], [ -1.128651495999918, 50.666449286000045 ], [ -1.162220831999946, 50.645982164000088 ], [ -1.168446417999917, 50.603461005000042 ], [ -1.279204881999931, 50.582505601000037 ], [ -1.315541144999941, 50.589178778000075 ], [ -1.485951300999943, 50.669338283000059 ], [ -1.535145636999914, 50.66937897300005 ], [ -1.569488084999932, 50.658026434000078 ], [ -1.545318162999934, 50.686102606000077 ], [ -1.505930141999954, 50.707709052000041 ], [ -1.418690558999913, 50.733791408000059 ], [ -1.425363735999952, 50.720119533000059 ], [ -1.400868292999917, 50.721991278000075 ], [ -1.318511522999927, 50.772162177000041 ], [ -1.295765753999945, 50.773179429000038 ], [ -1.144276495999918, 50.733791408000059 ], [ -1.109120245999918, 50.732855536000045 ], [ -1.097035285999937, 50.726955471000053 ], [ -1.097035285999937, 50.713324286000045 ], [ -1.082753058999913, 50.713324286000045 ] ] ] } },
{ "type": "Feature", "properties": { }, "geometry": { "type": "Polygon", "coordinates": [ [ [ 4.036631707000083, 51.68585846600007 ], [ 4.09734134200005, 51.67023346600007 ], [ 4.09937584700009, 51.654120184000078 ], [ 4.089040561000047, 51.644029039000088 ], [ 4.054860873000052, 51.632635809000078 ], [ 3.96029707100007, 51.623846747000073 ], [ 3.901540561000047, 51.641994533000059 ], [ 3.885590040000068, 51.668361721000053 ], [ 3.809255405000044, 51.69953034100007 ], [ 3.795909050000091, 51.700140692000048 ], [ 3.76539147200009, 51.678412177000041 ], [ 3.720550977000073, 51.676825262000079 ], [ 3.700043165000068, 51.680609442000048 ], [ 3.686696811000047, 51.692694403000075 ], [ 3.689463738000086, 51.725043036000045 ], [ 3.725840691000087, 51.739732164000088 ], [ 3.81421959700009, 51.748236395000049 ], [ 3.961761915000068, 51.738104559000078 ], [ 4.036631707000083, 51.68585846600007 ] ] ] } },
{ "type": "Feature", "properties": { }, "geometry": { "type": "Polygon", "coordinates": [ [ [ 4.892588738000086, 53.104803778000075 ], [ 4.913096550000091, 53.104803778000075 ], [ 4.865244988000086, 53.050197658000059 ], [ 4.81812584700009, 53.026760158000059 ], [ 4.795664910000085, 53.00031159100007 ], [ 4.761973504000082, 52.994330145000049 ], [ 4.726817254000082, 53.003078518000052 ], [ 4.707692905000044, 53.028469143000052 ], [ 4.713877800000091, 53.054632880000042 ], [ 4.733653191000087, 53.084214585000041 ], [ 4.758474155000044, 53.108465887000079 ], [ 4.805674675000091, 53.133002020000049 ], [ 4.854340040000068, 53.187730210000041 ], [ 4.889821811000047, 53.180853583000044 ], [ 4.885752800000091, 53.166205145000049 ], [ 4.910166863000086, 53.134588934000078 ], [ 4.90992272200009, 53.118841864000046 ], [ 4.892588738000086, 53.104803778000075 ] ] ] } },
{ "type": "Feature", "properties": { }, "geometry": { "type": "Polygon", "coordinates": [ [ [ -4.620757615999935, 54.069647528000075 ], [ -4.656402147999927, 54.063788153000075 ], [ -4.704497850999928, 54.084865627000056 ], [ -4.766224738999938, 54.05923086100006 ], [ -4.790150519999941, 54.063788153000075 ], [ -4.790150519999941, 54.071234442000048 ], [ -4.769683397999927, 54.077460028000075 ], [ -4.770863410999937, 54.096828518000052 ], [ -4.737172003999945, 54.124904690000051 ], [ -4.728138800999943, 54.142564195000034 ], [ -4.727650519999941, 54.172593492000033 ], [ -4.710275844999956, 54.220648505000042 ], [ -4.663970506999931, 54.233547268000052 ], [ -4.598378058999913, 54.276597398000035 ], [ -4.530995245999918, 54.366115627000056 ], [ -4.442005988999938, 54.404364325000074 ], [ -4.367787238999938, 54.419012762000079 ], [ -4.351307745999918, 54.413804429000038 ], [ -4.377552863999938, 54.361883856000077 ], [ -4.375599738999938, 54.348334052000041 ], [ -4.358225063999953, 54.317613023000035 ], [ -4.324696417999917, 54.310207424000055 ], [ -4.311919725999928, 54.287176825000074 ], [ -4.348255988999938, 54.259507554000038 ], [ -4.365630662999934, 54.235052802000041 ], [ -4.399159308999913, 54.222072658000059 ], [ -4.390777147999927, 54.194728908000059 ], [ -4.475493943999936, 54.153143622000073 ], [ -4.474598761999914, 54.140814520000049 ], [ -4.529286261999914, 54.119086005000042 ], [ -4.549794074999909, 54.100653387000079 ], [ -4.590931769999941, 54.091050523000035 ], [ -4.612131313999953, 54.05695221600007 ], [ -4.620757615999935, 54.069647528000075 ] ] ] } },
{ "type": "Feature", "properties": { }, "geometry": { "type": "Polygon", "coordinates": [ [ [ 11.31421959700009, 54.413804429000038 ], [ 11.188487175000091, 54.426174221000053 ], [ 11.170176629000082, 54.420070705000057 ], [ 11.17904707100007, 54.414211330000057 ], [ 11.11264082100007, 54.415228583000044 ], [ 11.10132897200009, 54.423488674000055 ], [ 11.098643425000091, 54.451646226000037 ], [ 11.058116082000083, 54.455267645000049 ], [ 11.032481316000087, 54.447333075000074 ], [ 11.025726759000065, 54.458807684000078 ], [ 11.008474155000044, 54.454657294000071 ], [ 11.005707227000073, 54.468451239000046 ], [ 11.033702019000089, 54.508856512000079 ], [ 11.072927280000044, 54.531195380000042 ], [ 11.121267123000052, 54.535956122000073 ], [ 11.23210696700005, 54.501654364000046 ], [ 11.31421959700009, 54.413804429000038 ] ] ] } },
{ "type": "Feature", "properties": { }, "geometry": { "type": "Polygon", "coordinates": [ [ [ 8.354502800000091, 54.91274648600006 ], [ 8.38835696700005, 54.894232489000046 ], [ 8.436534050000091, 54.887274481000077 ], [ 8.654470248000052, 54.893622137000079 ], [ 8.629405144000089, 54.882147528000075 ], [ 8.504405144000089, 54.88617584800005 ], [ 8.446055535000085, 54.866278387000079 ], [ 8.377126498000052, 54.866278387000079 ], [ 8.343923373000052, 54.879095770000049 ], [ 8.307139519000089, 54.865383205000057 ], [ 8.294932488000086, 54.831529039000031 ], [ 8.295746290000068, 54.759100653000075 ], [ 8.284434441000087, 54.742377020000049 ], [ 8.27702884200005, 54.782782294000071 ], [ 8.288584832000083, 54.891302802000041 ], [ 8.298024936000047, 54.912543036000045 ], [ 8.373708530000044, 55.034979559000078 ], [ 8.41578209700009, 55.065334377000056 ], [ 8.463389519000089, 55.050685940000051 ], [ 8.394541863000086, 55.043850002000056 ], [ 8.422211134000065, 55.042181708000044 ], [ 8.430430535000085, 55.030015367000033 ], [ 8.42156009200005, 55.01626211100006 ], [ 8.380869988000086, 55.003078518000052 ], [ 8.361989780000044, 54.986802476000037 ], [ 8.351573113000086, 54.966742255000042 ], [ 8.360362175000091, 54.948187567000048 ], [ 8.354502800000091, 54.91274648600006 ] ] ] } },
{ "type": "Feature", "properties": { }, "geometry": { "type": "Polygon", "coordinates": [ [ [ 10.025889519000089, 54.959784247000073 ], [ 10.064463738000086, 54.881008205000057 ], [ 10.021983269000089, 54.879339911000045 ], [ 9.968028191000087, 54.859523830000057 ], [ 9.953623894000089, 54.862616278000075 ], [ 9.891123894000089, 54.879299221000053 ], [ 9.874278191000087, 54.88617584800005 ], [ 9.874278191000087, 54.893011786000045 ], [ 9.900889519000089, 54.90070221600007 ], [ 9.99154707100007, 54.87250397300005 ], [ 9.99154707100007, 54.879339911000045 ], [ 9.943695509000065, 54.903631903000075 ], [ 9.898285352000073, 54.912990627000056 ], [ 9.853770379000082, 54.899807033000059 ], [ 9.814707879000082, 54.901068427000041 ], [ 9.78093509200005, 54.916815497000073 ], [ 9.761241082000083, 54.943060614000046 ], [ 9.764414910000085, 54.975531317000048 ], [ 9.758148634000065, 54.981756903000075 ], [ 9.827403191000087, 54.945461330000057 ], [ 9.847504102000073, 54.948187567000048 ], [ 9.832774285000085, 54.96515534100007 ], [ 9.842133009000065, 54.970282294000071 ], [ 9.78679446700005, 55.000148830000057 ], [ 9.799082879000082, 55.016546942000048 ], [ 9.720550977000073, 55.012274481000077 ], [ 9.674164259000065, 55.021063544000071 ], [ 9.668793165000068, 55.030218817000048 ], [ 9.69662519600007, 55.050685940000051 ], [ 9.645518425000091, 55.044867255000042 ], [ 9.628428582000083, 55.050685940000051 ], [ 9.628428582000083, 55.05805084800005 ], [ 9.716644727000073, 55.082220770000049 ], [ 9.793467644000089, 55.080755927000041 ], [ 9.853037957000083, 55.040106512000079 ], [ 9.960948113000086, 55.015041408000059 ], [ 10.025889519000089, 54.959784247000073 ] ] ] } },
{ "type": "Feature", "properties": { }, "geometry": { "type": "Polygon", "coordinates": [ [ [ 10.861989780000044, 55.072088934000078 ], [ 10.895518425000091, 55.121527411000045 ], [ 10.934255405000044, 55.159654039000031 ], [ 10.95671634200005, 55.153713283000059 ], [ 10.908946160000085, 55.030218817000048 ], [ 10.837738477000073, 54.937241929000038 ], [ 10.741058790000068, 54.752386786000045 ], [ 10.731293165000068, 54.740057684000078 ], [ 10.693858269000089, 54.735296942000048 ], [ 10.681895379000082, 54.744818427000041 ], [ 10.656423373000052, 54.803656317000048 ], [ 10.601084832000083, 54.838324286000045 ], [ 10.640879754000082, 54.84320709800005 ], [ 10.684418165000068, 54.887844143000052 ], [ 10.69890384200005, 54.88117096600007 ], [ 10.724457227000073, 54.88617584800005 ], [ 10.717784050000091, 54.907294012000079 ], [ 10.700368686000047, 54.901556708000044 ], [ 10.68295332100007, 54.907294012000079 ], [ 10.69703209700009, 54.931341864000046 ], [ 10.79818769600007, 54.996568101000037 ], [ 10.854991082000083, 55.043850002000056 ], [ 10.861989780000044, 55.072088934000078 ] ] ] } },
{ "type": "Feature", "properties": { }, "geometry": { "type": "Polygon", "coordinates": [ [ [ 15.151377800000091, 55.133205471000053 ], [ 15.137705925000091, 55.119533596000053 ], [ 15.144704623000052, 55.087103583000044 ], [ 15.106618686000047, 55.044663804000038 ], [ 15.113242231000072, 55.018294874000048 ], [ 15.072666226000081, 54.991638006000073 ], [ 14.982869819000086, 55.001013408000063 ], [ 14.858606616000088, 55.038226353000084 ], [ 14.780832726000085, 55.051128327000072 ], [ 14.684172687000057, 55.101346808000073 ], [ 14.697044746000074, 55.12265371400008 ], [ 14.709239129000082, 55.235825914000031 ], [ 14.737071160000085, 55.266669012000079 ], [ 14.760915561000047, 55.309271552000041 ], [ 14.851422204000073, 55.248199851000038 ], [ 14.926799100000039, 55.215798735000078 ], [ 14.973399285000085, 55.216131903000075 ], [ 15.000498894000089, 55.188421942000048 ], [ 15.084542879000082, 55.154579496000053 ], [ 15.131602410000085, 55.145453192000048 ], [ 15.151377800000091, 55.133205471000053 ] ] ] } },
{ "type": "Feature", "properties": { }, "geometry": { "type": "Polygon", "coordinates": [ [ [ 10.573090040000068, 55.878851630000042 ], [ 10.580251498000052, 55.911525783000059 ], [ 10.566905144000089, 55.928290106000077 ], [ 10.51539147200009, 55.951239325000074 ], [ 10.518565300000091, 55.976141669000071 ], [ 10.543955925000091, 55.997992255000042 ], [ 10.556813998000052, 55.995794989000046 ], [ 10.56421959700009, 55.953843492000033 ], [ 10.580251498000052, 55.936509507000039 ], [ 10.62826582100007, 55.920843817000048 ], [ 10.615407748000052, 55.900336005000042 ], [ 10.621429884000065, 55.879868882000039 ], [ 10.638682488000086, 55.866115627000056 ], [ 10.666270379000082, 55.886704820000034 ], [ 10.66928144600007, 55.880031643000052 ], [ 10.62826582100007, 55.845770575000074 ], [ 10.62435957100007, 55.794338283000059 ], [ 10.61459394600007, 55.776841539000031 ], [ 10.582204623000052, 55.759751695000034 ], [ 10.547129754000082, 55.765204169000071 ], [ 10.520274285000085, 55.788560289000031 ], [ 10.511566602000073, 55.825262762000079 ], [ 10.51726321700005, 55.845526434000078 ], [ 10.573090040000068, 55.878851630000042 ] ] ] } },
{ "type": "Feature", "properties": { }, "geometry": { "type": "Polygon", "coordinates": [ [ [ 11.169932488000086, 57.332709052000041 ], [ 11.190114780000044, 57.325506903000075 ], [ 11.197276238000086, 57.313381252000056 ], [ 11.189113397000085, 57.294282642000042 ], [ 11.143231237000066, 57.301351214000078 ], [ 11.066579623000052, 57.29132721600007 ], [ 11.094164612000043, 57.268996019000042 ], [ 11.09110071300006, 57.252784057000042 ], [ 11.028835411000045, 57.201914301000045 ], [ 10.997904579000078, 57.197909953000078 ], [ 10.977961920000041, 57.206732946000045 ], [ 10.95181488500009, 57.233729677000042 ], [ 10.888799328000061, 57.245344161000048 ], [ 10.854991082000083, 57.264634507000039 ], [ 10.854991082000083, 57.270900783000059 ], [ 10.888424550000082, 57.274864843000046 ], [ 10.94660123500006, 57.304643287000033 ], [ 11.010083612000074, 57.309873311000047 ], [ 11.027723181000056, 57.320690509000087 ], [ 11.101927424000053, 57.320416925000075 ], [ 11.169932488000086, 57.332709052000041 ] ] ] } },
{ "type": "Feature", "properties": { }, "geometry": { "type": "Polygon", "coordinates": [ [ [ -3.248402472999942, 58.792181708000044 ], [ -3.160145636999914, 58.808010158000059 ], [ -3.131703253999945, 58.806463934000078 ], [ -3.156320766999954, 58.786769924000055 ], [ -3.205922003999945, 58.779038804000038 ], [ -3.299305792999917, 58.779120184000078 ], [ -3.327788865999935, 58.818304755000042 ], [ -3.358265753999945, 58.833156643000052 ], [ -3.378773566999939, 58.853583075000074 ], [ -3.373524542999917, 58.867987372000073 ], [ -3.378773566999939, 58.874090887000079 ], [ -3.430165167999917, 58.874823309000078 ], [ -3.433338995999918, 58.884955145000049 ], [ -3.41633053299995, 58.908270575000074 ], [ -3.349354620999918, 58.928534247000073 ], [ -3.246083136999914, 58.896185614000046 ], [ -3.193186001999948, 58.853583075000074 ], [ -3.207386847999942, 58.847398179000038 ], [ -3.207386847999942, 58.839992580000057 ], [ -3.172718878999945, 58.826320705000057 ], [ -3.172718878999945, 58.820054429000038 ], [ -3.236683722999942, 58.805731512000079 ], [ -3.248402472999942, 58.792181708000044 ] ] ] } },
{ "type": "Feature", "properties": { }, "geometry": { "type": "Polygon", "coordinates": [ [ [ -2.713612433999913, 58.966864325000074 ], [ -2.706532355999911, 58.932440497000073 ], [ -2.714751756999931, 58.925482489000046 ], [ -2.771962042999917, 58.915716864000046 ], [ -2.808013475999928, 58.888006903000075 ], [ -2.839344855999911, 58.882635809000078 ], [ -2.926828579999949, 58.904852606000077 ], [ -2.981190558999913, 58.960109768000052 ], [ -3.023833787999934, 58.940497137000079 ], [ -3.084543423999946, 58.943019924000055 ], [ -3.070301886999914, 58.928697007000039 ], [ -3.101226365999935, 58.930121161000045 ], [ -3.113189256999931, 58.926662502000056 ], [ -3.118031378999945, 58.915716864000046 ], [ -3.142648891999954, 58.921210028000075 ], [ -3.202788865999935, 58.915920315000051 ], [ -3.227894660999937, 58.928697007000039 ], [ -3.23851477799991, 58.950913804000038 ], [ -3.235340949999909, 58.972560940000051 ], [ -3.207386847999942, 59.005072333000044 ], [ -3.227894660999937, 59.038560289000031 ], [ -3.245838995999918, 59.030503648000035 ], [ -3.240956183999913, 59.011297919000071 ], [ -3.275786912999934, 59.011297919000071 ], [ -3.266590949999909, 59.007147528000075 ], [ -3.256988084999932, 58.978338934000078 ], [ -3.289418097999942, 58.950384833000044 ], [ -3.323231574999909, 58.957180080000057 ], [ -3.353260870999918, 58.982814846000053 ], [ -3.366688605999911, 59.016099351000037 ], [ -3.34398352799991, 59.052801825000074 ], [ -3.350209113999938, 59.09796784100007 ], [ -3.323801235999952, 59.127427476000037 ], [ -3.279286261999914, 59.143540757000039 ], [ -3.182728644999941, 59.147162177000041 ], [ -3.121571417999917, 59.123968817000048 ], [ -3.084543423999946, 59.127997137000079 ], [ -3.049183722999942, 59.108099677000041 ], [ -3.070301886999914, 59.101263739000046 ], [ -2.994496222999942, 59.073309637000079 ], [ -3.008168097999942, 59.066555080000057 ], [ -2.994496222999942, 59.059719143000052 ], [ -3.06281490799995, 59.04946523600006 ], [ -3.090931769999941, 59.018744208000044 ], [ -3.131703253999945, 59.005072333000044 ], [ -3.116688605999911, 58.998195705000057 ], [ -3.059722459999932, 58.991400458000044 ], [ -3.01195227799991, 59.017401434000078 ], [ -2.974436001999948, 58.999090887000079 ], [ -2.933094855999911, 59.011297919000071 ], [ -2.895375128999945, 58.991034247000073 ], [ -2.878407355999911, 58.998236395000049 ], [ -2.885365363999938, 58.977118231000077 ], [ -2.864735480999911, 58.974839585000041 ], [ -2.812977667999917, 58.991400458000044 ], [ -2.780629035999937, 58.990301825000074 ], [ -2.775380011999914, 58.983954169000071 ], [ -2.78189042899993, 58.973944403000075 ], [ -2.837554490999935, 58.950384833000044 ], [ -2.811919725999928, 58.92914459800005 ], [ -2.794789191999939, 58.92609284100007 ], [ -2.775380011999914, 58.928697007000039 ], [ -2.795969204999949, 58.956691799000055 ], [ -2.744048631999931, 58.969183661000045 ], [ -2.713612433999913, 58.966864325000074 ] ] ] } },
{ "type": "Feature", "properties": { }, "geometry": { "type": "Polygon", "coordinates": [ [ [ -2.817290818999936, 59.191229559000078 ], [ -2.785959438999953, 59.196844794000071 ], [ -2.791900193999936, 59.23696523600006 ], [ -2.777455206999946, 59.252915757000039 ], [ -2.761097785999937, 59.252101955000057 ], [ -2.768625454999949, 59.237860419000071 ], [ -2.743641730999911, 59.238104559000078 ], [ -2.727650519999941, 59.224188544000071 ], [ -2.761097785999937, 59.193101304000038 ], [ -2.758941209999932, 59.164211330000057 ], [ -2.734486456999946, 59.155218817000048 ], [ -2.734486456999946, 59.148423570000034 ], [ -2.789133266999954, 59.145331122000073 ], [ -2.801625128999945, 59.168158270000049 ], [ -2.830067511999914, 59.175767320000034 ], [ -2.830067511999914, 59.196844794000071 ], [ -2.817290818999936, 59.191229559000078 ] ] ] } },
{ "type": "Feature", "properties": { }, "geometry": { "type": "Polygon", "coordinates": [ [ [ -3.039947068999936, 59.311997789000031 ], [ -3.073353644999941, 59.32453034100007 ], [ -3.077056443999936, 59.334051825000074 ], [ -3.008168097999942, 59.334051825000074 ], [ -2.965199347999942, 59.360907294000071 ], [ -2.946359829999949, 59.349554755000042 ], [ -2.963937954999949, 59.340236721000053 ], [ -2.960357225999928, 59.326564846000053 ], [ -2.987782355999911, 59.326564846000053 ], [ -2.987782355999911, 59.31976959800005 ], [ -2.895497199999909, 59.302964585000041 ], [ -2.870961066999939, 59.271307684000078 ], [ -2.839019334999932, 59.26508209800005 ], [ -2.830067511999914, 59.252101955000057 ], [ -2.850087042999917, 59.252142645000049 ], [ -2.885365363999938, 59.230414130000042 ], [ -2.870961066999939, 59.258286851000037 ], [ -2.947417772999927, 59.291205145000049 ], [ -2.974680141999954, 59.293036200000074 ], [ -2.960357225999928, 59.271307684000078 ], [ -2.974680141999954, 59.27875397300005 ], [ -2.989654100999928, 59.267075914000031 ], [ -3.008168097999942, 59.271307684000078 ], [ -3.039947068999936, 59.311997789000031 ] ] ] } },
{ "type": "Feature", "properties": { }, "geometry": { "type": "Polygon", "coordinates": [ [ [ 22.22242272200009, 60.223863023000035 ], [ 22.271657748000052, 60.252997137000079 ], [ 22.291758660000085, 60.245184637000079 ], [ 22.296885613000086, 60.221258856000077 ], [ 22.26929772200009, 60.195868231000077 ], [ 22.232269727000073, 60.184963283000059 ], [ 22.209239129000082, 60.204250393000052 ], [ 22.22242272200009, 60.223863023000035 ] ] ] } },
{ "type": "Feature", "properties": { }, "geometry": { "type": "Polygon", "coordinates": [ [ [ 22.10678144600007, 60.313462632000039 ], [ 22.24976647200009, 60.311468817000048 ], [ 22.321299675000091, 60.297064520000049 ], [ 22.33961022200009, 60.286200262000079 ], [ 22.33179772200009, 60.269435940000051 ], [ 22.312836134000065, 60.265692450000074 ], [ 22.289805535000085, 60.273138739000046 ], [ 22.260996941000087, 60.258856512000079 ], [ 22.215505405000044, 60.253119208000044 ], [ 22.20085696700005, 60.254339911000045 ], [ 22.216644727000073, 60.265692450000074 ], [ 22.203949415000068, 60.276312567000048 ], [ 22.181162957000083, 60.281317450000074 ], [ 22.140879754000082, 60.278713283000059 ], [ 22.181895379000082, 60.278713283000059 ], [ 22.163340691000087, 60.25922272300005 ], [ 22.109629754000082, 60.271307684000078 ], [ 22.080088738000086, 60.269476630000042 ], [ 22.076670769000089, 60.28351471600007 ], [ 22.083832227000073, 60.301459052000041 ], [ 22.10678144600007, 60.313462632000039 ] ] ] } },
{ "type": "Feature", "properties": { }, "geometry": { "type": "Polygon", "coordinates": [ [ [ 22.369883660000085, 60.314520575000074 ], [ 22.312836134000065, 60.32094961100006 ], [ 22.350271030000044, 60.347845770000049 ], [ 22.39820397200009, 60.355047919000071 ], [ 22.401621941000087, 60.341376044000071 ], [ 22.469004754000082, 60.331529039000031 ], [ 22.477305535000085, 60.32094961100006 ], [ 22.394786004000082, 60.293158270000049 ], [ 22.367442254000082, 60.292954820000034 ], [ 22.387950066000087, 60.32094961100006 ], [ 22.369883660000085, 60.314520575000074 ] ] ] } },
{ "type": "Feature", "properties": { }, "geometry": { "type": "Polygon", "coordinates": [ [ [ 5.10320071700005, 60.190741278000075 ], [ 5.057139519000089, 60.19367096600007 ], [ 5.04664147200009, 60.224514065000051 ], [ 5.022959832000083, 60.245184637000079 ], [ 5.017425977000073, 60.220770575000074 ], [ 4.993011915000068, 60.225287177000041 ], [ 4.947927280000044, 60.258856512000079 ], [ 4.935801629000082, 60.285549221000053 ], [ 4.941416863000086, 60.291245835000041 ], [ 4.992442254000082, 60.297023830000057 ], [ 5.022959832000083, 60.286200262000079 ], [ 5.036631707000083, 60.313462632000039 ], [ 5.020192905000044, 60.307684637000079 ], [ 4.970957879000082, 60.332831122000073 ], [ 4.960785352000073, 60.368109442000048 ], [ 4.971934441000087, 60.383978583000044 ], [ 4.954600457000083, 60.405951239000046 ], [ 4.944590691000087, 60.430243231000077 ], [ 4.94890384200005, 60.439154364000046 ], [ 4.976817254000082, 60.441229559000078 ], [ 5.002207879000082, 60.399969794000071 ], [ 5.070648634000065, 60.347601630000042 ], [ 5.093760613000086, 60.320217190000051 ], [ 5.097666863000086, 60.298163153000075 ], [ 5.082855665000068, 60.285549221000053 ], [ 5.050303582000083, 60.286200262000079 ], [ 5.104258660000085, 60.241685289000031 ], [ 5.111664259000065, 60.200506903000075 ], [ 5.10320071700005, 60.190741278000075 ] ] ] } },
{ "type": "Feature", "properties": { }, "geometry": { "type": "Polygon", "coordinates": [ [ [ 21.324880405000044, 60.482082424000055 ], [ 21.250254754000082, 60.498439846000053 ], [ 21.260590040000068, 60.519720770000049 ], [ 21.229177280000044, 60.559881903000075 ], [ 21.250254754000082, 60.559881903000075 ], [ 21.278493686000047, 60.542303778000075 ], [ 21.304942254000082, 60.518947658000059 ], [ 21.324880405000044, 60.482082424000055 ] ] ] } },
{ "type": "Feature", "properties": { }, "geometry": { "type": "Polygon", "coordinates": [ [ [ 21.410980665000068, 60.542914130000042 ], [ 21.461924675000091, 60.53937409100007 ], [ 21.482269727000073, 60.525783596000053 ], [ 21.463145379000082, 60.525783596000053 ], [ 21.456309441000087, 60.506781317000048 ], [ 21.463145379000082, 60.492254950000074 ], [ 21.433604363000086, 60.489081122000073 ], [ 21.430674675000091, 60.481146552000041 ], [ 21.442637566000087, 60.471136786000045 ], [ 21.39226321700005, 60.489976304000038 ], [ 21.371267123000052, 60.508368231000077 ], [ 21.360118035000085, 60.533189195000034 ], [ 21.336110873000052, 60.519435940000051 ], [ 21.32593834700009, 60.543158270000049 ], [ 21.333832227000073, 60.557359117000033 ], [ 21.352549675000091, 60.561835028000075 ], [ 21.39421634200005, 60.559881903000075 ], [ 21.410980665000068, 60.542914130000042 ] ] ] } },
{ "type": "Feature", "properties": { }, "geometry": { "type": "Polygon", "coordinates": [ [ [ 21.28101647200009, 60.566351630000042 ], [ 21.264414910000085, 60.587836005000042 ], [ 21.233164910000085, 60.593898830000057 ], [ 21.213877800000091, 60.616359768000052 ], [ 21.243418816000087, 60.628729559000078 ], [ 21.259287957000083, 60.647528387000079 ], [ 21.291188998000052, 60.615139065000051 ], [ 21.278330925000091, 60.586127020000049 ], [ 21.281504754000082, 60.57562897300005 ], [ 21.298675977000073, 60.574164130000042 ], [ 21.298675977000073, 60.567328192000048 ], [ 21.28101647200009, 60.566351630000042 ] ] ] } },
{ "type": "Feature", "properties": { }, "geometry": { "type": "Polygon", "coordinates": [ [ [ -0.997954881999931, 60.685614325000074 ], [ -0.979725714999915, 60.656683661000045 ], [ -0.993478969999956, 60.635646877000056 ], [ -1.042591925999943, 60.66156647300005 ], [ -1.062326626999948, 60.662909247000073 ], [ -1.01390540299991, 60.615139065000051 ], [ -1.041005011999914, 60.607977606000077 ], [ -1.069162563999953, 60.615139065000051 ], [ -1.052072719999956, 60.597642320000034 ], [ -1.020741339999915, 60.59406159100007 ], [ -1.028187628999945, 60.587836005000042 ], [ -1.011057094999956, 60.577704169000071 ], [ -1.010731574999909, 60.565497137000079 ], [ -1.022531704999949, 60.555650132000039 ], [ -1.041859503999945, 60.55304596600007 ], [ -1.022450324999909, 60.527248440000051 ], [ -1.023793097999942, 60.502997137000079 ], [ -1.080067511999914, 60.505194403000075 ], [ -1.100697394999941, 60.515041408000059 ], [ -1.10773678299995, 60.505072333000044 ], [ -1.097035285999937, 60.492254950000074 ], [ -1.130523240999935, 60.496039130000042 ], [ -1.153879360999952, 60.508368231000077 ], [ -1.167795376999948, 60.530462958000044 ], [ -1.180043097999942, 60.624660549000055 ], [ -1.171376105999911, 60.645982164000031 ], [ -1.138050910999937, 60.649237372000073 ], [ -1.141021287999934, 60.63117096600007 ], [ -1.130116339999915, 60.619330145000049 ], [ -1.103423631999931, 60.615139065000051 ], [ -1.123768683999913, 60.659816799000055 ], [ -1.111480272999927, 60.681138414000031 ], [ -1.120432094999956, 60.696926174000055 ], [ -1.11392167899993, 60.714748440000051 ], [ -1.09211178299995, 60.735337632000039 ], [ -1.079904751999948, 60.735541083000044 ], [ -1.069162563999953, 60.718166408000059 ], [ -1.057606574999909, 60.729722398000035 ], [ -0.993478969999956, 60.731146552000041 ], [ -1.000884568999936, 60.703924872000073 ], [ -0.987172003999945, 60.697699286000045 ], [ -0.997954881999931, 60.685614325000074 ] ] ] } },
{ "type": "Feature", "properties": { }, "geometry": { "type": "Polygon", "coordinates": [ [ [ -0.934803839999915, 60.682114976000037 ], [ -0.966175910999937, 60.690171617000033 ], [ -0.959950324999909, 60.709418036000045 ], [ -0.966175910999937, 60.725002346000053 ], [ -0.948597785999937, 60.717962958000044 ], [ -0.943226691999939, 60.72601959800005 ], [ -0.952463344999956, 60.752346096000053 ], [ -0.935699022999927, 60.756008205000057 ], [ -0.926136847999942, 60.769598700000074 ], [ -0.926177537999934, 60.784654039000031 ], [ -0.938832160999937, 60.800116278000075 ], [ -0.904164191999939, 60.813950914000031 ], [ -0.88149980399993, 60.845038153000075 ], [ -0.860340949999909, 60.837551174000055 ], [ -0.856190558999913, 60.823960679000038 ], [ -0.888335740999935, 60.789740302000041 ], [ -0.853138800999943, 60.803534247000073 ], [ -0.822132941999939, 60.847886460000041 ], [ -0.782785610999952, 60.83820221600007 ], [ -0.76390540299991, 60.825425523000035 ], [ -0.760731574999909, 60.81313711100006 ], [ -0.787993943999936, 60.80695221600007 ], [ -0.760731574999909, 60.800116278000075 ], [ -0.808461066999939, 60.778631903000075 ], [ -0.801665818999936, 60.759100653000075 ], [ -0.821400519999941, 60.758530992000033 ], [ -0.801665818999936, 60.752346096000053 ], [ -0.801665818999936, 60.744818427000041 ], [ -0.850005662999934, 60.718166408000059 ], [ -0.821888800999943, 60.68500397300005 ], [ -0.846180792999917, 60.675970770000049 ], [ -0.870472785999937, 60.684027411000045 ], [ -0.934803839999915, 60.682114976000037 ] ] ] } },
{ "type": "Feature", "properties": { }, "geometry": { "type": "Polygon", "coordinates": [ [ [ 21.415212436000047, 63.233465887000079 ], [ 21.428396030000044, 63.198431708000044 ], [ 21.377452019000089, 63.190130927000041 ], [ 21.363942905000044, 63.19367096600007 ], [ 21.38054446700005, 63.205877997000073 ], [ 21.362803582000083, 63.206244208000044 ], [ 21.291188998000052, 63.177923895000049 ], [ 21.291188998000052, 63.171128648000035 ], [ 21.318532748000052, 63.164943752000056 ], [ 21.301524285000085, 63.156154690000051 ], [ 21.243418816000087, 63.15070221600007 ], [ 21.18881269600007, 63.191595770000049 ], [ 21.147227410000085, 63.182196356000077 ], [ 21.133555535000085, 63.198431708000044 ], [ 21.154551629000082, 63.198431708000044 ], [ 21.154551629000082, 63.205877997000073 ], [ 21.102793816000087, 63.235988674000055 ], [ 21.078949415000068, 63.287787177000041 ], [ 21.120290561000047, 63.271958726000037 ], [ 21.243418816000087, 63.280991929000038 ], [ 21.243418816000087, 63.274807033000059 ], [ 21.215179884000065, 63.263861395000049 ], [ 21.19507897200009, 63.239406643000052 ], [ 21.19507897200009, 63.225775458000044 ], [ 21.209483269000089, 63.221380927000041 ], [ 21.264414910000085, 63.219549872000073 ], [ 21.28679446700005, 63.211371161000045 ], [ 21.297862175000091, 63.223049221000053 ], [ 21.291188998000052, 63.239406643000052 ], [ 21.355967644000089, 63.260728257000039 ], [ 21.396332227000073, 63.260687567000048 ], [ 21.422129754000082, 63.246812242000033 ], [ 21.415212436000047, 63.233465887000079 ] ] ] } },
{ "type": "Feature", "properties": { }, "geometry": { "type": "Polygon", "coordinates": [ [ [ 7.914724155000044, 63.342474677000041 ], [ 7.997325066000087, 63.342474677000041 ], [ 7.963877800000091, 63.353176174000055 ], [ 7.80632571700005, 63.371283270000049 ], [ 7.78679446700005, 63.382757880000042 ], [ 7.791188998000052, 63.403876044000071 ], [ 7.778168165000068, 63.411322333000044 ], [ 7.837738477000073, 63.428778387000079 ], [ 7.923838738000086, 63.437323309000078 ], [ 8.004079623000052, 63.472805080000057 ], [ 8.070567254000082, 63.47329336100006 ], [ 8.100759311000047, 63.464056708000044 ], [ 8.12435957100007, 63.425970770000049 ], [ 8.172048373000052, 63.406073309000078 ], [ 8.181651238000086, 63.390204169000071 ], [ 8.13843834700009, 63.350897528000075 ], [ 8.099782748000052, 63.342474677000041 ], [ 8.086680535000085, 63.328802802000041 ], [ 8.038259311000047, 63.328802802000041 ], [ 7.976817254000082, 63.315130927000041 ], [ 7.973806186000047, 63.325913804000038 ], [ 7.914724155000044, 63.342474677000041 ] ] ] } },
{ "type": "Feature", "properties": { }, "geometry": { "type": "Polygon", "coordinates": [ [ [ 8.335215691000087, 63.668158270000049 ], [ 8.293142123000052, 63.67328522300005 ], [ 8.271739129000082, 63.685044664000031 ], [ 8.331553582000083, 63.70180898600006 ], [ 8.518077019000089, 63.719794012000079 ], [ 8.743418816000087, 63.774400132000039 ], [ 8.708506707000083, 63.779242255000042 ], [ 8.675059441000087, 63.767564195000034 ], [ 8.682302280000044, 63.780096747000073 ], [ 8.737152540000068, 63.809149481000077 ], [ 8.752452019000089, 63.801947333000044 ], [ 8.805430535000085, 63.815375067000048 ], [ 8.791758660000085, 63.794907945000034 ], [ 8.810720248000052, 63.781642971000053 ], [ 8.82553144600007, 63.734076239000046 ], [ 8.82585696700005, 63.719794012000079 ], [ 8.792002800000091, 63.698065497000073 ], [ 8.743418816000087, 63.687933661000045 ], [ 8.545258009000065, 63.677639065000051 ], [ 8.475840691000087, 63.664292710000041 ], [ 8.455902540000068, 63.671372789000031 ], [ 8.525563998000052, 63.691839911000045 ], [ 8.455902540000068, 63.677639065000051 ], [ 8.441661004000082, 63.685044664000031 ], [ 8.335215691000087, 63.668158270000049 ] ] ] } },
{ "type": "Feature", "properties": { }, "geometry": { "type": "Polygon", "coordinates": [ [ [ 11.091075066000087, 64.901597398000035 ], [ 11.005707227000073, 64.898504950000074 ], [ 10.906911655000044, 64.857407945000034 ], [ 10.826914910000085, 64.850083726000037 ], [ 10.826914910000085, 64.857570705000057 ], [ 11.10132897200009, 64.953111070000034 ], [ 11.167165561000047, 64.937323309000078 ], [ 11.206879102000073, 64.909125067000048 ], [ 11.266368035000085, 64.893703518000052 ], [ 11.176280144000089, 64.848618882000039 ], [ 11.080902540000068, 64.835842190000051 ], [ 11.087738477000073, 64.850083726000037 ], [ 11.046071811000047, 64.850083726000037 ], [ 11.046071811000047, 64.857570705000057 ], [ 11.080251498000052, 64.875067450000074 ], [ 11.092051629000082, 64.889634507000039 ], [ 11.091075066000087, 64.901597398000035 ] ] ] } },
{ "type": "Feature", "properties": { }, "geometry": { "type": "Polygon", "coordinates": [ [ [ 10.816905144000089, 64.868557033000059 ], [ 10.738129102000073, 64.850083726000037 ], [ 10.745127800000091, 64.863714911000045 ], [ 10.710948113000086, 64.863714911000045 ], [ 10.730479363000086, 64.872219143000052 ], [ 10.765635613000086, 64.918361721000053 ], [ 10.783864780000044, 64.924017645000049 ], [ 10.871755405000044, 64.927679755000042 ], [ 11.032481316000087, 64.97296784100007 ], [ 11.033457879000082, 64.988226630000042 ], [ 11.059336785000085, 64.990423895000049 ], [ 11.11500084700009, 64.97296784100007 ], [ 10.965017123000052, 64.918687242000033 ], [ 10.898936394000089, 64.908270575000074 ], [ 10.816905144000089, 64.868557033000059 ] ] ] } },
{ "type": "Feature", "properties": { }, "geometry": { "type": "Polygon", "coordinates": [ [ [ 25.033586393000064, 65.057511958000077 ], [ 25.06181765000008, 65.043479603000037 ], [ 25.02800871900007, 65.034618824000063 ], [ 24.81965686500007, 65.043280278000054 ], [ 24.801552192000088, 65.024266165000085 ], [ 24.722366527000077, 65.003466929000069 ], [ 24.750774947000082, 64.975965600000052 ], [ 24.812388274000057, 64.979193629000065 ], [ 24.827321811000047, 64.97296784100007 ], [ 24.734711134000065, 64.950913804000038 ], [ 24.700694207000083, 64.958156643000052 ], [ 24.71062259200005, 64.97296784100007 ], [ 24.683929884000065, 64.996568101000037 ], [ 24.658376498000052, 64.971991278000075 ], [ 24.631602410000085, 64.967840887000079 ], [ 24.579008785000042, 65.009536035000053 ], [ 24.562754754000082, 65.037176825000074 ], [ 24.654190125000071, 65.080220526000062 ], [ 24.834505536000052, 65.094800307000071 ], [ 24.883095541000046, 65.086904059000062 ], [ 24.896982584000057, 65.072415474000081 ], [ 24.873012834000065, 65.065834429000063 ], [ 24.882842351000079, 65.059139178000066 ], [ 25.033586393000064, 65.057511958000077 ] ] ] } },
{ "type": "Feature", "properties": { }, "geometry": { "type": "Polygon", "coordinates": [ [ [ 12.704110171011978, 66.0 ], [ 12.855321925846553, 66.0 ], [ 12.73406009200005, 65.975572007000039 ], [ 12.674815300000091, 65.952215887000079 ], [ 12.623383009000065, 65.942124742000033 ], [ 12.465830925000091, 65.873277085000041 ], [ 12.430918816000087, 65.871079820000034 ], [ 12.470713738000086, 65.887518622000073 ], [ 12.478688998000052, 65.898382880000042 ], [ 12.36882571700005, 65.891587632000039 ], [ 12.430918816000087, 65.932562567000048 ], [ 12.47242272200009, 65.980943101000037 ], [ 12.491221550000091, 65.990627346000053 ], [ 12.524461919782647, 66.0 ], [ 12.629668885537948, 66.0 ], [ 12.608571811000047, 65.97992584800005 ], [ 12.615244988000086, 65.974188544000071 ], [ 12.658213738000086, 65.981268622000073 ], [ 12.704110171011978, 66.0 ] ] ] } },
{ "type": "Feature", "properties": { }, "geometry": { "type": "Polygon", "coordinates": [ [ [ 23.347504102000073, 58.607163804000038 ], [ 23.400238477000073, 58.555405992000033 ], [ 23.362152540000068, 58.532456773000035 ], [ 23.278575066000087, 58.546372789000031 ], [ 23.223806186000047, 58.53546784100007 ], [ 23.134613477000073, 58.579901434000078 ], [ 23.083262566000087, 58.590521552000041 ], [ 23.059336785000085, 58.603461005000042 ], [ 23.062836134000065, 58.624579169000071 ], [ 23.075450066000087, 58.629828192000048 ], [ 23.120941602000073, 58.628322658000059 ], [ 23.134613477000073, 58.661810614000046 ], [ 23.154633009000065, 58.675930080000057 ], [ 23.197764519000089, 58.680609442000048 ], [ 23.330251498000052, 58.653062242000033 ], [ 23.349131707000083, 58.63507721600007 ], [ 23.347504102000073, 58.607163804000038 ] ] ] } },
{ "type": "Feature", "properties": { }, "geometry": { "type": "Polygon", "coordinates": [ [ [ 22.887380405000044, 60.067775783000059 ], [ 22.926605665000068, 60.065375067000048 ], [ 22.916840040000068, 60.049221096000053 ], [ 22.893402540000068, 60.033148505000042 ], [ 22.880056186000047, 60.011053778000075 ], [ 22.872243686000047, 60.006048895000049 ], [ 22.859548373000052, 60.011419989000046 ], [ 22.851084832000083, 60.027899481000077 ], [ 22.855723504000082, 60.04132721600007 ], [ 22.883799675000091, 60.048081773000035 ], [ 22.85515384200005, 60.055568752000056 ], [ 22.887380405000044, 60.067775783000059 ] ] ] } },
{ "type": "Feature", "properties": { }, "geometry": { "type": "Polygon", "coordinates": [ [ [ 22.375010613000086, 60.204046942000048 ], [ 22.385590040000068, 60.195257880000042 ], [ 22.367930535000085, 60.177394924000055 ], [ 22.31999759200005, 60.164048570000034 ], [ 22.336924675000091, 60.148504950000074 ], [ 22.288340691000087, 60.14984772300005 ], [ 22.304535352000073, 60.188788153000075 ], [ 22.375010613000086, 60.204046942000048 ] ] ] } },
{ "type": "Feature", "properties": { }, "geometry": { "type": "Polygon", "coordinates": [ [ [ 22.289561394000089, 60.357977606000077 ], [ 22.19109134200005, 60.341742255000042 ], [ 22.170176629000082, 60.344183661000045 ], [ 22.157074415000068, 60.358303127000056 ], [ 22.28492272200009, 60.374986070000034 ], [ 22.299652540000068, 60.367580471000053 ], [ 22.289561394000089, 60.357977606000077 ] ] ] } },
{ "type": "Feature", "properties": { }, "geometry": { "type": "Polygon", "coordinates": [ [ [ 22.207530144000089, 60.375555731000077 ], [ 22.112478061000047, 60.352932033000059 ], [ 22.104258660000085, 60.35415273600006 ], [ 22.137868686000047, 60.379095770000049 ], [ 22.206228061000047, 60.382554429000038 ], [ 22.207530144000089, 60.375555731000077 ] ] ] } },
{ "type": "Feature", "properties": { }, "geometry": { "type": "Polygon", "coordinates": [ [ [ 4.878916863000086, 53.220892645000049 ], [ 4.986501498000052, 53.289984442000048 ], [ 5.05445397200009, 53.313788153000075 ], [ 5.10482832100007, 53.309637762000079 ], [ 5.10482832100007, 53.302801825000074 ], [ 5.03646894600007, 53.291815497000073 ], [ 4.910166863000086, 53.212469794000071 ], [ 4.878916863000086, 53.220892645000049 ] ] ] } },
{ "type": "Feature", "properties": { }, "geometry": { "type": "Polygon", "coordinates": [ [ [ 5.437022332000083, 53.436468817000048 ], [ 5.58529707100007, 53.453599351000037 ], [ 5.562022332000083, 53.434312242000033 ], [ 5.475433790000068, 53.426947333000044 ], [ 5.481700066000087, 53.412665106000077 ], [ 5.468597852000073, 53.40851471600007 ], [ 5.427012566000087, 53.406439520000049 ], [ 5.20834394600007, 53.352687893000052 ], [ 5.179860873000052, 53.353094794000071 ], [ 5.16765384200005, 53.368231512000079 ], [ 5.178884311000047, 53.385443427000041 ], [ 5.250173373000052, 53.406439520000049 ], [ 5.407237175000091, 53.422552802000041 ], [ 5.437022332000083, 53.436468817000048 ] ] ] } },
{ "type": "Feature", "properties": { }, "geometry": { "type": "Polygon", "coordinates": [ [ [ 5.91382897200009, 53.473863023000035 ], [ 5.954600457000083, 53.461086330000057 ], [ 5.855642123000052, 53.447414455000057 ], [ 5.752777540000068, 53.447414455000057 ], [ 5.678965691000087, 53.430121161000045 ], [ 5.653575066000087, 53.433742580000057 ], [ 5.63607832100007, 53.44867584800005 ], [ 5.64193769600007, 53.463364976000037 ], [ 5.658864780000044, 53.471869208000044 ], [ 5.91382897200009, 53.473863023000035 ] ] ] } },
{ "type": "Feature", "properties": { }, "geometry": { "type": "Polygon", "coordinates": [ [ [ 6.310801629000082, 53.514146226000037 ], [ 6.338715040000068, 53.508856512000079 ], [ 6.338715040000068, 53.502020575000074 ], [ 6.153168165000068, 53.468817450000074 ], [ 6.133311394000089, 53.453599351000037 ], [ 6.127452019000089, 53.459906317000048 ], [ 6.133311394000089, 53.467922268000052 ], [ 6.12281334700009, 53.481634833000044 ], [ 6.147959832000083, 53.494859117000033 ], [ 6.211761915000068, 53.508856512000079 ], [ 6.310801629000082, 53.514146226000037 ] ] ] } },
{ "type": "Feature", "properties": { }, "geometry": { "type": "Polygon", "coordinates": [ [ [ 6.798106316000087, 53.604437567000048 ], [ 6.72242272200009, 53.590765692000048 ], [ 6.756521030000044, 53.562892971000053 ], [ 6.726084832000083, 53.577134507000039 ], [ 6.69507897200009, 53.570298570000034 ], [ 6.67709394600007, 53.57562897300005 ], [ 6.65951582100007, 53.599107164000031 ], [ 6.784678582000083, 53.620062567000048 ], [ 6.798106316000087, 53.604437567000048 ] ] ] } },
{ "type": "Feature", "properties": { }, "geometry": { "type": "Polygon", "coordinates": [ [ [ 8.553233269000089, 54.754461981000077 ], [ 8.57593834700009, 54.74640534100007 ], [ 8.593760613000086, 54.728501695000034 ], [ 8.56576582100007, 54.687567450000074 ], [ 8.511241082000083, 54.693793036000045 ], [ 8.485199415000068, 54.688055731000077 ], [ 8.394541863000086, 54.714829820000034 ], [ 8.436778191000087, 54.748480536000045 ], [ 8.553233269000089, 54.754461981000077 ] ] ] } },
{ "type": "Feature", "properties": { }, "geometry": { "type": "Polygon", "coordinates": [ [ [ 10.450205925000091, 54.899807033000059 ], [ 10.499196811000047, 54.874579169000071 ], [ 10.498708530000044, 54.858872789000031 ], [ 10.518565300000091, 54.851996161000045 ], [ 10.440114780000044, 54.841498114000046 ], [ 10.406260613000086, 54.824693101000037 ], [ 10.383474155000044, 54.830755927000041 ], [ 10.211436394000089, 54.939357815000051 ], [ 10.18921959700009, 54.977484442000048 ], [ 10.28874759200005, 54.940741278000075 ], [ 10.349619988000086, 54.896714585000041 ], [ 10.391368035000085, 54.895453192000048 ], [ 10.39584394600007, 54.903469143000052 ], [ 10.388845248000052, 54.920314846000053 ], [ 10.426036004000082, 54.87250397300005 ], [ 10.460948113000086, 54.874497789000031 ], [ 10.463633660000085, 54.882473049000055 ], [ 10.450205925000091, 54.899807033000059 ] ] ] } },
{ "type": "Feature", "properties": { }, "geometry": { "type": "Polygon", "coordinates": [ [ [ 12.504730665000068, 55.019761460000041 ], [ 12.537608269000089, 55.002386786000045 ], [ 12.553721550000091, 54.968085028000075 ], [ 12.54265384200005, 54.951157945000034 ], [ 12.348399285000085, 54.960028387000079 ], [ 12.280039910000085, 54.934556382000039 ], [ 12.226817254000082, 54.892645575000074 ], [ 12.207774285000085, 54.88617584800005 ], [ 12.11500084700009, 54.907294012000079 ], [ 12.11500084700009, 54.91351959800005 ], [ 12.129161004000082, 54.91351959800005 ], [ 12.128916863000086, 54.931626695000034 ], [ 12.149099155000044, 54.940822658000059 ], [ 12.129161004000082, 54.954413153000075 ], [ 12.164398634000065, 54.972642320000034 ], [ 12.177012566000087, 54.968085028000075 ], [ 12.184336785000085, 54.975531317000048 ], [ 12.177012566000087, 54.989203192000048 ], [ 12.23218834700009, 54.975531317000048 ], [ 12.28687584700009, 54.989203192000048 ], [ 12.281260613000086, 55.007147528000075 ], [ 12.294200066000087, 55.023382880000042 ], [ 12.252696160000085, 55.043850002000056 ], [ 12.247569207000083, 55.053859768000052 ], [ 12.261973504000082, 55.064276434000078 ], [ 12.280039910000085, 55.064276434000078 ], [ 12.301768425000091, 55.042059637000079 ], [ 12.33529707100007, 55.033270575000074 ], [ 12.504730665000068, 55.019761460000041 ] ] ] } },
{ "type": "Feature", "properties": { }, "geometry": { "type": "Polygon", "coordinates": [ [ [ 12.673838738000086, 55.605536200000074 ], [ 12.639414910000085, 55.578273830000057 ], [ 12.55632571700005, 55.550482489000046 ], [ 12.53484134200005, 55.569322007000039 ], [ 12.520518425000091, 55.596747137000079 ], [ 12.520192905000044, 55.619208075000074 ], [ 12.567393425000091, 55.653998114000046 ], [ 12.608409050000091, 55.701117255000042 ], [ 12.673838738000086, 55.605536200000074 ] ] ] } },
{ "type": "Feature", "properties": { }, "geometry": { "type": "Polygon", "coordinates": [ [ [ 19.305674675000091, 57.976385809000078 ], [ 19.338552280000044, 57.963568427000041 ], [ 19.310557488000086, 57.956732489000046 ], [ 19.296071811000047, 57.94367096600007 ], [ 19.247894727000073, 57.952460028000075 ], [ 19.161957227000073, 57.925970770000049 ], [ 19.139903191000087, 57.908270575000074 ], [ 19.160655144000089, 57.896063544000071 ], [ 19.160329623000052, 57.88031647300005 ], [ 19.129649285000085, 57.846869208000044 ], [ 19.084483269000089, 57.859361070000034 ], [ 19.03679446700005, 57.905218817000048 ], [ 19.039561394000089, 57.916978257000039 ], [ 19.098317905000044, 57.976548570000034 ], [ 19.22242272200009, 57.990220445000034 ], [ 19.226735873000052, 57.973700262000079 ], [ 19.240082227000073, 57.970607815000051 ], [ 19.305674675000091, 57.976385809000078 ] ] ] } },
{ "type": "Feature", "properties": { }, "geometry": { "type": "Polygon", "coordinates": [ [ [ -2.906971808999913, 58.838080145000049 ], [ -2.883656378999945, 58.832180080000057 ], [ -2.885365363999938, 58.820054429000038 ], [ -2.919422980999911, 58.806463934000078 ], [ -2.913970506999931, 58.784857489000046 ], [ -2.926340298999946, 58.779120184000078 ], [ -2.911040818999936, 58.74868398600006 ], [ -2.917836066999939, 58.738348700000074 ], [ -2.939930792999917, 58.730698960000041 ], [ -2.987782355999911, 58.757391669000071 ], [ -2.987782355999911, 58.764837958000044 ], [ -2.974354620999918, 58.772040106000077 ], [ -3.015695766999954, 58.812648830000057 ], [ -2.978871222999942, 58.808172919000071 ], [ -2.967193162999934, 58.812648830000057 ], [ -2.967193162999934, 58.820054429000038 ], [ -3.035552537999934, 58.820054429000038 ], [ -3.035552537999934, 58.826320705000057 ], [ -2.996978318999936, 58.835272528000075 ], [ -2.906971808999913, 58.838080145000049 ] ] ] } },
{ "type": "Feature", "properties": { }, "geometry": { "type": "Polygon", "coordinates": [ [ [ -2.446400519999941, 59.293036200000074 ], [ -2.404896613999938, 59.316351630000042 ], [ -2.392486131999931, 59.28546784100007 ], [ -2.458973761999914, 59.279120184000078 ], [ -2.514759894999941, 59.230414130000042 ], [ -2.51626542899993, 59.252142645000049 ], [ -2.533111131999931, 59.251166083000044 ], [ -2.57681230399993, 59.224188544000071 ], [ -2.569406704999949, 59.244614976000037 ], [ -2.588612433999913, 59.238674221000053 ], [ -2.60415605399993, 59.244614976000037 ], [ -2.661854620999918, 59.207098700000074 ], [ -2.679269985999952, 59.209906317000048 ], [ -2.68187415299991, 59.196356512000079 ], [ -2.692616339999915, 59.192287502000056 ], [ -2.687977667999917, 59.217962958000044 ], [ -2.658802863999938, 59.230414130000042 ], [ -2.624623175999943, 59.258286851000037 ], [ -2.595570441999939, 59.264837958000044 ], [ -2.591135219999956, 59.27875397300005 ], [ -2.61156165299991, 59.293036200000074 ], [ -2.52212480399993, 59.306708075000074 ], [ -2.52212480399993, 59.299261786000045 ], [ -2.57681230399993, 59.271307684000078 ], [ -2.563221808999913, 59.26508209800005 ], [ -2.518788214999915, 59.274318752000056 ], [ -2.49242102799991, 59.28937409100007 ], [ -2.446400519999941, 59.293036200000074 ] ] ] } },
{ "type": "Feature", "properties": { }, "geometry": { "type": "Polygon", "coordinates": [ [ [ 21.529795769000089, 60.159409898000035 ], [ 21.571055535000085, 60.170355536000045 ], [ 21.614512566000087, 60.168890692000048 ], [ 21.654307488000086, 60.155829169000071 ], [ 21.647471550000091, 60.145086981000077 ], [ 21.613291863000086, 60.129095770000049 ], [ 21.636973504000082, 60.12368398600006 ], [ 21.613129102000073, 60.102118231000077 ], [ 21.57203209700009, 60.107367255000042 ], [ 21.514414910000085, 60.097357489000046 ], [ 21.482269727000073, 60.114813544000071 ], [ 21.558116082000083, 60.121649481000077 ], [ 21.549001498000052, 60.13344961100006 ], [ 21.533050977000073, 60.13703034100007 ], [ 21.496592644000089, 60.135321356000077 ], [ 21.529795769000089, 60.159409898000035 ] ] ] } },
{ "type": "Feature", "properties": { }, "geometry": { "type": "Polygon", "coordinates": [ [ [ 21.799571160000085, 60.196600653000075 ], [ 21.853526238000086, 60.196763414000031 ], [ 21.887705925000091, 60.183742580000057 ], [ 21.887705925000091, 60.176336981000077 ], [ 21.846039259000065, 60.170111395000049 ], [ 21.867849155000044, 60.155829169000071 ], [ 21.791514519000089, 60.155829169000071 ], [ 21.826182488000086, 60.149603583000044 ], [ 21.79656009200005, 60.141384182000081 ], [ 21.805674675000091, 60.135321356000077 ], [ 21.783213738000086, 60.123236395000049 ], [ 21.720225457000083, 60.113714911000045 ], [ 21.695811394000089, 60.121649481000077 ], [ 21.706879102000073, 60.129584052000041 ], [ 21.702647332000083, 60.142157294000071 ], [ 21.722504102000073, 60.149603583000044 ], [ 21.722504102000073, 60.155829169000071 ], [ 21.705088738000086, 60.160711981000077 ], [ 21.723480665000068, 60.183579820000034 ], [ 21.799571160000085, 60.196600653000075 ] ] ] } },
{ "type": "Feature", "properties": { }, "geometry": { "type": "Polygon", "coordinates": [ [ [ 19.643077019000089, 60.213446356000077 ], [ 19.670909050000091, 60.190578518000052 ], [ 19.671071811000047, 60.158107815000051 ], [ 19.646983269000089, 60.155829169000071 ], [ 19.591644727000073, 60.196763414000031 ], [ 19.60328209700009, 60.164007880000042 ], [ 19.599619988000086, 60.149115302000041 ], [ 19.565196160000085, 60.129950262000079 ], [ 19.52702884200005, 60.148627020000049 ], [ 19.516612175000091, 60.170111395000049 ], [ 19.513194207000083, 60.183783270000049 ], [ 19.537282748000052, 60.201117255000042 ], [ 19.537119988000086, 60.232163804000038 ], [ 19.578868035000085, 60.260484117000033 ], [ 19.628103061000047, 60.246649481000077 ], [ 19.643077019000089, 60.213446356000077 ] ] ] } },
{ "type": "Feature", "properties": { }, "geometry": { "type": "Polygon", "coordinates": [ [ [ 21.979665561000047, 60.328599351000037 ], [ 21.921722852000073, 60.333929755000042 ], [ 21.901377800000091, 60.327093817000048 ], [ 21.901377800000091, 60.341376044000071 ], [ 21.794118686000047, 60.373968817000048 ], [ 21.785329623000052, 60.385443427000041 ], [ 21.792246941000087, 60.396958726000037 ], [ 21.846039259000065, 60.409654039000031 ], [ 21.846039259000065, 60.416489976000037 ], [ 21.798350457000083, 60.443793036000045 ], [ 21.808116082000083, 60.466701565000051 ], [ 21.832367384000065, 60.471136786000045 ], [ 21.89234459700009, 60.449204820000034 ], [ 21.904633009000065, 60.431626695000034 ], [ 21.931976759000065, 60.423325914000031 ], [ 21.950368686000047, 60.395982164000031 ], [ 21.906993035000085, 60.401760158000059 ], [ 21.894541863000086, 60.395982164000031 ], [ 21.950368686000047, 60.375555731000077 ], [ 21.942230665000068, 60.368109442000048 ], [ 21.988617384000065, 60.365912177000041 ], [ 21.997569207000083, 60.355047919000071 ], [ 21.963389519000089, 60.347601630000042 ], [ 21.997569207000083, 60.341376044000071 ], [ 21.997569207000083, 60.333929755000042 ], [ 21.979665561000047, 60.328599351000037 ] ] ] } },
{ "type": "Feature", "properties": { }, "geometry": { "type": "Polygon", "coordinates": [ [ [ 4.987315300000091, 61.119696356000077 ], [ 4.985362175000091, 61.104885158000059 ], [ 4.967946811000047, 61.092271226000037 ], [ 4.893809441000087, 61.05609772300005 ], [ 4.875498894000089, 61.089789130000042 ], [ 4.858409050000091, 61.101141669000071 ], [ 4.820567254000082, 61.077541408000059 ], [ 4.803233269000089, 61.046535549000055 ], [ 4.790212436000047, 61.146144924000055 ], [ 4.79460696700005, 61.15375397300005 ], [ 4.830577019000089, 61.163234768000052 ], [ 4.863291863000086, 61.12173086100006 ], [ 4.872080925000091, 61.136460679000038 ], [ 4.869965040000068, 61.150132554000038 ], [ 4.844737175000091, 61.197333075000074 ], [ 4.862478061000047, 61.20343659100007 ], [ 4.87281334700009, 61.194647528000075 ], [ 4.895274285000085, 61.13735586100006 ], [ 4.906097852000073, 61.146429755000042 ], [ 4.90007571700005, 61.169989325000074 ], [ 4.934255405000044, 61.177435614000046 ], [ 4.919932488000086, 61.191107489000046 ], [ 4.943532748000052, 61.190171617000033 ], [ 4.960785352000073, 61.177435614000046 ], [ 4.987315300000091, 61.119696356000077 ] ] ] } },
{ "type": "Feature", "properties": { }, "geometry": { "type": "Polygon", "coordinates": [ [ [ 4.865244988000086, 61.889390367000033 ], [ 4.952972852000073, 61.896958726000037 ], [ 5.222829623000052, 61.848456122000073 ], [ 5.205414259000065, 61.833929755000042 ], [ 5.176605665000068, 61.825669664000031 ], [ 5.118418816000087, 61.821112372000073 ], [ 5.138682488000086, 61.83734772300005 ], [ 5.125987175000091, 61.855861721000053 ], [ 5.053396030000044, 61.808783270000049 ], [ 4.916270379000082, 61.780951239000046 ], [ 4.889659050000091, 61.785101630000042 ], [ 4.872080925000091, 61.800604559000078 ], [ 4.87077884200005, 61.813381252000056 ], [ 4.90007571700005, 61.807440497000073 ], [ 4.926768425000091, 61.827948309000078 ], [ 4.803233269000089, 61.841620184000078 ], [ 4.86491946700005, 61.873032945000034 ], [ 4.865244988000086, 61.889390367000033 ] ] ] } },
{ "type": "Feature", "properties": { }, "geometry": { "type": "Polygon", "coordinates": [ [ [ 7.65202884200005, 63.051988023000035 ], [ 7.68132571700005, 63.020249742000033 ], [ 7.706309441000087, 63.006659247000073 ], [ 7.624034050000091, 62.989650783000059 ], [ 7.526540561000047, 62.946030992000033 ], [ 7.490244988000086, 62.945217190000051 ], [ 7.465342644000089, 62.96548086100006 ], [ 7.392914259000065, 62.979641018000052 ], [ 7.36654707100007, 62.99673086100006 ], [ 7.375743035000085, 63.006048895000049 ], [ 7.435557488000086, 63.020249742000033 ], [ 7.41732832100007, 63.036037502000056 ], [ 7.435557488000086, 63.047552802000041 ], [ 7.401377800000091, 63.055080471000053 ], [ 7.401377800000091, 63.061265367000033 ], [ 7.490244988000086, 63.068060614000046 ], [ 7.476410352000073, 63.055080471000053 ], [ 7.52702884200005, 63.046616929000038 ], [ 7.565196160000085, 63.020249742000033 ], [ 7.575043165000068, 63.044256903000075 ], [ 7.563161655000044, 63.050604559000078 ], [ 7.595550977000073, 63.064642645000049 ], [ 7.606130405000044, 63.07843659100007 ], [ 7.585134311000047, 63.116522528000075 ], [ 7.64779707100007, 63.10968659100007 ], [ 7.649587436000047, 63.069403387000079 ], [ 7.64039147200009, 63.055080471000053 ], [ 7.65202884200005, 63.051988023000035 ] ] ] } },
{ "type": "Feature", "properties": { }, "geometry": { "type": "Polygon", "coordinates": [ [ [ 8.113291863000086, 63.239406643000052 ], [ 8.170746290000068, 63.191392320000034 ], [ 8.167979363000086, 63.177923895000049 ], [ 8.188487175000091, 63.164943752000056 ], [ 8.188487175000091, 63.157456773000035 ], [ 8.020192905000044, 63.137925523000035 ], [ 7.976817254000082, 63.14321523600006 ], [ 7.928396030000044, 63.177923895000049 ], [ 7.990489129000082, 63.198431708000044 ], [ 8.07781009200005, 63.241156317000048 ], [ 8.113291863000086, 63.239406643000052 ] ] ] } },
{ "type": "Feature", "properties": { }, "geometry": { "type": "Polygon", "coordinates": [ [ [ 11.99976647200009, 65.67804596600007 ], [ 11.957855665000068, 65.665025132000039 ], [ 11.972992384000065, 65.649562893000052 ], [ 11.971446160000085, 65.631537177000041 ], [ 11.916840040000068, 65.589992580000057 ], [ 11.889903191000087, 65.604193427000041 ], [ 11.859385613000086, 65.598374742000033 ], [ 11.848643425000091, 65.604193427000041 ], [ 11.869151238000086, 65.610419012000079 ], [ 11.779795769000089, 65.607001044000071 ], [ 11.759287957000083, 65.617905992000033 ], [ 11.785004102000073, 65.660305080000057 ], [ 11.824473504000082, 65.693019924000055 ], [ 11.926117384000065, 65.708726304000038 ], [ 11.95443769600007, 65.696437893000052 ], [ 11.997894727000073, 65.700140692000048 ], [ 12.005137566000087, 65.689601955000057 ], [ 11.99976647200009, 65.67804596600007 ] ] ] } },
{ "type": "Feature", "properties": { }, "geometry": { "type": "Polygon", "coordinates": [ [ [ 18.479340040000068, 59.11664459800005 ], [ 18.487315300000091, 59.085028387000079 ], [ 18.456065300000091, 59.057196356000077 ], [ 18.435883009000065, 59.049750067000048 ], [ 18.413584832000083, 59.011664130000042 ], [ 18.37671959700009, 59.006903387000079 ], [ 18.344411655000044, 59.02570221600007 ], [ 18.341319207000083, 59.033433335000041 ], [ 18.361582879000082, 59.039211330000057 ], [ 18.351084832000083, 59.056830145000049 ], [ 18.37631269600007, 59.063788153000075 ], [ 18.37476647200009, 59.078355210000041 ], [ 18.465993686000047, 59.117254950000074 ], [ 18.479340040000068, 59.11664459800005 ] ] ] } },
{ "type": "Feature", "properties": { }, "geometry": { "type": "Polygon", "coordinates": [ [ [ 18.646494988000086, 59.504461981000077 ], [ 18.632985873000052, 59.489650783000059 ], [ 18.608409050000091, 59.493638414000031 ], [ 18.594411655000044, 59.486883856000077 ], [ 18.605316602000073, 59.466782945000034 ], [ 18.601817254000082, 59.456122137000079 ], [ 18.59115644600007, 59.452460028000075 ], [ 18.578461134000065, 59.463934637000079 ], [ 18.580902540000068, 59.430731512000079 ], [ 18.55640709700009, 59.422308661000045 ], [ 18.545420769000089, 59.428534247000073 ], [ 18.510508660000085, 59.483140367000033 ], [ 18.514414910000085, 59.490952867000033 ], [ 18.538096550000091, 59.49555084800005 ], [ 18.557383660000085, 59.482001044000071 ], [ 18.559580925000091, 59.491441148000035 ], [ 18.577647332000083, 59.495062567000048 ], [ 18.548106316000087, 59.498968817000048 ], [ 18.551117384000065, 59.51007721600007 ], [ 18.609711134000065, 59.545640367000033 ], [ 18.654307488000086, 59.550034898000035 ], [ 18.688975457000083, 59.533392645000049 ], [ 18.739105665000068, 59.540432033000059 ], [ 18.646494988000086, 59.504461981000077 ] ] ] } },
{ "type": "Feature", "properties": { }, "geometry": { "type": "Polygon", "coordinates": [ [ [ 20.582855665000068, 60.059149481000077 ], [ 20.617930535000085, 60.042222398000035 ], [ 20.60092207100007, 60.039211330000057 ], [ 20.608246290000068, 60.035956122000073 ], [ 20.606293165000068, 60.022650458000044 ], [ 20.587168816000087, 60.00812409100007 ], [ 20.55046634200005, 60.018866278000075 ], [ 20.52702884200005, 60.005072333000044 ], [ 20.500824415000068, 60.012681382000039 ], [ 20.544932488000086, 60.05609772300005 ], [ 20.582855665000068, 60.059149481000077 ] ] ] } },
{ "type": "Feature", "properties": { }, "geometry": { "type": "Polygon", "coordinates": [ [ [ 20.390147332000083, 60.028225002000056 ], [ 20.46257571700005, 60.066799221000053 ], [ 20.451019727000073, 60.040106512000079 ], [ 20.432139519000089, 60.025091864000046 ], [ 20.402354363000086, 60.021307684000078 ], [ 20.390147332000083, 60.028225002000056 ] ] ] } },
{ "type": "Feature", "properties": { }, "geometry": { "type": "Polygon", "coordinates": [ [ [ 20.519379102000073, 60.042954820000034 ], [ 20.500336134000065, 60.036363023000035 ], [ 20.471364780000044, 60.04132721600007 ], [ 20.469737175000091, 60.057359117000033 ], [ 20.541840040000068, 60.070990302000041 ], [ 20.519379102000073, 60.042954820000034 ] ] ] } },
{ "type": "Feature", "properties": { }, "geometry": { "type": "Polygon", "coordinates": [ [ [ 20.06819326100009, 60.072654235000073 ], [ 20.101269174000038, 60.094974635000085 ], [ 20.163259320000066, 60.087845341000047 ], [ 20.193190627000035, 60.06556971100008 ], [ 20.225218278000057, 60.00547772200008 ], [ 20.175120918000061, 59.971435922000069 ], [ 20.184036574000061, 59.992937835000077 ], [ 20.171495088000086, 59.998753826000041 ], [ 20.123178811000059, 59.988872416000049 ], [ 20.105254921000039, 59.996469169000079 ], [ 20.121317588000068, 60.016627195000069 ], [ 20.104257697000037, 60.02824800500008 ], [ 20.025256327000079, 60.042485236000061 ], [ 20.033649523000065, 60.063626004000071 ], [ 20.06819326100009, 60.072654235000073 ] ] ] } },
{ "type": "Feature", "properties": { }, "geometry": { "type": "Polygon", "coordinates": [ [ [ 12.023936394000089, 54.898016669000071 ], [ 12.096446160000085, 54.898098049000055 ], [ 12.170176629000082, 54.838324286000045 ], [ 12.067149285000085, 54.786810614000046 ], [ 12.022715691000087, 54.735296942000048 ], [ 11.96070397200009, 54.694077867000033 ], [ 11.969004754000082, 54.56976959800005 ], [ 11.949066602000073, 54.568589585000041 ], [ 11.928233269000089, 54.583970445000034 ], [ 11.923675977000073, 54.598130601000037 ], [ 11.869151238000086, 54.65961334800005 ], [ 11.870616082000083, 54.680365302000041 ], [ 11.910166863000086, 54.721665757000039 ], [ 11.875824415000068, 54.729722398000035 ], [ 11.872325066000087, 54.739935614000046 ], [ 11.882823113000086, 54.756415106000077 ], [ 11.809092644000089, 54.804917710000041 ], [ 11.793467644000089, 54.844549872000073 ], [ 11.74968509200005, 54.873114325000074 ], [ 11.742035352000073, 54.925441799000055 ], [ 11.711436394000089, 54.940822658000059 ], [ 11.711436394000089, 54.948187567000048 ], [ 11.759287957000083, 54.968085028000075 ], [ 11.803965691000087, 54.948187567000048 ], [ 11.83757571700005, 54.966131903000075 ], [ 11.848317905000044, 54.959133205000057 ], [ 11.862478061000047, 54.963690497000073 ], [ 11.882823113000086, 54.981756903000075 ], [ 11.841807488000086, 55.030218817000048 ], [ 11.75562584700009, 55.050685940000051 ], [ 11.728770379000082, 55.064276434000078 ], [ 11.665537957000083, 55.066392320000034 ], [ 11.615896030000044, 55.092230536000045 ], [ 11.82748457100007, 55.050685940000051 ], [ 11.805349155000044, 55.073879299000055 ], [ 11.743418816000087, 55.100531317000048 ], [ 11.717621290000068, 55.125718492000033 ], [ 11.803965691000087, 55.134833075000074 ], [ 11.806976759000065, 55.146877346000053 ], [ 11.785411004000082, 55.157212632000039 ], [ 11.728526238000086, 55.154771226000037 ], [ 11.711436394000089, 55.167914130000042 ], [ 11.734711134000065, 55.188666083000044 ], [ 11.733083530000044, 55.200140692000048 ], [ 11.717621290000068, 55.208319403000075 ], [ 11.69507897200009, 55.208075262000079 ], [ 11.649424675000091, 55.180975653000075 ], [ 11.506032748000052, 55.208319403000075 ], [ 11.492360873000052, 55.204169012000079 ], [ 11.42318769600007, 55.221909898000035 ], [ 11.36890709700009, 55.208319403000075 ], [ 11.299978061000047, 55.208319403000075 ], [ 11.299978061000047, 55.20148346600007 ], [ 11.320485873000052, 55.194647528000075 ], [ 11.260996941000087, 55.200588283000059 ], [ 11.245371941000087, 55.214789130000042 ], [ 11.238536004000082, 55.242417710000041 ], [ 11.267832879000082, 55.235907294000071 ], [ 11.286306186000047, 55.256089585000041 ], [ 11.24195397200009, 55.24868398600006 ], [ 11.24154707100007, 55.278509833000044 ], [ 11.152842644000089, 55.32843659100007 ], [ 11.188243035000085, 55.335272528000075 ], [ 11.190114780000044, 55.345445054000038 ], [ 11.14234459700009, 55.352280992000033 ], [ 11.123545769000089, 55.331854559000078 ], [ 11.108164910000085, 55.331854559000078 ], [ 11.087738477000073, 55.358547268000052 ], [ 11.087738477000073, 55.365952867000033 ], [ 11.128916863000086, 55.365179755000042 ], [ 11.159190300000091, 55.381293036000045 ], [ 11.204356316000087, 55.391831773000035 ], [ 11.21420332100007, 55.403794664000031 ], [ 11.213145379000082, 55.415757554000038 ], [ 11.20093834700009, 55.421210028000075 ], [ 11.20484459700009, 55.431341864000046 ], [ 11.196462436000047, 55.453843492000033 ], [ 11.163910352000073, 55.501898505000042 ], [ 11.135590040000068, 55.515122789000031 ], [ 11.085785352000073, 55.507554429000038 ], [ 11.080902540000068, 55.513088283000059 ], [ 11.088552280000044, 55.53384023600006 ], [ 11.137950066000087, 55.542914130000042 ], [ 11.148448113000086, 55.557318427000041 ], [ 11.145681186000047, 55.576117255000042 ], [ 11.132090691000087, 55.595282294000071 ], [ 11.087901238000086, 55.626939195000034 ], [ 11.039235873000052, 55.643459377000056 ], [ 10.929942254000082, 55.660142320000034 ], [ 10.929942254000082, 55.667629299000055 ], [ 11.087738477000073, 55.660142320000034 ], [ 11.071055535000085, 55.676947333000044 ], [ 10.984629754000082, 55.701117255000042 ], [ 10.960215691000087, 55.724351304000038 ], [ 10.891449415000068, 55.731268622000073 ], [ 10.875498894000089, 55.736517645000049 ], [ 10.875498894000089, 55.742743231000077 ], [ 11.033050977000073, 55.729071356000077 ], [ 11.162771030000044, 55.749497789000031 ], [ 11.162771030000044, 55.742743231000077 ], [ 11.121836785000085, 55.736517645000049 ], [ 11.16342207100007, 55.70538971600007 ], [ 11.192637566000087, 55.700344143000052 ], [ 11.218028191000087, 55.708563544000071 ], [ 11.176442905000044, 55.729071356000077 ], [ 11.190114780000044, 55.736517645000049 ], [ 11.252207879000082, 55.729071356000077 ], [ 11.352224155000044, 55.755804755000042 ], [ 11.364024285000085, 55.765122789000031 ], [ 11.375661655000044, 55.807928778000075 ], [ 11.348399285000085, 55.838324286000045 ], [ 11.398448113000086, 55.826402085000041 ], [ 11.443369988000086, 55.845770575000074 ], [ 11.477549675000091, 55.841538804000038 ], [ 11.50521894600007, 55.868719794000071 ], [ 11.510508660000085, 55.908270575000074 ], [ 11.477386915000068, 55.941351630000042 ], [ 11.304535352000073, 55.967840887000079 ], [ 11.281911655000044, 55.978949286000045 ], [ 11.272634311000047, 55.996568101000037 ], [ 11.400563998000052, 55.961981512000079 ], [ 11.426931186000047, 55.965521552000041 ], [ 11.581065300000091, 55.951849677000041 ], [ 11.59937584700009, 55.942084052000041 ], [ 11.640879754000082, 55.943426825000074 ], [ 11.768321160000085, 55.970526434000078 ], [ 11.779795769000089, 55.961859442000048 ], [ 11.738780144000089, 55.920843817000048 ], [ 11.750498894000089, 55.910386460000041 ], [ 11.743988477000073, 55.90375397300005 ], [ 11.711436394000089, 55.907171942000048 ], [ 11.717621290000068, 55.920843817000048 ], [ 11.685801629000082, 55.919867255000042 ], [ 11.663096550000091, 55.907171942000048 ], [ 11.731618686000047, 55.83071523600006 ], [ 11.717621290000068, 55.810980536000045 ], [ 11.656260613000086, 55.810980536000045 ], [ 11.626231316000087, 55.790594794000071 ], [ 11.607758009000065, 55.79047272300005 ], [ 11.607758009000065, 55.783026434000078 ], [ 11.67359459700009, 55.783026434000078 ], [ 11.72038821700005, 55.798651434000078 ], [ 11.738780144000089, 55.797349351000037 ], [ 11.762705925000091, 55.749497789000031 ], [ 11.682302280000044, 55.741278387000079 ], [ 11.657237175000091, 55.730861721000053 ], [ 11.684336785000085, 55.721625067000048 ], [ 11.746348504000082, 55.731024481000077 ], [ 11.787282748000052, 55.701117255000042 ], [ 11.794444207000083, 55.687933661000045 ], [ 11.779795769000089, 55.660142320000034 ], [ 11.810557488000086, 55.679103908000059 ], [ 11.855479363000086, 55.732814846000053 ], [ 11.841807488000086, 55.756415106000077 ], [ 11.869151238000086, 55.804754950000074 ], [ 11.937347852000073, 55.825262762000079 ], [ 11.953623894000089, 55.853501695000034 ], [ 11.90951582100007, 55.91547272300005 ], [ 11.916840040000068, 55.934515692000048 ], [ 11.934743686000047, 55.933661200000074 ], [ 11.998220248000052, 55.902818101000037 ], [ 11.992035352000073, 55.873724677000041 ], [ 12.031260613000086, 55.816595770000049 ], [ 12.049001498000052, 55.775336005000042 ], [ 12.051931186000047, 55.73663971600007 ], [ 12.026133660000085, 55.715399481000077 ], [ 11.972666863000086, 55.721421617000033 ], [ 11.958181186000047, 55.693426825000074 ], [ 11.910166863000086, 55.660142320000034 ], [ 11.959157748000052, 55.665106512000079 ], [ 11.98218834700009, 55.678900458000044 ], [ 11.985199415000068, 55.694891669000071 ], [ 12.001149936000047, 55.69867584800005 ], [ 12.031911655000044, 55.687201239000046 ], [ 12.04037519600007, 55.67446523600006 ], [ 12.009287957000083, 55.680487372000073 ], [ 12.01140384200005, 55.669012762000079 ], [ 12.06031334700009, 55.653998114000046 ], [ 12.092051629000082, 55.706732489000046 ], [ 12.09506269600007, 55.729071356000077 ], [ 12.053477410000085, 55.838324286000045 ], [ 12.049815300000091, 55.888006903000075 ], [ 12.026133660000085, 55.941351630000042 ], [ 11.992442254000082, 55.960598049000055 ], [ 11.865489129000082, 55.939357815000051 ], [ 11.848643425000091, 55.948187567000048 ], [ 11.865570509000065, 55.972723700000074 ], [ 12.012461785000085, 56.03070709800005 ], [ 12.16537519600007, 56.103705145000049 ], [ 12.245127800000091, 56.128729559000078 ], [ 12.328461134000065, 56.126898505000042 ], [ 12.414886915000068, 56.099025783000059 ], [ 12.48609459700009, 56.099025783000059 ], [ 12.621918165000068, 56.043768622000073 ], [ 12.567393425000091, 55.996568101000037 ], [ 12.512705925000091, 55.928290106000077 ], [ 12.512705925000091, 55.920843817000048 ], [ 12.55445397200009, 55.882879950000074 ], [ 12.576019727000073, 55.829169012000079 ], [ 12.602224155000044, 55.797349351000037 ], [ 12.587901238000086, 55.729071356000077 ], [ 12.602224155000044, 55.708563544000071 ], [ 12.541026238000086, 55.648871161000045 ], [ 12.50326582100007, 55.634019273000035 ], [ 12.487152540000068, 55.609849351000037 ], [ 12.465017123000052, 55.605536200000074 ], [ 12.403575066000087, 55.619208075000074 ], [ 12.331309441000087, 55.595404364000046 ], [ 12.248220248000052, 55.546128648000035 ], [ 12.198090040000068, 55.487494208000044 ], [ 12.224864129000082, 55.434881903000075 ], [ 12.273448113000086, 55.410223700000074 ], [ 12.36882571700005, 55.400091864000046 ], [ 12.434743686000047, 55.363674221000053 ], [ 12.465017123000052, 55.290269273000035 ], [ 12.392425977000073, 55.25531647300005 ], [ 12.182790561000047, 55.22719961100006 ], [ 12.121104363000086, 55.191066799000055 ], [ 12.10906009200005, 55.170721747000073 ], [ 12.11500084700009, 55.153713283000059 ], [ 12.09896894600007, 55.141424872000073 ], [ 12.080739780000044, 55.146877346000053 ], [ 12.088145379000082, 55.168361721000053 ], [ 12.076670769000089, 55.18195221600007 ], [ 12.05640709700009, 55.185695705000057 ], [ 12.014659050000091, 55.167466539000031 ], [ 12.012461785000085, 55.157131252000056 ], [ 12.04664147200009, 55.14008209800005 ], [ 12.168630405000044, 55.128485419000071 ], [ 12.177012566000087, 55.105292059000078 ], [ 12.171397332000083, 55.095445054000038 ], [ 12.11850019600007, 55.073553778000075 ], [ 12.163340691000087, 55.023382880000042 ], [ 12.162282748000052, 55.004380601000037 ], [ 12.148936394000089, 54.994126695000034 ], [ 12.03296959700009, 54.968085028000075 ], [ 11.998057488000086, 54.976507880000042 ], [ 11.943858269000089, 55.006089585000041 ], [ 11.910166863000086, 55.009711005000042 ], [ 11.916840040000068, 55.002875067000048 ], [ 11.897146030000044, 54.995428778000075 ], [ 11.901540561000047, 54.976385809000078 ], [ 11.882823113000086, 54.940822658000059 ], [ 11.890147332000083, 54.929632880000042 ], [ 11.918467644000089, 54.921942450000074 ], [ 11.931162957000083, 54.927720445000034 ], [ 11.923675977000073, 54.940822658000059 ], [ 11.957855665000068, 54.948187567000048 ], [ 11.98218834700009, 54.920314846000053 ], [ 12.023936394000089, 54.898016669000071 ] ] ] } },
{ "type": "Feature", "properties": { }, "geometry": { "type": "Polygon", "coordinates": [ [ [ 16.580414259000065, 57.119411526000079 ], [ 16.646332227000073, 57.098130601000037 ], [ 16.587006056000064, 57.102606512000079 ], [ 16.580414259000065, 57.119411526000079 ] ] ] } },
{ "type": "Feature", "properties": { }, "geometry": { "type": "Polygon", "coordinates": [ [ [ 16.569509311000047, 57.164658921000068 ], [ 16.537608269000089, 57.148586330000057 ], [ 16.525401238000086, 57.163112697000031 ], [ 16.541677280000044, 57.176377671000068 ], [ 16.562510613000086, 57.176459052000041 ], [ 16.569509311000047, 57.164658921000068 ] ] ] } },
{ "type": "Feature", "properties": { }, "geometry": { "type": "Polygon", "coordinates": [ [ [ 16.79070071700005, 57.256781317000048 ], [ 16.799164259000065, 57.251776434000078 ], [ 16.799082879000082, 57.247463283000059 ], [ 16.784678582000083, 57.251044012000079 ], [ 16.79070071700005, 57.256781317000048 ] ] ] } },
{ "type": "Feature", "properties": { }, "geometry": { "type": "Polygon", "coordinates": [ [ [ 16.68132571700005, 57.523871161000045 ], [ 16.719655795000051, 57.501369533000059 ], [ 16.691009962000066, 57.509344794000071 ], [ 16.68132571700005, 57.523871161000045 ] ] ] } },
{ "type": "Feature", "properties": { }, "geometry": { "type": "Polygon", "coordinates": [ [ [ 16.671397332000083, 57.585882880000042 ], [ 16.65202884200005, 57.580226955000057 ], [ 16.659678582000083, 57.59752024900007 ], [ 16.696055535000085, 57.60101959800005 ], [ 16.70281009200005, 57.623399156000062 ], [ 16.726735873000052, 57.619208075000074 ], [ 16.730479363000086, 57.611761786000045 ], [ 16.702077670000051, 57.577337958000044 ], [ 16.671397332000083, 57.585882880000042 ] ] ] } },
{ "type": "Feature", "properties": { }, "geometry": { "type": "Polygon", "coordinates": [ [ [ 11.778412306000064, 57.655585028000075 ], [ 11.78646894600007, 57.64516836100006 ], [ 11.781504754000082, 57.631374416000085 ], [ 11.756358269000089, 57.639715887000079 ], [ 11.736338738000086, 57.636379299000055 ], [ 11.727468295000051, 57.646673895000049 ], [ 11.778412306000064, 57.655585028000075 ] ] ] } },
{ "type": "Feature", "properties": { }, "geometry": { "type": "Polygon", "coordinates": [ [ [ 11.67351321700005, 57.681708075000074 ], [ 11.644704623000052, 57.678859768000052 ], [ 11.610280795000051, 57.69594961100006 ], [ 11.615977410000085, 57.702419338000084 ], [ 11.639414910000085, 57.700751044000071 ], [ 11.628754102000073, 57.712917385000083 ], [ 11.629079623000052, 57.72992584800005 ], [ 11.658213738000086, 57.713731187000064 ], [ 11.663015170000051, 57.707546291000085 ], [ 11.654226108000046, 57.699937242000033 ], [ 11.664317254000082, 57.697455145000049 ], [ 11.67351321700005, 57.681708075000074 ] ] ] } },
{ "type": "Feature", "properties": { }, "geometry": { "type": "Polygon", "coordinates": [ [ [ 16.705495639000048, 57.779689846000053 ], [ 16.655853712000066, 57.805161851000037 ], [ 16.670664910000085, 57.811875718000067 ], [ 16.70834394600007, 57.809149481000077 ], [ 16.722178582000083, 57.797715562000064 ], [ 16.705495639000048, 57.779689846000053 ] ] ] } },
{ "type": "Feature", "properties": { }, "geometry": { "type": "Polygon", "coordinates": [ [ [ 16.786387566000087, 57.805446682000081 ], [ 16.761566602000073, 57.814561265000066 ], [ 16.740244988000086, 57.810573635000083 ], [ 16.72820071700005, 57.82994212400007 ], [ 16.699554884000065, 57.839097398000035 ], [ 16.701508009000065, 57.844631252000056 ], [ 16.728851759000065, 57.853623765000066 ], [ 16.747650587000066, 57.838080145000049 ], [ 16.763519727000073, 57.836900132000039 ], [ 16.765961134000065, 57.820705471000053 ], [ 16.786387566000087, 57.805446682000081 ] ] ] } },
{ "type": "Feature", "properties": { }, "geometry": { "type": "Polygon", "coordinates": [ [ [ 11.639170769000089, 57.87368398600006 ], [ 11.587006056000064, 57.846462307000081 ], [ 11.588470899000072, 57.861232815000051 ], [ 11.559418165000068, 57.863430080000057 ], [ 11.559092644000089, 57.874253648000035 ], [ 11.598806186000047, 57.87999095300006 ], [ 11.559580925000091, 57.888169664000031 ], [ 11.599213087000066, 57.899318752000056 ], [ 11.631439649000072, 57.891058661000045 ], [ 11.639170769000089, 57.87368398600006 ] ] ] } },
{ "type": "Feature", "properties": { }, "geometry": { "type": "Polygon", "coordinates": [ [ [ 16.81218509200005, 58.10069407800006 ], [ 16.839040561000047, 58.098822333000044 ], [ 16.833832227000073, 58.09328847900008 ], [ 16.817800326000054, 58.090887762000079 ], [ 16.782481316000087, 58.105292059000078 ], [ 16.788096550000091, 58.113836981000077 ], [ 16.812103712000066, 58.11977773600006 ], [ 16.821543816000087, 58.111029364000046 ], [ 16.81218509200005, 58.10069407800006 ] ] ] } },
{ "type": "Feature", "properties": { }, "geometry": { "type": "Polygon", "coordinates": [ [ [ 22.519379102000073, 58.165635484000063 ], [ 22.529470248000052, 58.14398834800005 ], [ 22.500010613000086, 58.121120510000083 ], [ 22.477305535000085, 58.142971096000053 ], [ 22.49935957100007, 58.176662502000056 ], [ 22.519379102000073, 58.165635484000063 ] ] ] } },
{ "type": "Feature", "properties": { }, "geometry": { "type": "Polygon", "coordinates": [ [ [ 16.93881269600007, 58.201361395000049 ], [ 16.94695071700005, 58.185980536000045 ], [ 16.935394727000073, 58.17881907800006 ], [ 16.910166863000086, 58.184800523000035 ], [ 16.908376498000052, 58.191188869000086 ], [ 16.923431837000066, 58.204982815000051 ], [ 16.93881269600007, 58.201361395000049 ] ] ] } },
{ "type": "Feature", "properties": { }, "geometry": { "type": "Polygon", "coordinates": [ [ [ 6.61296634200005, 58.236232815000051 ], [ 6.63249759200005, 58.210964260000083 ], [ 6.62240644600007, 58.196275132000039 ], [ 6.589366082000083, 58.200995184000078 ], [ 6.559255405000044, 58.227932033000059 ], [ 6.560394727000073, 58.217067776000079 ], [ 6.551768425000091, 58.211330471000053 ], [ 6.534678582000083, 58.215033270000049 ], [ 6.519867384000065, 58.242010809000078 ], [ 6.61296634200005, 58.236232815000051 ] ] ] } },
{ "type": "Feature", "properties": { }, "geometry": { "type": "Polygon", "coordinates": [ [ [ 17.03874759200005, 58.266384182000081 ], [ 17.036306186000047, 58.260280666000085 ], [ 16.998871290000068, 58.249823309000078 ], [ 17.017425977000073, 58.265448309000078 ], [ 17.03874759200005, 58.266384182000081 ] ] ] } },
{ "type": "Feature", "properties": { }, "geometry": { "type": "Polygon", "coordinates": [ [ [ 16.929860873000052, 58.257310289000031 ], [ 16.907318556000064, 58.244859117000033 ], [ 16.906097852000073, 58.254461981000077 ], [ 16.921478712000066, 58.269151109000063 ], [ 16.929860873000052, 58.265448309000078 ], [ 16.929860873000052, 58.257310289000031 ] ] ] } },
{ "type": "Feature", "properties": { }, "geometry": { "type": "Polygon", "coordinates": [ [ [ 16.949554884000065, 58.427028713000084 ], [ 16.978688998000052, 58.430121161000045 ], [ 16.956553582000083, 58.413763739000046 ], [ 16.949554884000065, 58.427028713000084 ] ] ] } },
{ "type": "Feature", "properties": { }, "geometry": { "type": "Polygon", "coordinates": [ [ [ 16.992686394000089, 58.496161200000074 ], [ 16.991709832000083, 58.487779039000031 ], [ 16.973073764000048, 58.482163804000038 ], [ 16.95281009200005, 58.490627346000053 ], [ 16.964691602000073, 58.502508856000077 ], [ 16.992686394000089, 58.496161200000074 ] ] ] } },
{ "type": "Feature", "properties": { }, "geometry": { "type": "Polygon", "coordinates": [ [ [ 16.908050977000073, 58.511704820000034 ], [ 16.89226321700005, 58.527004299000055 ], [ 16.909190300000091, 58.529282945000034 ], [ 16.948252800000091, 58.506903387000079 ], [ 16.946299675000091, 58.50181712400007 ], [ 16.908050977000073, 58.511704820000034 ] ] ] } },
{ "type": "Feature", "properties": { }, "geometry": { "type": "Polygon", "coordinates": [ [ [ 17.470713738000086, 58.725287177000041 ], [ 17.485199415000068, 58.708766994000086 ], [ 17.46265709700009, 58.701564846000053 ], [ 17.460948113000086, 58.715399481000077 ], [ 17.470713738000086, 58.725287177000041 ] ] ] } },
{ "type": "Feature", "properties": { }, "geometry": { "type": "Polygon", "coordinates": [ [ [ 17.466970248000052, 58.760484117000033 ], [ 17.496104363000086, 58.755194403000075 ], [ 17.496918165000068, 58.743150132000039 ], [ 17.47006269600007, 58.740668036000045 ], [ 17.45053144600007, 58.716457424000055 ], [ 17.436534050000091, 58.725449937000064 ], [ 17.43140709700009, 58.73273346600007 ], [ 17.447845899000072, 58.736354885000083 ], [ 17.427989129000082, 58.745347398000035 ], [ 17.432220899000072, 58.75726959800005 ], [ 17.454600457000083, 58.75844961100006 ], [ 17.46843509200005, 58.74717845300006 ], [ 17.466970248000052, 58.760484117000033 ] ] ] } },
{ "type": "Feature", "properties": { }, "geometry": { "type": "Polygon", "coordinates": [ [ [ 17.865407748000052, 58.736314195000034 ], [ 17.85482832100007, 58.76475657800006 ], [ 17.855967644000089, 58.773708401000079 ], [ 17.867849155000044, 58.763088283000059 ], [ 17.865407748000052, 58.736314195000034 ] ] ] } },
{ "type": "Feature", "properties": { }, "geometry": { "type": "Polygon", "coordinates": [ [ [ 17.596364780000044, 58.845974026000079 ], [ 17.699310743000069, 58.797227281000062 ], [ 17.688568556000064, 58.795477606000077 ], [ 17.654958530000044, 58.806382554000038 ], [ 17.603933139000048, 58.833075262000079 ], [ 17.596364780000044, 58.845974026000079 ] ] ] } },
{ "type": "Feature", "properties": { }, "geometry": { "type": "Polygon", "coordinates": [ [ [ 17.714691602000073, 58.849961656000062 ], [ 17.717214389000048, 58.832220770000049 ], [ 17.695567254000082, 58.860907294000071 ], [ 17.714691602000073, 58.849961656000062 ] ] ] } },
{ "type": "Feature", "properties": { }, "geometry": { "type": "Polygon", "coordinates": [ [ [ 18.140798373000052, 58.89016347900008 ], [ 18.134938998000052, 58.867743231000077 ], [ 18.108083530000044, 58.853094794000071 ], [ 18.092295769000089, 58.861273505000042 ], [ 18.106455925000091, 58.877468166000085 ], [ 18.140798373000052, 58.89016347900008 ] ] ] } },
{ "type": "Feature", "properties": { }, "geometry": { "type": "Polygon", "coordinates": [ [ [ 17.849457227000073, 58.794541734000063 ], [ 17.791677280000044, 58.800970770000049 ], [ 17.813487175000091, 58.812445380000042 ], [ 17.808848504000082, 58.844468492000033 ], [ 17.820811394000089, 58.852850653000075 ], [ 17.817312045000051, 58.876166083000044 ], [ 17.85092207100007, 58.899562893000052 ], [ 17.858978712000066, 58.883937893000052 ], [ 17.833832227000073, 58.855902411000045 ], [ 17.861501498000052, 58.849310614000046 ], [ 17.870371941000087, 58.81704336100006 ], [ 17.849457227000073, 58.794541734000063 ] ] ] } },
{ "type": "Feature", "properties": { }, "geometry": { "type": "Polygon", "coordinates": [ [ [ 11.066579623000052, 58.880886135000083 ], [ 11.066254102000073, 58.871120510000083 ], [ 11.051768425000091, 58.863063869000086 ], [ 11.003184441000087, 58.884426174000055 ], [ 10.991628451000054, 58.871039130000042 ], [ 10.990244988000086, 58.891994533000059 ], [ 11.000987175000091, 58.897324937000064 ], [ 10.98796634200005, 58.910711981000077 ], [ 11.015635613000086, 58.916774807000081 ], [ 11.026621941000087, 58.908107815000051 ], [ 11.023855014000048, 58.897528387000079 ], [ 11.055918816000087, 58.897731838000084 ], [ 11.053070509000065, 58.882513739000046 ], [ 11.066579623000052, 58.880886135000083 ] ] ] } },
{ "type": "Feature", "properties": { }, "geometry": { "type": "Polygon", "coordinates": [ [ [ 18.213552280000044, 58.940659898000035 ], [ 18.163177931000064, 58.907090562000064 ], [ 18.142995639000048, 58.902899481000077 ], [ 18.146739129000082, 58.913031317000048 ], [ 18.16342207100007, 58.91742584800005 ], [ 18.172862175000091, 58.938340562000064 ], [ 18.202321811000047, 58.943060614000046 ], [ 18.213552280000044, 58.940659898000035 ] ] ] } },
{ "type": "Feature", "properties": { }, "geometry": { "type": "Polygon", "coordinates": [ [ [ 18.030284050000091, 58.975409247000073 ], [ 18.036306186000047, 58.967556057000081 ], [ 18.026377800000091, 58.96124909100007 ], [ 18.029551629000082, 58.941433010000083 ], [ 18.014008009000065, 58.929266669000071 ], [ 17.992035352000073, 58.932074286000045 ], [ 18.030284050000091, 58.975409247000073 ] ] ] } },
{ "type": "Feature", "properties": { }, "geometry": { "type": "Polygon", "coordinates": [ [ [ 18.160004102000073, 59.057440497000073 ], [ 18.186127149000072, 59.043687242000033 ], [ 18.143077019000089, 59.045111395000049 ], [ 18.160004102000073, 59.057440497000073 ] ] ] } },
{ "type": "Feature", "properties": { }, "geometry": { "type": "Polygon", "coordinates": [ [ [ 18.517425977000073, 59.05577220300006 ], [ 18.545583530000044, 59.060777085000041 ], [ 18.535329623000052, 59.053493557000081 ], [ 18.531504754000082, 59.032945054000038 ], [ 18.510264519000089, 59.030340887000079 ], [ 18.517425977000073, 59.05577220300006 ] ] ] } },
{ "type": "Feature", "properties": { }, "geometry": { "type": "Polygon", "coordinates": [ [ [ 10.951996290000068, 59.085109768000052 ], [ 10.966075066000087, 59.038560289000031 ], [ 10.945648634000065, 59.030300197000031 ], [ 10.931569858000046, 59.047593492000033 ], [ 10.93726647200009, 59.048814195000034 ], [ 10.921966993000069, 59.05805084800005 ], [ 10.93921959700009, 59.083766994000086 ], [ 10.951996290000068, 59.085109768000052 ] ] ] } },
{ "type": "Feature", "properties": { }, "geometry": { "type": "Polygon", "coordinates": [ [ [ -4.677642381999931, 51.635728257000039 ], [ -4.690785285999937, 51.62921784100007 ], [ -4.708729620999918, 51.63898346600007 ], [ -4.707020636999914, 51.64288971600007 ], [ -4.677642381999931, 51.635728257000039 ] ] ] } },
{ "type": "Feature", "properties": { }, "geometry": { "type": "Polygon", "coordinates": [ [ [ -4.781768357999908, 52.766587632000039 ], [ -4.785552537999934, 52.753851630000042 ], [ -4.80227617099996, 52.745428778000075 ], [ -4.793853318999936, 52.768296617000033 ], [ -4.781768357999908, 52.766587632000039 ] ] ] } },
{ "type": "Feature", "properties": { }, "geometry": { "type": "Polygon", "coordinates": [ [ [ 6.606049024000072, 53.547756252000056 ], [ 6.58570397200009, 53.533351955000057 ], [ 6.570485873000052, 53.538112697000088 ], [ 6.583588087000066, 53.548081773000035 ], [ 6.606049024000072, 53.547756252000056 ] ] ] } },
{ "type": "Feature", "properties": { }, "geometry": { "type": "Polygon", "coordinates": [ [ [ 18.594167514000048, 59.090440171000068 ], [ 18.624034050000091, 59.105088609000063 ], [ 18.608490431000064, 59.081406968000067 ], [ 18.596690300000091, 59.078314520000049 ], [ 18.594167514000048, 59.090440171000068 ] ] ] } },
{ "type": "Feature", "properties": { }, "geometry": { "type": "Polygon", "coordinates": [ [ [ 18.757741733000046, 59.115057684000078 ], [ 18.760671420000051, 59.10883209800005 ], [ 18.742035352000073, 59.101670640000066 ], [ 18.740163608000046, 59.091294664000031 ], [ 18.727793816000087, 59.098578192000048 ], [ 18.757741733000046, 59.115057684000078 ] ] ] } },
{ "type": "Feature", "properties": { }, "geometry": { "type": "Polygon", "coordinates": [ [ [ 10.449880405000044, 59.094102281000062 ], [ 10.45053144600007, 59.064601955000057 ], [ 10.433604363000086, 59.067206122000073 ], [ 10.42156009200005, 59.098089911000045 ], [ 10.429209832000083, 59.117987372000073 ], [ 10.434662306000064, 59.086778062000064 ], [ 10.449880405000044, 59.094102281000062 ] ] ] } },
{ "type": "Feature", "properties": { }, "geometry": { "type": "Polygon", "coordinates": [ [ [ 18.596283399000072, 59.130438544000071 ], [ 18.575450066000087, 59.120062567000048 ], [ 18.570323113000086, 59.124701239000046 ], [ 18.583994988000086, 59.134100653000075 ], [ 18.596283399000072, 59.130438544000071 ] ] ] } },
{ "type": "Feature", "properties": { }, "geometry": { "type": "Polygon", "coordinates": [ [ [ 18.649343295000051, 59.174668687000064 ], [ 18.630056186000047, 59.17141347900008 ], [ 18.643077019000089, 59.186061916000085 ], [ 18.660573764000048, 59.190700588000084 ], [ 18.649343295000051, 59.174668687000064 ] ] ] } },
{ "type": "Feature", "properties": { }, "geometry": { "type": "Polygon", "coordinates": [ [ [ 5.87663821700005, 59.184515692000048 ], [ 5.876556837000066, 59.167385158000059 ], [ 5.840179884000065, 59.140285549000055 ], [ 5.796885613000086, 59.138698635000083 ], [ 5.781748894000089, 59.142482815000051 ], [ 5.77312259200005, 59.154282945000034 ], [ 5.77125084700009, 59.172674872000073 ], [ 5.780853712000066, 59.17641836100006 ], [ 5.794118686000047, 59.164129950000074 ], [ 5.808034701000054, 59.169867255000042 ], [ 5.80241946700005, 59.182521877000056 ], [ 5.822520379000082, 59.199123440000051 ], [ 5.87663821700005, 59.184515692000048 ] ] ] } },
{ "type": "Feature", "properties": { }, "geometry": { "type": "Polygon", "coordinates": [ [ [ 10.543630405000044, 59.219712632000039 ], [ 10.561045769000089, 59.215725002000056 ], [ 10.560638868000069, 59.20844147300005 ], [ 10.538259311000047, 59.213120835000041 ], [ 10.543630405000044, 59.219712632000039 ] ] ] } },
{ "type": "Feature", "properties": { }, "geometry": { "type": "Polygon", "coordinates": [ [ [ 18.418630405000044, 59.221380927000041 ], [ 18.42741946700005, 59.212388414000031 ], [ 18.405446811000047, 59.221828518000052 ], [ 18.418630405000044, 59.221380927000041 ] ] ] } },
{ "type": "Feature", "properties": { }, "geometry": { "type": "Polygon", "coordinates": [ [ [ 18.587819858000046, 59.225897528000075 ], [ 18.615326368000069, 59.233994859000063 ], [ 18.613454623000052, 59.224025783000059 ], [ 18.587819858000046, 59.225897528000075 ] ] ] } },
{ "type": "Feature", "properties": { }, "geometry": { "type": "Polygon", "coordinates": [ [ [ 18.914968295000051, 59.292547919000071 ], [ 18.931976759000065, 59.279120184000078 ], [ 18.921966993000069, 59.272650458000044 ], [ 18.899831576000054, 59.287583726000037 ], [ 18.914968295000051, 59.292547919000071 ] ] ] } },
{ "type": "Feature", "properties": { }, "geometry": { "type": "Polygon", "coordinates": [ [ [ 18.861664259000065, 59.308783270000049 ], [ 18.900808139000048, 59.310655015000066 ], [ 18.885183139000048, 59.304388739000046 ], [ 18.861664259000065, 59.308783270000049 ] ] ] } },
{ "type": "Feature", "properties": { }, "geometry": { "type": "Polygon", "coordinates": [ [ [ 4.903819207000083, 59.316188869000086 ], [ 4.909678582000083, 59.30499909100007 ], [ 4.881846550000091, 59.293158270000049 ], [ 4.867523634000065, 59.295070705000057 ], [ 4.857025587000066, 59.310695705000057 ], [ 4.893077019000089, 59.318101304000038 ], [ 4.903819207000083, 59.316188869000086 ] ] ] } },
{ "type": "Feature", "properties": { }, "geometry": { "type": "Polygon", "coordinates": [ [ [ 18.923431837000066, 59.345607815000051 ], [ 18.893728061000047, 59.343247789000031 ], [ 18.901621941000087, 59.334947007000039 ], [ 18.887217644000089, 59.323960679000038 ], [ 18.863780144000089, 59.321519273000035 ], [ 18.877858920000051, 59.352850653000075 ], [ 18.913910352000073, 59.355454820000034 ], [ 18.923431837000066, 59.345607815000051 ] ] ] } },
{ "type": "Feature", "properties": { }, "geometry": { "type": "Polygon", "coordinates": [ [ [ 10.538259311000047, 59.384141343000067 ], [ 10.533376498000052, 59.36664459800005 ], [ 10.511729363000086, 59.379177151000079 ], [ 10.516368035000085, 59.39203522300005 ], [ 10.538259311000047, 59.384141343000067 ] ] ] } },
{ "type": "Feature", "properties": { }, "geometry": { "type": "Polygon", "coordinates": [ [ [ 18.431162957000083, 59.398423570000034 ], [ 18.430674675000091, 59.392523505000042 ], [ 18.388194207000083, 59.393703518000052 ], [ 18.373545769000089, 59.39830149900007 ], [ 18.362396681000064, 59.419012762000079 ], [ 18.396739129000082, 59.41514720300006 ], [ 18.405528191000087, 59.40656159100007 ], [ 18.38217207100007, 59.406520901000079 ], [ 18.431162957000083, 59.398423570000034 ] ] ] } },
{ "type": "Feature", "properties": { }, "geometry": { "type": "Polygon", "coordinates": [ [ [ 19.01921634200005, 59.414455471000053 ], [ 19.019704623000052, 59.419826565000051 ], [ 19.022552931000064, 59.417385158000059 ], [ 19.01921634200005, 59.414455471000053 ] ] ] } },
{ "type": "Feature", "properties": { }, "geometry": { "type": "Polygon", "coordinates": [ [ [ 18.974782748000052, 59.417873440000051 ], [ 18.975026889000048, 59.409776109000063 ], [ 18.956309441000087, 59.396104234000063 ], [ 18.947845899000072, 59.39439524900007 ], [ 18.937836134000065, 59.407131252000056 ], [ 18.946055535000085, 59.420640367000033 ], [ 18.974782748000052, 59.417873440000051 ] ] ] } },
{ "type": "Feature", "properties": { }, "geometry": { "type": "Polygon", "coordinates": [ [ [ 18.31413821700005, 59.418076890000066 ], [ 18.302907748000052, 59.426621812000064 ], [ 18.316742384000065, 59.442775783000059 ], [ 18.35710696700005, 59.426459052000041 ], [ 18.31413821700005, 59.418076890000066 ] ] ] } },
{ "type": "Feature", "properties": { }, "geometry": { "type": "Polygon", "coordinates": [ [ [ 19.22006269600007, 59.444932359000063 ], [ 19.220795118000069, 59.432684637000079 ], [ 19.214040561000047, 59.432481187000064 ], [ 19.20671634200005, 59.443508205000057 ], [ 19.22006269600007, 59.444932359000063 ] ] ] } },
{ "type": "Feature", "properties": { }, "geometry": { "type": "Polygon", "coordinates": [ [ [ 19.511729363000086, 59.438340562000064 ], [ 19.500173373000052, 59.441148179000038 ], [ 19.499196811000047, 59.445786851000037 ], [ 19.50945071700005, 59.447984117000033 ], [ 19.511729363000086, 59.438340562000064 ] ] ] } },
{ "type": "Feature", "properties": { }, "geometry": { "type": "Polygon", "coordinates": [ [ [ 18.666351759000065, 59.45656972900008 ], [ 18.735524936000047, 59.458482164000031 ], [ 18.709564649000072, 59.449286200000074 ], [ 18.72006269600007, 59.44476959800005 ], [ 18.711680535000085, 59.441758531000062 ], [ 18.642425977000073, 59.440293687000064 ], [ 18.666351759000065, 59.45656972900008 ] ] ] } },
{ "type": "Feature", "properties": { }, "geometry": { "type": "Polygon", "coordinates": [ [ [ 18.825368686000047, 59.481024481000077 ], [ 18.824392123000052, 59.473456122000073 ], [ 18.714121941000087, 59.464178778000075 ], [ 18.707855665000068, 59.470322984000063 ], [ 18.825368686000047, 59.481024481000077 ] ] ] } },
{ "type": "Feature", "properties": { }, "geometry": { "type": "Polygon", "coordinates": [ [ [ 19.163177931000064, 59.499375718000067 ], [ 19.176198764000048, 59.504014390000066 ], [ 19.16179446700005, 59.492010809000078 ], [ 19.163177931000064, 59.499375718000067 ] ] ] } },
{ "type": "Feature", "properties": { }, "geometry": { "type": "Polygon", "coordinates": [ [ [ 19.076345248000052, 59.575791734000063 ], [ 19.052256707000083, 59.564683335000041 ], [ 19.021657748000052, 59.572658596000053 ], [ 19.051605665000068, 59.57994212400007 ], [ 19.076345248000052, 59.575791734000063 ] ] ] } },
{ "type": "Feature", "properties": { }, "geometry": { "type": "Polygon", "coordinates": [ [ [ 19.174245639000048, 59.600490627000056 ], [ 19.181813998000052, 59.593451239000046 ], [ 19.140879754000082, 59.582790432000081 ], [ 19.174245639000048, 59.600490627000056 ] ] ] } },
{ "type": "Feature", "properties": { }, "geometry": { "type": "Polygon", "coordinates": [ [ [ 19.245941602000073, 59.608954169000071 ], [ 19.25562584700009, 59.612087307000081 ], [ 19.241140170000051, 59.600734768000052 ], [ 19.245941602000073, 59.608954169000071 ] ] ] } },
{ "type": "Feature", "properties": { }, "geometry": { "type": "Polygon", "coordinates": [ [ [ 19.050303582000083, 59.63812897300005 ], [ 19.020355665000068, 59.64288971600007 ], [ 19.035004102000073, 59.655056057000081 ], [ 19.050222201000054, 59.646551825000074 ], [ 19.050303582000083, 59.63812897300005 ] ] ] } },
{ "type": "Feature", "properties": { }, "geometry": { "type": "Polygon", "coordinates": [ [ [ 19.147146030000044, 59.648871161000045 ], [ 19.127614780000044, 59.65538157800006 ], [ 19.123627149000072, 59.65851471600007 ], [ 19.135915561000047, 59.663112697000031 ], [ 19.156260613000086, 59.654242255000042 ], [ 19.147146030000044, 59.648871161000045 ] ] ] } },
{ "type": "Feature", "properties": { }, "geometry": { "type": "Polygon", "coordinates": [ [ [ 19.195567254000082, 59.66860586100006 ], [ 19.19695071700005, 59.662298895000049 ], [ 19.177663608000046, 59.65928782800006 ], [ 19.178396030000044, 59.669948635000083 ], [ 19.195567254000082, 59.66860586100006 ] ] ] } },
{ "type": "Feature", "properties": { }, "geometry": { "type": "Polygon", "coordinates": [ [ [ 19.162608269000089, 59.676296291000085 ], [ 19.162282748000052, 59.674383856000077 ], [ 19.16146894600007, 59.675197658000059 ], [ 19.162608269000089, 59.676296291000085 ] ] ] } },
{ "type": "Feature", "properties": { }, "geometry": { "type": "Polygon", "coordinates": [ [ [ 18.886729363000086, 59.676581122000073 ], [ 18.901540561000047, 59.665676174000055 ], [ 18.887380405000044, 59.657294012000079 ], [ 18.844493035000085, 59.661485093000067 ], [ 18.850596550000091, 59.67133209800005 ], [ 18.886729363000086, 59.676581122000073 ] ] ] } },
{ "type": "Feature", "properties": { }, "geometry": { "type": "Polygon", "coordinates": [ [ [ 19.403005405000044, 59.703680731000077 ], [ 19.395192905000044, 59.702460028000075 ], [ 19.408539259000065, 59.70929596600007 ], [ 19.403005405000044, 59.703680731000077 ] ] ] } },
{ "type": "Feature", "properties": { }, "geometry": { "type": "Polygon", "coordinates": [ [ [ 19.135183139000048, 59.740505276000079 ], [ 19.107920769000089, 59.751532294000071 ], [ 19.111827019000089, 59.757717190000051 ], [ 19.15202884200005, 59.748317776000079 ], [ 19.135183139000048, 59.740505276000079 ] ] ] } },
{ "type": "Feature", "properties": { }, "geometry": { "type": "Polygon", "coordinates": [ [ [ 22.936940951000054, 59.777126369000086 ], [ 22.950205925000091, 59.773179429000038 ], [ 22.948741082000083, 59.764064846000053 ], [ 22.934987826000054, 59.770371812000064 ], [ 22.936940951000054, 59.777126369000086 ] ] ] } },
{ "type": "Feature", "properties": { }, "geometry": { "type": "Polygon", "coordinates": [ [ [ 21.382985873000052, 59.783107815000051 ], [ 21.372162306000064, 59.774033921000068 ], [ 21.365733269000089, 59.784531968000067 ], [ 21.373057488000086, 59.785223700000074 ], [ 21.382985873000052, 59.783107815000051 ] ] ] } },
{ "type": "Feature", "properties": { }, "geometry": { "type": "Polygon", "coordinates": [ [ [ 19.19898522200009, 59.783433335000041 ], [ 19.17937259200005, 59.761379299000055 ], [ 19.157806837000066, 59.773708401000079 ], [ 19.177175326000054, 59.784531968000067 ], [ 19.19898522200009, 59.783433335000041 ] ] ] } },
{ "type": "Feature", "properties": { }, "geometry": { "type": "Polygon", "coordinates": [ [ [ 19.10710696700005, 59.786485093000067 ], [ 19.094493035000085, 59.775132554000038 ], [ 19.079112175000091, 59.777858791000085 ], [ 19.077972852000073, 59.785915432000081 ], [ 19.089691602000073, 59.791612046000068 ], [ 19.10710696700005, 59.786485093000067 ] ] ] } },
{ "type": "Feature", "properties": { }, "geometry": { "type": "Polygon", "coordinates": [ [ [ 22.33725019600007, 59.810655015000066 ], [ 22.319590691000087, 59.801581122000073 ], [ 22.312347852000073, 59.809149481000077 ], [ 22.319590691000087, 59.827785549000055 ], [ 22.33725019600007, 59.810655015000066 ] ] ] } },
{ "type": "Feature", "properties": { }, "geometry": { "type": "Polygon", "coordinates": [ [ [ 23.553314649000072, 59.826931057000081 ], [ 23.574392123000052, 59.831935940000051 ], [ 23.573496941000087, 59.818874416000085 ], [ 23.553314649000072, 59.826931057000081 ] ] ] } },
{ "type": "Feature", "properties": { }, "geometry": { "type": "Polygon", "coordinates": [ [ [ 21.640879754000082, 59.834702867000033 ], [ 21.629323764000048, 59.827012437000064 ], [ 21.56804446700005, 59.818589585000041 ], [ 21.59538821700005, 59.831813869000086 ], [ 21.640879754000082, 59.834702867000033 ] ] ] } },
{ "type": "Feature", "properties": { }, "geometry": { "type": "Polygon", "coordinates": [ [ [ 19.915293816000087, 59.839422919000071 ], [ 19.927989129000082, 59.840521552000041 ], [ 19.922129754000082, 59.83506907800006 ], [ 19.915293816000087, 59.839422919000071 ] ] ] } },
{ "type": "Feature", "properties": { }, "geometry": { "type": "Polygon", "coordinates": [ [ [ 22.388682488000086, 59.85850657800006 ], [ 22.40593509200005, 59.853420315000051 ], [ 22.401052280000044, 59.842352606000077 ], [ 22.375417514000048, 59.84796784100007 ], [ 22.388682488000086, 59.85850657800006 ] ] ] } },
{ "type": "Feature", "properties": { }, "geometry": { "type": "Polygon", "coordinates": [ [ [ 22.070811394000089, 59.859971421000068 ], [ 22.097097201000054, 59.863308010000083 ], [ 22.067312045000051, 59.85655345300006 ], [ 22.070811394000089, 59.859971421000068 ] ] ] } },
{ "type": "Feature", "properties": { }, "geometry": { "type": "Polygon", "coordinates": [ [ [ 19.097259962000066, 59.828070380000042 ], [ 19.092621290000068, 59.837469794000071 ], [ 19.113373243000069, 59.858099677000041 ], [ 19.140147332000083, 59.860337632000039 ], [ 19.136647983000046, 59.846828518000052 ], [ 19.097259962000066, 59.828070380000042 ] ] ] } },
{ "type": "Feature", "properties": { }, "geometry": { "type": "Polygon", "coordinates": [ [ [ 27.194834832000083, 59.864528713000084 ], [ 27.216807488000086, 59.854396877000056 ], [ 27.219330274000072, 59.841213283000059 ], [ 27.188568556000064, 59.834947007000039 ], [ 27.176361524000072, 59.841376044000071 ], [ 27.175303582000083, 59.856716213000084 ], [ 27.194834832000083, 59.864528713000084 ] ] ] } },
{ "type": "Feature", "properties": { }, "geometry": { "type": "Polygon", "coordinates": [ [ [ 21.950043165000068, 59.865912177000041 ], [ 21.961599155000044, 59.868394273000035 ], [ 21.958994988000086, 59.859401760000083 ], [ 21.950043165000068, 59.865912177000041 ] ] ] } },
{ "type": "Feature", "properties": { }, "geometry": { "type": "Polygon", "coordinates": [ [ [ 5.56999759200005, 59.821926174000055 ], [ 5.554535352000073, 59.862941799000055 ], [ 5.589121941000087, 59.872951565000051 ], [ 5.615814649000072, 59.853094794000071 ], [ 5.599131707000083, 59.839870510000083 ], [ 5.591319207000083, 59.817165432000081 ], [ 5.580739780000044, 59.814195054000038 ], [ 5.56999759200005, 59.821926174000055 ] ] ] } },
{ "type": "Feature", "properties": { }, "geometry": { "type": "Polygon", "coordinates": [ [ [ 22.18327884200005, 59.876125393000052 ], [ 22.205495639000048, 59.868150132000039 ], [ 22.172862175000091, 59.869899807000081 ], [ 22.18327884200005, 59.876125393000052 ] ] ] } },
{ "type": "Feature", "properties": { }, "geometry": { "type": "Polygon", "coordinates": [ [ [ 23.368093295000051, 59.886094468000067 ], [ 23.432220899000072, 59.879746812000064 ], [ 23.411224806000064, 59.866848049000055 ], [ 23.369069858000046, 59.861558335000041 ], [ 23.361175977000073, 59.868190822000031 ], [ 23.37077884200005, 59.873846747000073 ], [ 23.360036655000044, 59.881008205000057 ], [ 23.368093295000051, 59.886094468000067 ] ] ] } },
{ "type": "Feature", "properties": { }, "geometry": { "type": "Polygon", "coordinates": [ [ [ 23.330495639000048, 59.88812897300005 ], [ 23.318532748000052, 59.882432359000063 ], [ 23.28451582100007, 59.889349677000041 ], [ 23.312510613000086, 59.893093166000085 ], [ 23.330495639000048, 59.88812897300005 ] ] ] } },
{ "type": "Feature", "properties": { }, "geometry": { "type": "Polygon", "coordinates": [ [ [ 22.476980014000048, 59.887396552000041 ], [ 22.524017774000072, 59.899155992000033 ], [ 22.531586134000065, 59.897243557000081 ], [ 22.522471550000091, 59.886664130000042 ], [ 22.477386915000068, 59.875270901000079 ], [ 22.476980014000048, 59.887396552000041 ] ] ] } },
{ "type": "Feature", "properties": { }, "geometry": { "type": "Polygon", "coordinates": [ [ [ 22.556976759000065, 59.906805731000077 ], [ 22.545746290000068, 59.896307684000078 ], [ 22.541026238000086, 59.901434637000079 ], [ 22.54273522200009, 59.907985744000086 ], [ 22.556976759000065, 59.906805731000077 ] ] ] } },
{ "type": "Feature", "properties": { }, "geometry": { "type": "Polygon", "coordinates": [ [ [ 21.455088738000086, 59.911281643000052 ], [ 21.466807488000086, 59.911118882000039 ], [ 21.461924675000091, 59.902411200000074 ], [ 21.455088738000086, 59.911281643000052 ] ] ] } },
{ "type": "Feature", "properties": { }, "geometry": { "type": "Polygon", "coordinates": [ [ [ 23.125417514000048, 59.912990627000056 ], [ 23.125010613000086, 59.89756907800006 ], [ 23.110036655000044, 59.896389065000051 ], [ 23.098806186000047, 59.911363023000035 ], [ 23.102224155000044, 59.92100657800006 ], [ 23.125417514000048, 59.912990627000056 ] ] ] } },
{ "type": "Feature", "properties": { }, "geometry": { "type": "Polygon", "coordinates": [ [ [ 22.385264519000089, 59.922349351000037 ], [ 22.356944207000083, 59.905503648000035 ], [ 22.350271030000044, 59.909043687000064 ], [ 22.37077884200005, 59.924180406000062 ], [ 22.385264519000089, 59.922349351000037 ] ] ] } },
{ "type": "Feature", "properties": { }, "geometry": { "type": "Polygon", "coordinates": [ [ [ 21.781911655000044, 59.930568752000056 ], [ 21.80046634200005, 59.922756252000056 ], [ 21.787852410000085, 59.912461656000062 ], [ 21.779714389000048, 59.919541734000063 ], [ 21.781911655000044, 59.930568752000056 ] ] ] } },
{ "type": "Feature", "properties": { }, "geometry": { "type": "Polygon", "coordinates": [ [ [ 22.463389519000089, 59.941473700000074 ], [ 22.47234134200005, 59.936794338000084 ], [ 22.477549675000091, 59.917263088000084 ], [ 22.459646030000044, 59.924668687000064 ], [ 22.463389519000089, 59.941473700000074 ] ] ] } },
{ "type": "Feature", "properties": { }, "geometry": { "type": "Polygon", "coordinates": [ [ [ 22.567149285000085, 59.952826239000046 ], [ 22.586599155000044, 59.955633856000077 ], [ 22.556895379000082, 59.944159247000073 ], [ 22.567149285000085, 59.952826239000046 ] ] ] } },
{ "type": "Feature", "properties": { }, "geometry": { "type": "Polygon", "coordinates": [ [ [ 21.627614780000044, 59.948472398000035 ], [ 21.59701582100007, 59.955349026000079 ], [ 21.60678144600007, 59.959255276000079 ], [ 21.627614780000044, 59.948472398000035 ] ] ] } },
{ "type": "Feature", "properties": { }, "geometry": { "type": "Polygon", "coordinates": [ [ [ 22.615163608000046, 59.962632554000038 ], [ 22.651133660000085, 59.948391018000052 ], [ 22.639659050000091, 59.945217190000051 ], [ 22.643321160000085, 59.93585846600007 ], [ 22.58920332100007, 59.958766994000086 ], [ 22.615163608000046, 59.962632554000038 ] ] ] } },
{ "type": "Feature", "properties": { }, "geometry": { "type": "Polygon", "coordinates": [ [ [ 22.343597852000073, 59.933091539000031 ], [ 22.330332879000082, 59.948268947000031 ], [ 22.334564649000072, 59.960028387000079 ], [ 22.369151238000086, 59.959743557000081 ], [ 22.370046420000051, 59.949042059000078 ], [ 22.343597852000073, 59.933091539000031 ] ] ] } },
{ "type": "Feature", "properties": { }, "geometry": { "type": "Polygon", "coordinates": [ [ [ 21.787933790000068, 59.958278713000084 ], [ 21.767507358000046, 59.94399648600006 ], [ 21.74968509200005, 59.94485097900008 ], [ 21.760752800000091, 59.952134507000039 ], [ 21.756683790000068, 59.964422919000071 ], [ 21.787933790000068, 59.958278713000084 ] ] ] } },
{ "type": "Feature", "properties": { }, "geometry": { "type": "Polygon", "coordinates": [ [ [ 21.297455274000072, 59.978583075000074 ], [ 21.294362826000054, 59.971543687000064 ], [ 21.289073113000086, 59.977769273000035 ], [ 21.297455274000072, 59.978583075000074 ] ] ] } },
{ "type": "Feature", "properties": { }, "geometry": { "type": "Polygon", "coordinates": [ [ [ 22.502614780000044, 59.969102281000062 ], [ 22.517181837000066, 59.986110744000086 ], [ 22.543304884000065, 59.984605210000041 ], [ 22.556813998000052, 59.973700262000079 ], [ 22.508148634000065, 59.958929755000042 ], [ 22.502614780000044, 59.969102281000062 ] ] ] } },
{ "type": "Feature", "properties": { }, "geometry": { "type": "Polygon", "coordinates": [ [ [ 22.41570071700005, 59.923570054000038 ], [ 22.401784701000054, 59.927150783000059 ], [ 22.393483920000051, 59.948635158000059 ], [ 22.417572462000066, 59.963283596000053 ], [ 22.41342207100007, 59.971543687000064 ], [ 22.445404493000069, 59.986476955000057 ], [ 22.454193556000064, 59.976223049000055 ], [ 22.465830925000091, 59.976223049000055 ], [ 22.463226759000065, 59.96234772300005 ], [ 22.43295332100007, 59.964911200000074 ], [ 22.41570071700005, 59.923570054000038 ] ] ] } },
{ "type": "Feature", "properties": { }, "geometry": { "type": "Polygon", "coordinates": [ [ [ 22.607351108000046, 59.971055406000062 ], [ 22.606537306000064, 59.979437567000048 ], [ 22.62077884200005, 59.990668036000045 ], [ 22.649261915000068, 59.966579494000086 ], [ 22.635264519000089, 59.960842190000051 ], [ 22.607351108000046, 59.971055406000062 ] ] ] } },
{ "type": "Feature", "properties": { }, "geometry": { "type": "Polygon", "coordinates": [ [ [ 22.372894727000073, 59.994411526000079 ], [ 22.34734134200005, 59.965602932000081 ], [ 22.338633660000085, 59.971055406000062 ], [ 22.34734134200005, 59.988267320000034 ], [ 22.368662957000083, 59.998155015000066 ], [ 22.372894727000073, 59.994411526000079 ] ] ] } },
{ "type": "Feature", "properties": { }, "geometry": { "type": "Polygon", "coordinates": [ [ [ 5.194834832000083, 60.014390367000033 ], [ 5.21656334700009, 59.987250067000048 ], [ 5.201752149000072, 59.97610097900008 ], [ 5.141205274000072, 59.96592845300006 ], [ 5.12240644600007, 59.968003648000035 ], [ 5.097504102000073, 59.991848049000055 ], [ 5.177989129000082, 60.017075914000031 ], [ 5.194834832000083, 60.014390367000033 ] ] ] } },
{ "type": "Feature", "properties": { }, "geometry": { "type": "Polygon", "coordinates": [ [ [ 20.86491946700005, 60.015651760000083 ], [ 20.848317905000044, 60.022609768000052 ], [ 20.869151238000086, 60.023220119000086 ], [ 20.86491946700005, 60.015651760000083 ] ] ] } },
{ "type": "Feature", "properties": { }, "geometry": { "type": "Polygon", "coordinates": [ [ [ 20.009857618000069, 60.023220119000086 ], [ 20.015472852000073, 60.010768947000031 ], [ 19.99382571700005, 60.006781317000048 ], [ 19.985850457000083, 60.00962962400007 ], [ 19.987315300000091, 60.01939524900007 ], [ 19.959239129000082, 60.032945054000038 ], [ 20.009857618000069, 60.023220119000086 ] ] ] } },
{ "type": "Feature", "properties": { }, "geometry": { "type": "Polygon", "coordinates": [ [ [ 21.461599155000044, 60.035060940000051 ], [ 21.471202019000089, 60.033351955000057 ], [ 21.471202019000089, 60.025987046000068 ], [ 21.458018425000091, 60.025295315000051 ], [ 21.461599155000044, 60.035060940000051 ] ] ] } },
{ "type": "Feature", "properties": { }, "geometry": { "type": "Polygon", "coordinates": [ [ [ 28.387868686000047, 60.029120184000078 ], [ 28.385427280000044, 60.003892320000034 ], [ 28.374929233000046, 60.007717190000051 ], [ 28.36068769600007, 60.023586330000057 ], [ 28.36304772200009, 60.038153387000079 ], [ 28.387868686000047, 60.029120184000078 ] ] ] } },
{ "type": "Feature", "properties": { }, "geometry": { "type": "Polygon", "coordinates": [ [ [ 22.924408399000072, 60.004828192000048 ], [ 22.904388868000069, 60.013739325000074 ], [ 22.919037306000064, 60.022406317000048 ], [ 22.932465040000068, 60.045030015000066 ], [ 22.955821160000085, 60.049750067000048 ], [ 22.973399285000085, 60.035834052000041 ], [ 22.924408399000072, 60.004828192000048 ] ] ] } },
{ "type": "Feature", "properties": { }, "geometry": { "type": "Polygon", "coordinates": [ [ [ 22.800384962000066, 60.045070705000057 ], [ 22.815114780000044, 60.047349351000037 ], [ 22.810883009000065, 60.032131252000056 ], [ 22.800384962000066, 60.045070705000057 ] ] ] } },
{ "type": "Feature", "properties": { }, "geometry": { "type": "Polygon", "coordinates": [ [ [ 20.396983269000089, 60.049261786000045 ], [ 20.366058790000068, 60.03351471600007 ], [ 20.362071160000085, 60.038153387000079 ], [ 20.374278191000087, 60.053574937000064 ], [ 20.396983269000089, 60.049261786000045 ] ] ] } },
{ "type": "Feature", "properties": { }, "geometry": { "type": "Polygon", "coordinates": [ [ [ 20.808197462000066, 60.076849677000041 ], [ 20.82162519600007, 60.065781968000067 ], [ 20.794037306000064, 60.066310940000051 ], [ 20.808197462000066, 60.076849677000041 ] ] ] } },
{ "type": "Feature", "properties": { }, "geometry": { "type": "Polygon", "coordinates": [ [ [ 21.375905795000051, 60.072617906000062 ], [ 21.364105665000068, 60.073716539000031 ], [ 21.352956576000054, 60.07603587400007 ], [ 21.36459394600007, 60.079413153000075 ], [ 21.375905795000051, 60.072617906000062 ] ] ] } },
{ "type": "Feature", "properties": { }, "geometry": { "type": "Polygon", "coordinates": [ [ [ 20.350759311000047, 60.083319403000075 ], [ 20.345144076000054, 60.066921291000085 ], [ 20.325043165000068, 60.072292385000083 ], [ 20.335134311000047, 60.084540106000077 ], [ 20.350759311000047, 60.083319403000075 ] ] ] } },
{ "type": "Feature", "properties": { }, "geometry": { "type": "Polygon", "coordinates": [ [ [ 20.734548373000052, 60.090643622000073 ], [ 20.729909701000054, 60.07680898600006 ], [ 20.711924675000091, 60.08266836100006 ], [ 20.734548373000052, 60.090643622000073 ] ] ] } },
{ "type": "Feature", "properties": { }, "geometry": { "type": "Polygon", "coordinates": [ [ [ 20.486175977000073, 60.104722398000035 ], [ 20.52320397200009, 60.112860419000071 ], [ 20.568288608000046, 60.105902411000045 ], [ 20.564056837000066, 60.093654690000051 ], [ 20.486175977000073, 60.104722398000035 ] ] ] } },
{ "type": "Feature", "properties": { }, "geometry": { "type": "Polygon", "coordinates": [ [ [ 5.087982618000069, 60.14170970300006 ], [ 5.086761915000068, 60.127752997000073 ], [ 5.056569858000046, 60.122259833000044 ], [ 5.069346550000091, 60.117946682000081 ], [ 5.066823764000048, 60.111680406000062 ], [ 5.038503451000054, 60.116685289000031 ], [ 5.04037519600007, 60.134914455000057 ], [ 5.087982618000069, 60.14170970300006 ] ] ] } },
{ "type": "Feature", "properties": { }, "geometry": { "type": "Polygon", "coordinates": [ [ [ 21.081065300000091, 60.147772528000075 ], [ 21.084483269000089, 60.13585032800006 ], [ 21.071136915000068, 60.132025458000044 ], [ 21.072601759000065, 60.145900783000059 ], [ 21.081065300000091, 60.147772528000075 ] ] ] } },
{ "type": "Feature", "properties": { }, "geometry": { "type": "Polygon", "coordinates": [ [ [ 25.06185957100007, 60.154079494000086 ], [ 25.072845899000072, 60.148260809000078 ], [ 25.06023196700005, 60.137559312000064 ], [ 25.028493686000047, 60.136419989000046 ], [ 25.03288821700005, 60.147935289000031 ], [ 25.06185957100007, 60.154079494000086 ] ] ] } },
{ "type": "Feature", "properties": { }, "geometry": { "type": "Polygon", "coordinates": [ [ [ 22.111501498000052, 60.153550523000035 ], [ 22.133474155000044, 60.156154690000051 ], [ 22.131195509000065, 60.140977281000062 ], [ 22.110118035000085, 60.139024156000062 ], [ 22.111501498000052, 60.153550523000035 ] ] ] } },
{ "type": "Feature", "properties": { }, "geometry": { "type": "Polygon", "coordinates": [ [ [ 21.876963738000086, 60.158921617000033 ], [ 21.913259311000047, 60.149807033000059 ], [ 21.887787306000064, 60.148220119000086 ], [ 21.899994337000066, 60.145209052000041 ], [ 21.88640384200005, 60.135280666000085 ], [ 21.832692905000044, 60.139268296000068 ], [ 21.842621290000068, 60.150905666000085 ], [ 21.876963738000086, 60.158921617000033 ] ] ] } },
{ "type": "Feature", "properties": { }, "geometry": { "type": "Polygon", "coordinates": [ [ [ 22.28256269600007, 60.161851304000038 ], [ 22.277435743000069, 60.139349677000041 ], [ 22.253103061000047, 60.129909572000031 ], [ 22.248871290000068, 60.142726955000057 ], [ 22.256114129000082, 60.15611399900007 ], [ 22.28256269600007, 60.161851304000038 ] ] ] } },
{ "type": "Feature", "properties": { }, "geometry": { "type": "Polygon", "coordinates": [ [ [ 20.28093509200005, 60.158596096000053 ], [ 20.306976759000065, 60.159450588000084 ], [ 20.314626498000052, 60.152777411000045 ], [ 20.29818769600007, 60.148342190000051 ], [ 20.28093509200005, 60.158596096000053 ] ] ] } },
{ "type": "Feature", "properties": { }, "geometry": { "type": "Polygon", "coordinates": [ [ [ 21.306162957000083, 60.16905345300006 ], [ 21.316254102000073, 60.159450588000084 ], [ 21.29664147200009, 60.148871161000045 ], [ 21.297455274000072, 60.16274648600006 ], [ 21.306162957000083, 60.16905345300006 ] ] ] } },
{ "type": "Feature", "properties": { }, "geometry": { "type": "Polygon", "coordinates": [ [ [ 20.567067905000044, 60.15611399900007 ], [ 20.591726108000046, 60.169663804000038 ], [ 20.608978712000066, 60.162217515000066 ], [ 20.567067905000044, 60.15611399900007 ] ] ] } },
{ "type": "Feature", "properties": { }, "geometry": { "type": "Polygon", "coordinates": [ [ [ 5.327565951000054, 60.176540432000081 ], [ 5.348643425000091, 60.164862372000073 ], [ 5.346364780000044, 60.155544338000084 ], [ 5.330332879000082, 60.138861395000049 ], [ 5.302663608000046, 60.153550523000035 ], [ 5.288096550000091, 60.144761460000041 ], [ 5.283050977000073, 60.154120184000078 ], [ 5.327565951000054, 60.176540432000081 ] ] ] } },
{ "type": "Feature", "properties": { }, "geometry": { "type": "Polygon", "coordinates": [ [ [ 20.347748243000069, 60.177842515000066 ], [ 20.350433790000068, 60.168890692000048 ], [ 20.339447462000066, 60.16046784100007 ], [ 20.31771894600007, 60.162787177000041 ], [ 20.347748243000069, 60.177842515000066 ] ] ] } },
{ "type": "Feature", "properties": { }, "geometry": { "type": "Polygon", "coordinates": [ [ [ 6.895192905000044, 53.651434637000079 ], [ 6.921804233000046, 53.641953843000067 ], [ 6.893728061000047, 53.623195705000057 ], [ 6.865977410000085, 53.633775132000039 ], [ 6.867116733000046, 53.64756907800006 ], [ 6.895192905000044, 53.651434637000079 ] ] ] } },
{ "type": "Feature", "properties": { }, "geometry": { "type": "Polygon", "coordinates": [ [ [ 8.681976759000065, 54.080430406000062 ], [ 8.692881707000083, 54.056789455000057 ], [ 8.686127149000072, 54.042222398000035 ], [ 8.673431837000066, 54.044704494000086 ], [ 8.658864780000044, 54.064276434000078 ], [ 8.665944858000046, 54.07603587400007 ], [ 8.681976759000065, 54.080430406000062 ] ] ] } },
{ "type": "Feature", "properties": { }, "geometry": { "type": "Polygon", "coordinates": [ [ [ 11.560476108000046, 54.979478257000039 ], [ 11.562917514000048, 54.967800197000088 ], [ 11.538991733000046, 54.947617906000062 ], [ 11.497894727000073, 54.979437567000048 ], [ 11.51889082100007, 54.984971421000068 ], [ 11.560476108000046, 54.979478257000039 ] ] ] } },
{ "type": "Feature", "properties": { }, "geometry": { "type": "Polygon", "coordinates": [ [ [ 15.193858269000089, 55.319688218000067 ], [ 15.193207227000073, 55.31594472900008 ], [ 15.191335483000046, 55.322821356000077 ], [ 15.193858269000089, 55.319688218000067 ] ] ] } },
{ "type": "Feature", "properties": { }, "geometry": { "type": "Polygon", "coordinates": [ [ [ 12.786957227000073, 55.622015692000048 ], [ 12.766693556000064, 55.607367255000042 ], [ 12.743662957000083, 55.624090887000079 ], [ 12.734466993000069, 55.635606187000064 ], [ 12.743662957000083, 55.662339585000041 ], [ 12.762054884000065, 55.671169338000084 ], [ 12.779633009000065, 55.660874742000033 ], [ 12.786957227000073, 55.622015692000048 ] ] ] } },
{ "type": "Feature", "properties": { }, "geometry": { "type": "Polygon", "coordinates": [ [ [ 10.313161655000044, 55.742336330000057 ], [ 10.245290561000047, 55.748724677000041 ], [ 10.23804772200009, 55.752752997000073 ], [ 10.294769727000073, 55.763373114000046 ], [ 10.313161655000044, 55.788397528000075 ], [ 10.326019727000073, 55.76235586100006 ], [ 10.313161655000044, 55.742336330000057 ] ] ] } },
{ "type": "Feature", "properties": { }, "geometry": { "type": "Polygon", "coordinates": [ [ [ 12.721690300000091, 55.909654039000031 ], [ 12.72429446700005, 55.90180084800005 ], [ 12.703135613000086, 55.889349677000041 ], [ 12.67156009200005, 55.912827867000033 ], [ 12.686615431000064, 55.921128648000035 ], [ 12.721690300000091, 55.909654039000031 ] ] ] } },
{ "type": "Feature", "properties": { }, "geometry": { "type": "Polygon", "coordinates": [ [ [ 14.833994988000086, 56.017808335000041 ], [ 14.85482832100007, 56.013332424000055 ], [ 14.841644727000073, 56.000515041000085 ], [ 14.833994988000086, 56.017808335000041 ] ] ] } },
{ "type": "Feature", "properties": { }, "geometry": { "type": "Polygon", "coordinates": [ [ [ 15.782318556000064, 56.027329820000034 ], [ 15.809825066000087, 56.03233470300006 ], [ 15.78874759200005, 56.012396552000041 ], [ 15.773041212000066, 56.021755276000079 ], [ 15.783702019000089, 56.03428782800006 ], [ 15.78882897200009, 56.036078192000048 ], [ 15.782318556000064, 56.027329820000034 ] ] ] } },
{ "type": "Feature", "properties": { }, "geometry": { "type": "Polygon", "coordinates": [ [ [ 14.97982832100007, 56.125474351000037 ], [ 14.973887566000087, 56.110825914000031 ], [ 14.953949415000068, 56.122992255000042 ], [ 14.963959181000064, 56.121446031000062 ], [ 14.97982832100007, 56.125474351000037 ] ] ] } },
{ "type": "Feature", "properties": { }, "geometry": { "type": "Polygon", "coordinates": [ [ [ 15.484792514000048, 56.108750718000067 ], [ 15.464935743000069, 56.095770575000074 ], [ 15.437510613000086, 56.106919664000031 ], [ 15.455007358000046, 56.119899807000081 ], [ 15.481293165000068, 56.125759182000081 ], [ 15.488780144000089, 56.122219143000052 ], [ 15.484792514000048, 56.108750718000067 ] ] ] } },
{ "type": "Feature", "properties": { }, "geometry": { "type": "Polygon", "coordinates": [ [ [ 15.565684441000087, 56.118516343000067 ], [ 15.556488477000073, 56.10024648600006 ], [ 15.521494988000086, 56.102728583000044 ], [ 15.513926629000082, 56.110541083000044 ], [ 15.527354363000086, 56.128607489000046 ], [ 15.565684441000087, 56.118516343000067 ] ] ] } },
{ "type": "Feature", "properties": { }, "geometry": { "type": "Polygon", "coordinates": [ [ [ 15.635020379000082, 56.133490302000041 ], [ 15.627777540000068, 56.103501695000034 ], [ 15.608571811000047, 56.097886460000041 ], [ 15.593679233000046, 56.110378322000031 ], [ 15.621755405000044, 56.133612372000073 ], [ 15.635020379000082, 56.133490302000041 ] ] ] } },
{ "type": "Feature", "properties": { }, "geometry": { "type": "Polygon", "coordinates": [ [ [ 15.777191602000073, 56.123561916000085 ], [ 15.756276889000048, 56.107407945000034 ], [ 15.714691602000073, 56.132635809000078 ], [ 15.737152540000068, 56.14008209800005 ], [ 15.773448113000086, 56.133937893000052 ], [ 15.777191602000073, 56.123561916000085 ] ] ] } },
{ "type": "Feature", "properties": { }, "geometry": { "type": "Polygon", "coordinates": [ [ [ 15.393239780000044, 56.162543036000045 ], [ 15.406748894000089, 56.155544338000084 ], [ 15.400563998000052, 56.145086981000077 ], [ 15.393239780000044, 56.148830471000053 ], [ 15.393239780000044, 56.162543036000045 ] ] ] } },
{ "type": "Feature", "properties": { }, "geometry": { "type": "Polygon", "coordinates": [ [ [ 22.261892123000052, 60.174058335000041 ], [ 22.207692905000044, 60.163356838000084 ], [ 22.195648634000065, 60.170396226000037 ], [ 22.209727410000085, 60.178900458000044 ], [ 22.261892123000052, 60.174058335000041 ] ] ] } },
{ "type": "Feature", "properties": { }, "geometry": { "type": "Polygon", "coordinates": [ [ [ 20.414805535000085, 60.171657619000086 ], [ 20.428884311000047, 60.183294989000046 ], [ 20.440033399000072, 60.171535549000055 ], [ 20.426442905000044, 60.160305080000057 ], [ 20.393565300000091, 60.15884023600006 ], [ 20.395274285000085, 60.168117580000057 ], [ 20.414805535000085, 60.171657619000086 ] ] ] } },
{ "type": "Feature", "properties": { }, "geometry": { "type": "Polygon", "coordinates": [ [ [ 22.146332227000073, 60.193019924000055 ], [ 22.139496290000068, 60.180650132000039 ], [ 22.092214389000048, 60.170640367000033 ], [ 22.129079623000052, 60.193426825000074 ], [ 22.146332227000073, 60.193019924000055 ] ] ] } },
{ "type": "Feature", "properties": { }, "geometry": { "type": "Polygon", "coordinates": [ [ [ 21.651621941000087, 60.198146877000056 ], [ 21.661957227000073, 60.186387437000064 ], [ 21.627777540000068, 60.185329494000086 ], [ 21.601410352000073, 60.20148346600007 ], [ 21.651621941000087, 60.198146877000056 ] ] ] } },
{ "type": "Feature", "properties": { }, "geometry": { "type": "Polygon", "coordinates": [ [ [ 19.326263868000069, 60.20258209800005 ], [ 19.344167514000048, 60.199571031000062 ], [ 19.338552280000044, 60.190741278000075 ], [ 19.326263868000069, 60.20258209800005 ] ] ] } },
{ "type": "Feature", "properties": { }, "geometry": { "type": "Polygon", "coordinates": [ [ [ 18.561778191000087, 60.203599351000037 ], [ 18.589772983000046, 60.213771877000056 ], [ 18.625254754000082, 60.199571031000062 ], [ 18.593190951000054, 60.188869533000059 ], [ 18.561778191000087, 60.203599351000037 ] ] ] } },
{ "type": "Feature", "properties": { }, "geometry": { "type": "Polygon", "coordinates": [ [ [ 18.552989129000082, 60.188421942000048 ], [ 18.496674024000072, 60.20656972900008 ], [ 18.474538608000046, 60.225002346000053 ], [ 18.550710483000046, 60.209947007000039 ], [ 18.552989129000082, 60.188421942000048 ] ] ] } },
{ "type": "Feature", "properties": { }, "geometry": { "type": "Polygon", "coordinates": [ [ [ 20.99545332100007, 60.224107164000031 ], [ 21.00554446700005, 60.224229234000063 ], [ 21.002777540000068, 60.21592845300006 ], [ 20.996755405000044, 60.216620184000078 ], [ 20.99545332100007, 60.224107164000031 ] ] ] } },
{ "type": "Feature", "properties": { }, "geometry": { "type": "Polygon", "coordinates": [ [ [ 20.277354363000086, 60.184149481000077 ], [ 20.252940300000091, 60.180161851000037 ], [ 20.252533399000072, 60.188096421000068 ], [ 20.292246941000087, 60.217556057000081 ], [ 20.317230665000068, 60.223781643000052 ], [ 20.312836134000065, 60.200262762000079 ], [ 20.302175326000054, 60.193182684000078 ], [ 20.289235873000052, 60.195908921000068 ], [ 20.277354363000086, 60.184149481000077 ] ] ] } },
{ "type": "Feature", "properties": { }, "geometry": { "type": "Polygon", "coordinates": [ [ [ 22.310883009000065, 60.207627671000068 ], [ 22.307627800000091, 60.214219468000067 ], [ 22.334564649000072, 60.228420315000051 ], [ 22.37045332100007, 60.226629950000074 ], [ 22.336680535000085, 60.208156643000052 ], [ 22.310883009000065, 60.207627671000068 ] ] ] } },
{ "type": "Feature", "properties": { }, "geometry": { "type": "Polygon", "coordinates": [ [ [ 20.731293165000068, 60.251166083000044 ], [ 20.746592644000089, 60.22797272300005 ], [ 20.735036655000044, 60.219549872000073 ], [ 20.731293165000068, 60.251166083000044 ] ] ] } },
{ "type": "Feature", "properties": { }, "geometry": { "type": "Polygon", "coordinates": [ [ [ 22.066416863000086, 60.228094794000071 ], [ 22.045502149000072, 60.24563222900008 ], [ 22.066254102000073, 60.252997137000079 ], [ 22.089366082000083, 60.243557033000059 ], [ 22.066416863000086, 60.228094794000071 ] ] ] } },
{ "type": "Feature", "properties": { }, "geometry": { "type": "Polygon", "coordinates": [ [ [ 21.775563998000052, 60.26125722900008 ], [ 21.785166863000086, 60.252793687000064 ], [ 21.752696160000085, 60.244899807000081 ], [ 21.754649285000085, 60.257106838000084 ], [ 21.775563998000052, 60.26125722900008 ] ] ] } },
{ "type": "Feature", "properties": { }, "geometry": { "type": "Polygon", "coordinates": [ [ [ 21.695567254000082, 60.261989651000079 ], [ 21.71656334700009, 60.263047593000067 ], [ 21.703623894000089, 60.254299221000053 ], [ 21.691009962000066, 60.25539785400008 ], [ 21.695567254000082, 60.261989651000079 ] ] ] } },
{ "type": "Feature", "properties": { }, "geometry": { "type": "Polygon", "coordinates": [ [ [ 19.495127800000091, 60.231838283000059 ], [ 19.489675326000054, 60.244492906000062 ], [ 19.472666863000086, 60.23814524900007 ], [ 19.482676629000082, 60.269273179000038 ], [ 19.493662957000083, 60.253078518000052 ], [ 19.53256269600007, 60.264024156000062 ], [ 19.522227410000085, 60.254828192000048 ], [ 19.532725457000083, 60.235581773000035 ], [ 19.514903191000087, 60.238755601000037 ], [ 19.512054884000065, 60.249090887000079 ], [ 19.505381707000083, 60.234116929000038 ], [ 19.495127800000091, 60.231838283000059 ] ] ] } },
{ "type": "Feature", "properties": { }, "geometry": { "type": "Polygon", "coordinates": [ [ [ 18.614431186000047, 60.265611070000034 ], [ 18.600108269000089, 60.27289459800005 ], [ 18.61264082100007, 60.284531968000067 ], [ 18.641286655000044, 60.268947658000059 ], [ 18.62045332100007, 60.272243557000081 ], [ 18.614431186000047, 60.265611070000034 ] ] ] } },
{ "type": "Feature", "properties": { }, "geometry": { "type": "Polygon", "coordinates": [ [ [ 27.297699415000068, 60.283107815000051 ], [ 27.318288608000046, 60.286037502000056 ], [ 27.31023196700005, 60.277289130000042 ], [ 27.297699415000068, 60.283107815000051 ] ] ] } },
{ "type": "Feature", "properties": { }, "geometry": { "type": "Polygon", "coordinates": [ [ [ 21.38445071700005, 60.283474026000079 ], [ 21.430511915000068, 60.290391343000067 ], [ 21.446869337000066, 60.283596096000053 ], [ 21.443695509000065, 60.275010484000063 ], [ 21.426524285000085, 60.270493882000039 ], [ 21.385834181000064, 60.268622137000079 ], [ 21.380300326000054, 60.275742906000062 ], [ 21.38445071700005, 60.283474026000079 ] ] ] } },
{ "type": "Feature", "properties": { }, "geometry": { "type": "Polygon", "coordinates": [ [ [ 21.660329623000052, 60.295925197000031 ], [ 21.671722852000073, 60.283392645000049 ], [ 21.630137566000087, 60.287136135000083 ], [ 21.644867384000065, 60.298529364000046 ], [ 21.660329623000052, 60.295925197000031 ] ] ] } },
{ "type": "Feature", "properties": { }, "geometry": { "type": "Polygon", "coordinates": [ [ [ 21.838226759000065, 60.283596096000053 ], [ 21.814789259000065, 60.297634182000081 ], [ 21.856374545000051, 60.288397528000075 ], [ 21.838226759000065, 60.283596096000053 ] ] ] } },
{ "type": "Feature", "properties": { }, "geometry": { "type": "Polygon", "coordinates": [ [ [ 20.494802280000044, 60.273952541000085 ], [ 20.487233920000051, 60.27875397300005 ], [ 20.497976108000046, 60.30141836100006 ], [ 20.516449415000068, 60.28428782800006 ], [ 20.494802280000044, 60.273952541000085 ] ] ] } },
{ "type": "Feature", "properties": { }, "geometry": { "type": "Polygon", "coordinates": [ [ [ 21.711599155000044, 60.303330796000068 ], [ 21.733083530000044, 60.295599677000041 ], [ 21.714772983000046, 60.290391343000067 ], [ 21.702321811000047, 60.296942450000074 ], [ 21.711599155000044, 60.303330796000068 ] ] ] } },
{ "type": "Feature", "properties": { }, "geometry": { "type": "Polygon", "coordinates": [ [ [ 21.559336785000085, 60.284165757000039 ], [ 21.52702884200005, 60.28664785400008 ], [ 21.521006707000083, 60.289496161000045 ], [ 21.555105014000048, 60.303697007000039 ], [ 21.581065300000091, 60.29405345300006 ], [ 21.559336785000085, 60.284165757000039 ] ] ] } },
{ "type": "Feature", "properties": { }, "geometry": { "type": "Polygon", "coordinates": [ [ [ 21.046315951000054, 60.308823960000041 ], [ 21.058685743000069, 60.298122463000084 ], [ 21.052582227000073, 60.293727932000081 ], [ 21.030284050000091, 60.30499909100007 ], [ 21.046315951000054, 60.308823960000041 ] ] ] } },
{ "type": "Feature", "properties": { }, "geometry": { "type": "Polygon", "coordinates": [ [ [ 20.383474155000044, 60.309800523000035 ], [ 20.401866082000083, 60.303697007000039 ], [ 20.404795769000089, 60.273789781000062 ], [ 20.386892123000052, 60.277858791000085 ], [ 20.366709832000083, 60.303697007000039 ], [ 20.383474155000044, 60.309800523000035 ] ] ] } },
{ "type": "Feature", "properties": { }, "geometry": { "type": "Polygon", "coordinates": [ [ [ 20.99968509200005, 60.332505601000037 ], [ 20.992849155000044, 60.300563869000086 ], [ 20.970632358000046, 60.30609772300005 ], [ 20.969493035000085, 60.326564846000053 ], [ 20.98991946700005, 60.335231838000084 ], [ 20.99968509200005, 60.332505601000037 ] ] ] } },
{ "type": "Feature", "properties": { }, "geometry": { "type": "Polygon", "coordinates": [ [ [ 20.907237175000091, 60.332709052000041 ], [ 20.910655144000089, 60.344183661000045 ], [ 20.924652540000068, 60.344549872000073 ], [ 20.935476108000046, 60.313015041000085 ], [ 20.921966993000069, 60.314724026000079 ], [ 20.907237175000091, 60.332709052000041 ] ] ] } },
{ "type": "Feature", "properties": { }, "geometry": { "type": "Polygon", "coordinates": [ [ [ 20.422129754000082, 60.342515367000033 ], [ 20.389333530000044, 60.331203518000052 ], [ 20.393565300000091, 60.347601630000042 ], [ 20.422129754000082, 60.342515367000033 ] ] ] } },
{ "type": "Feature", "properties": { }, "geometry": { "type": "Polygon", "coordinates": [ [ [ 26.197438998000052, 60.317084052000041 ], [ 26.16773522200009, 60.346096096000053 ], [ 26.207367384000065, 60.344875393000052 ], [ 26.241221550000091, 60.323635158000059 ], [ 26.232025587000066, 60.316310940000051 ], [ 26.197438998000052, 60.317084052000041 ] ] ] } },
{ "type": "Feature", "properties": { }, "geometry": { "type": "Polygon", "coordinates": [ [ [ 20.371918165000068, 60.334051825000074 ], [ 20.338145379000082, 60.342637437000064 ], [ 20.338145379000082, 60.355373440000051 ], [ 20.38607832100007, 60.349636135000083 ], [ 20.371918165000068, 60.334051825000074 ] ] ] } },
{ "type": "Feature", "properties": { }, "geometry": { "type": "Polygon", "coordinates": [ [ [ 21.159271681000064, 60.359727281000062 ], [ 21.164235873000052, 60.353216864000046 ], [ 21.153249545000051, 60.340073960000041 ], [ 21.143646681000064, 60.340399481000077 ], [ 21.140879754000082, 60.348578192000048 ], [ 21.159271681000064, 60.359727281000062 ] ] ] } },
{ "type": "Feature", "properties": { }, "geometry": { "type": "Polygon", "coordinates": [ [ [ 20.292816602000073, 60.33930084800005 ], [ 20.317474806000064, 60.361232815000051 ], [ 20.33375084700009, 60.359320380000042 ], [ 20.31967207100007, 60.332180080000057 ], [ 20.292816602000073, 60.33930084800005 ] ] ] } },
{ "type": "Feature", "properties": { }, "geometry": { "type": "Polygon", "coordinates": [ [ [ 21.702321811000047, 60.33938222900008 ], [ 21.66179446700005, 60.34328847900008 ], [ 21.642832879000082, 60.358140367000033 ], [ 21.656993035000085, 60.36477285400008 ], [ 21.680511915000068, 60.36119212400007 ], [ 21.712168816000087, 60.347072658000059 ], [ 21.702321811000047, 60.33938222900008 ] ] ] } },
{ "type": "Feature", "properties": { }, "geometry": { "type": "Polygon", "coordinates": [ [ [ 19.572927280000044, 60.348130601000037 ], [ 19.616058790000068, 60.366359768000052 ], [ 19.588226759000065, 60.330796617000033 ], [ 19.572927280000044, 60.348130601000037 ] ] ] } },
{ "type": "Feature", "properties": { }, "geometry": { "type": "Polygon", "coordinates": [ [ [ 21.079600457000083, 60.35492584800005 ], [ 21.095795118000069, 60.338934637000079 ], [ 21.082041863000086, 60.333563544000071 ], [ 21.067881707000083, 60.34015534100007 ], [ 21.052582227000073, 60.366481838000084 ], [ 21.079600457000083, 60.35492584800005 ] ] ] } },
{ "type": "Feature", "properties": { }, "geometry": { "type": "Polygon", "coordinates": [ [ [ 26.780121290000068, 60.342759507000039 ], [ 26.74382571700005, 60.364569403000075 ], [ 26.760915561000047, 60.372056382000039 ], [ 26.783864780000044, 60.362087307000081 ], [ 26.787608269000089, 60.352565822000031 ], [ 26.780121290000068, 60.342759507000039 ] ] ] } },
{ "type": "Feature", "properties": { }, "geometry": { "type": "Polygon", "coordinates": [ [ [ 20.690684441000087, 60.36086660400008 ], [ 20.702647332000083, 60.369248765000066 ], [ 20.700775587000066, 60.359605210000041 ], [ 20.690684441000087, 60.36086660400008 ] ] ] } },
{ "type": "Feature", "properties": { }, "geometry": { "type": "Polygon", "coordinates": [ [ [ 21.750336134000065, 60.366278387000079 ], [ 21.728607618000069, 60.371323960000041 ], [ 21.742767774000072, 60.378281968000067 ], [ 21.788096550000091, 60.374701239000046 ], [ 21.750336134000065, 60.366278387000079 ] ] ] } },
{ "type": "Feature", "properties": { }, "geometry": { "type": "Polygon", "coordinates": [ [ [ 19.709320509000065, 60.36705149900007 ], [ 19.706553582000083, 60.358018296000068 ], [ 19.685069207000083, 60.369940497000073 ], [ 19.694509311000047, 60.380153713000084 ], [ 19.709320509000065, 60.36705149900007 ] ] ] } },
{ "type": "Feature", "properties": { }, "geometry": { "type": "Polygon", "coordinates": [ [ [ 21.698659701000054, 60.364732164000031 ], [ 21.642751498000052, 60.377101955000057 ], [ 21.663259311000047, 60.382025458000044 ], [ 21.698659701000054, 60.364732164000031 ] ] ] } },
{ "type": "Feature", "properties": { }, "geometry": { "type": "Polygon", "coordinates": [ [ [ 20.918793165000068, 60.366441148000035 ], [ 20.905528191000087, 60.371568101000037 ], [ 20.91179446700005, 60.384466864000046 ], [ 20.923106316000087, 60.37726471600007 ], [ 20.918793165000068, 60.366441148000035 ] ] ] } },
{ "type": "Feature", "properties": { }, "geometry": { "type": "Polygon", "coordinates": [ [ [ 20.876475457000083, 60.36554596600007 ], [ 20.876475457000083, 60.34243398600006 ], [ 20.874196811000047, 60.341986395000049 ], [ 20.857025587000066, 60.369045315000051 ], [ 20.866058790000068, 60.385362046000068 ], [ 20.876475457000083, 60.36554596600007 ] ] ] } },
{ "type": "Feature", "properties": { }, "geometry": { "type": "Polygon", "coordinates": [ [ [ 21.467621290000068, 60.386786200000074 ], [ 21.489431186000047, 60.38344961100006 ], [ 21.489675326000054, 60.371039130000042 ], [ 21.471608920000051, 60.357936916000085 ], [ 21.467621290000068, 60.386786200000074 ] ] ] } },
{ "type": "Feature", "properties": { }, "geometry": { "type": "Polygon", "coordinates": [ [ [ 19.741058790000068, 60.401434637000079 ], [ 19.746511264000048, 60.392238674000055 ], [ 19.736908399000072, 60.376979885000083 ], [ 19.707041863000086, 60.376979885000083 ], [ 19.708588087000066, 60.390326239000046 ], [ 19.741058790000068, 60.401434637000079 ] ] ] } },
{ "type": "Feature", "properties": { }, "geometry": { "type": "Polygon", "coordinates": [ [ [ 20.113291863000086, 60.404445705000057 ], [ 20.115814649000072, 60.394883531000062 ], [ 20.099131707000083, 60.382147528000075 ], [ 20.074229363000086, 60.390733140000066 ], [ 20.113291863000086, 60.404445705000057 ] ] ] } },
{ "type": "Feature", "properties": { }, "geometry": { "type": "Polygon", "coordinates": [ [ [ 21.357920769000089, 60.399725653000075 ], [ 21.375254754000082, 60.404649156000062 ], [ 21.399912957000083, 60.397365627000056 ], [ 21.40560957100007, 60.392238674000055 ], [ 21.40170332100007, 60.367946682000081 ], [ 21.365733269000089, 60.381984768000052 ], [ 21.357920769000089, 60.399725653000075 ] ] ] } },
{ "type": "Feature", "properties": { }, "geometry": { "type": "Polygon", "coordinates": [ [ [ 20.766693556000064, 60.389960028000075 ], [ 20.761973504000082, 60.40416087400007 ], [ 20.768809441000087, 60.409938869000086 ], [ 20.785736524000072, 60.38235097900008 ], [ 20.766693556000064, 60.389960028000075 ] ] ] } },
{ "type": "Feature", "properties": { }, "geometry": { "type": "Polygon", "coordinates": [ [ [ 27.073252800000091, 60.401556708000044 ], [ 27.068776889000048, 60.378322658000059 ], [ 27.052663608000046, 60.376898505000042 ], [ 27.04078209700009, 60.380438544000071 ], [ 27.020355665000068, 60.406846421000068 ], [ 27.027517123000052, 60.412502346000053 ], [ 27.073252800000091, 60.401556708000044 ] ] ] } },
{ "type": "Feature", "properties": { }, "geometry": { "type": "Polygon", "coordinates": [ [ [ 20.848399285000085, 60.402085679000038 ], [ 20.835215691000087, 60.411769924000055 ], [ 20.832367384000065, 60.416896877000056 ], [ 20.844086134000065, 60.418727932000081 ], [ 20.852793816000087, 60.409409898000035 ], [ 20.848399285000085, 60.402085679000038 ] ] ] } },
{ "type": "Feature", "properties": { }, "geometry": { "type": "Polygon", "coordinates": [ [ [ 20.619558139000048, 60.414780992000033 ], [ 20.62077884200005, 60.397040106000077 ], [ 20.600108269000089, 60.404527085000041 ], [ 20.610199415000068, 60.419134833000044 ], [ 20.619558139000048, 60.414780992000033 ] ] ] } },
{ "type": "Feature", "properties": { }, "geometry": { "type": "Polygon", "coordinates": [ [ [ 21.030284050000091, 60.409654039000031 ], [ 21.03484134200005, 60.422105210000041 ], [ 21.046885613000086, 60.424668687000064 ], [ 21.06381269600007, 60.410223700000074 ], [ 21.04460696700005, 60.395982164000031 ], [ 21.030284050000091, 60.409654039000031 ] ] ] } },
{ "type": "Feature", "properties": { }, "geometry": { "type": "Polygon", "coordinates": [ [ [ 21.421071811000047, 60.398830471000053 ], [ 21.412282748000052, 60.412461656000062 ], [ 21.402435743000069, 60.41514720300006 ], [ 21.421478712000066, 60.427801825000074 ], [ 21.436452670000051, 60.404120184000078 ], [ 21.421071811000047, 60.398830471000053 ] ] ] } },
{ "type": "Feature", "properties": { }, "geometry": { "type": "Polygon", "coordinates": [ [ [ 21.219493035000085, 60.427557684000078 ], [ 21.226573113000086, 60.400173244000086 ], [ 21.21225019600007, 60.403387762000079 ], [ 21.204112175000091, 60.396836656000062 ], [ 21.197927280000044, 60.40969472900008 ], [ 21.207611524000072, 60.413763739000046 ], [ 21.21062259200005, 60.427720445000034 ], [ 21.219493035000085, 60.427557684000078 ] ] ] } },
{ "type": "Feature", "properties": { }, "geometry": { "type": "Polygon", "coordinates": [ [ [ 21.003509962000066, 60.431911526000079 ], [ 21.010427280000044, 60.425523179000038 ], [ 20.99935957100007, 60.422796942000048 ], [ 20.990977410000085, 60.40570709800005 ], [ 20.972666863000086, 60.421698309000078 ], [ 21.003509962000066, 60.431911526000079 ] ] ] } },
{ "type": "Feature", "properties": { }, "geometry": { "type": "Polygon", "coordinates": [ [ [ 20.270355665000068, 60.432806708000044 ], [ 20.262136264000048, 60.41710032800006 ], [ 20.256439649000072, 60.418646552000041 ], [ 20.257823113000086, 60.426459052000041 ], [ 20.270355665000068, 60.432806708000044 ] ] ] } },
{ "type": "Feature", "properties": { }, "geometry": { "type": "Polygon", "coordinates": [ [ [ 21.716726108000046, 60.425685940000051 ], [ 21.700694207000083, 60.412014065000051 ], [ 21.691416863000086, 60.41710032800006 ], [ 21.694427931000064, 60.436997789000031 ], [ 21.681895379000082, 60.438706773000035 ], [ 21.678233269000089, 60.448187567000048 ], [ 21.709646030000044, 60.438381252000056 ], [ 21.716726108000046, 60.425685940000051 ] ] ] } },
{ "type": "Feature", "properties": { }, "geometry": { "type": "Polygon", "coordinates": [ [ [ 21.629730665000068, 60.427150783000059 ], [ 21.615326368000069, 60.409654039000031 ], [ 21.599213087000066, 60.409816799000055 ], [ 21.60523522200009, 60.416205145000049 ], [ 21.602549675000091, 60.43585846600007 ], [ 21.632009311000047, 60.454250393000052 ], [ 21.643402540000068, 60.435288804000038 ], [ 21.640798373000052, 60.427028713000084 ], [ 21.629730665000068, 60.427150783000059 ] ] ] } },
{ "type": "Feature", "properties": { }, "geometry": { "type": "Polygon", "coordinates": [ [ [ 28.441742384000065, 60.451849677000041 ], [ 28.446055535000085, 60.466131903000075 ], [ 28.490896030000044, 60.44086334800005 ], [ 28.514170769000089, 60.397284247000073 ], [ 28.536062045000051, 60.381374416000085 ], [ 28.52906334700009, 60.373439846000053 ], [ 28.508392774000072, 60.383042710000041 ], [ 28.533295118000069, 60.354641018000052 ], [ 28.508799675000034, 60.362616278000075 ], [ 28.478933139000048, 60.424546617000033 ], [ 28.461436394000089, 60.430365302000041 ], [ 28.441742384000065, 60.451849677000041 ] ] ] } },
{ "type": "Feature", "properties": { }, "geometry": { "type": "Polygon", "coordinates": [ [ [ 21.639821811000047, 60.467189846000053 ], [ 21.647959832000083, 60.477606512000079 ], [ 21.673675977000073, 60.469549872000073 ], [ 21.656179233000046, 60.460191148000035 ], [ 21.639821811000047, 60.467189846000053 ] ] ] } },
{ "type": "Feature", "properties": { }, "geometry": { "type": "Polygon", "coordinates": [ [ [ 20.937836134000065, 60.468898830000057 ], [ 20.93718509200005, 60.489854234000063 ], [ 20.957937045000051, 60.484483140000066 ], [ 20.946299675000091, 60.468085028000075 ], [ 20.952647332000083, 60.446356512000079 ], [ 20.942881707000083, 60.438828843000067 ], [ 20.925954623000052, 60.449164130000042 ], [ 20.93100019600007, 60.453924872000073 ], [ 20.918549024000072, 60.471706447000031 ], [ 20.937836134000065, 60.468898830000057 ] ] ] } },
{ "type": "Feature", "properties": { }, "geometry": { "type": "Polygon", "coordinates": [ [ [ 27.803884311000047, 60.486395575000074 ], [ 27.785736524000072, 60.488755601000037 ], [ 27.781911655000044, 60.499986070000034 ], [ 27.817963087000066, 60.502752997000073 ], [ 27.846527540000068, 60.485419012000079 ], [ 27.817637566000087, 60.472276109000063 ], [ 27.80827884200005, 60.492214260000083 ], [ 27.803884311000047, 60.486395575000074 ] ] ] } },
{ "type": "Feature", "properties": { }, "geometry": { "type": "Polygon", "coordinates": [ [ [ 21.046722852000073, 60.505682684000078 ], [ 21.086761915000068, 60.48977285400008 ], [ 21.082448764000048, 60.484767971000053 ], [ 21.062510613000086, 60.484442450000074 ], [ 21.035004102000073, 60.501288153000075 ], [ 21.046722852000073, 60.505682684000078 ] ] ] } },
{ "type": "Feature", "properties": { }, "geometry": { "type": "Polygon", "coordinates": [ [ [ 21.553233269000089, 60.485541083000044 ], [ 21.514252149000072, 60.495998440000051 ], [ 21.523936394000089, 60.513169664000031 ], [ 21.555674675000091, 60.506577867000033 ], [ 21.550059441000087, 60.522813218000067 ], [ 21.555023634000065, 60.525336005000042 ], [ 21.572113477000073, 60.515529690000051 ], [ 21.553233269000089, 60.485541083000044 ] ] ] } },
{ "type": "Feature", "properties": { }, "geometry": { "type": "Polygon", "coordinates": [ [ [ 18.360850457000083, 60.521389065000051 ], [ 18.399261915000068, 60.531602281000062 ], [ 18.413666212000066, 60.51475657800006 ], [ 18.398366733000046, 60.511094468000067 ], [ 18.360850457000083, 60.521389065000051 ] ] ] } },
{ "type": "Feature", "properties": { }, "geometry": { "type": "Polygon", "coordinates": [ [ [ 28.579681837000066, 60.506293036000045 ], [ 28.566986524000072, 60.521673895000049 ], [ 28.57357832100007, 60.533270575000074 ], [ 28.619395379000082, 60.518296617000033 ], [ 28.634694858000046, 60.500799872000073 ], [ 28.69076582100007, 60.479559637000079 ], [ 28.695648634000065, 60.470282294000071 ], [ 28.579681837000066, 60.506293036000045 ] ] ] } },
{ "type": "Feature", "properties": { }, "geometry": { "type": "Polygon", "coordinates": [ [ [ 20.910817905000044, 60.517279364000046 ], [ 20.876394076000054, 60.521633205000057 ], [ 20.869639519000089, 60.532212632000039 ], [ 20.886241082000083, 60.534857489000046 ], [ 20.88648522200009, 60.52297597900008 ], [ 20.910817905000044, 60.517279364000046 ] ] ] } },
{ "type": "Feature", "properties": { }, "geometry": { "type": "Polygon", "coordinates": [ [ [ 21.044118686000047, 60.528550523000035 ], [ 21.083181186000047, 60.534084377000056 ], [ 21.098562045000051, 60.515529690000051 ], [ 21.049082879000082, 60.521673895000049 ], [ 21.044118686000047, 60.528550523000035 ] ] ] } },
{ "type": "Feature", "properties": { }, "geometry": { "type": "Polygon", "coordinates": [ [ [ 21.060069207000083, 60.553574937000064 ], [ 21.030284050000091, 60.552354234000063 ], [ 21.05990644600007, 60.557196356000077 ], [ 21.060069207000083, 60.553574937000064 ] ] ] } },
{ "type": "Feature", "properties": { }, "geometry": { "type": "Polygon", "coordinates": [ [ [ 4.905121290000068, 60.518825588000084 ], [ 4.92709394600007, 60.498643296000068 ], [ 4.915049675000091, 60.493068752000056 ], [ 4.892832879000082, 60.510199286000045 ], [ 4.890961134000065, 60.497015692000048 ], [ 4.876475457000083, 60.497666734000063 ], [ 4.871918165000068, 60.505886135000083 ], [ 4.877370639000048, 60.507106838000084 ], [ 4.857595248000052, 60.516994533000059 ], [ 4.847911004000082, 60.530096747000073 ], [ 4.85328209700009, 60.534043687000064 ], [ 4.841644727000073, 60.54014720300006 ], [ 4.880869988000086, 60.561061916000085 ], [ 4.911143425000091, 60.528102932000081 ], [ 4.905121290000068, 60.518825588000084 ] ] ] } },
{ "type": "Feature", "properties": { }, "geometry": { "type": "Polygon", "coordinates": [ [ [ 28.537608269000089, 60.615668036000045 ], [ 28.511729363000086, 60.643581447000031 ], [ 28.518483920000051, 60.650417385000083 ], [ 28.55404707100007, 60.620021877000056 ], [ 28.549815300000034, 60.613674221000053 ], [ 28.537608269000089, 60.615668036000045 ] ] ] } },
{ "type": "Feature", "properties": { }, "geometry": { "type": "Polygon", "coordinates": [ [ [ 21.292165561000047, 60.718776760000083 ], [ 21.31967207100007, 60.709865627000056 ], [ 21.284108920000051, 60.712307033000059 ], [ 21.292165561000047, 60.718776760000083 ] ] ] } },
{ "type": "Feature", "properties": { }, "geometry": { "type": "Polygon", "coordinates": [ [ [ 21.005788608000046, 60.726792710000041 ], [ 21.028819207000083, 60.732123114000046 ], [ 21.00945071700005, 60.715725002000056 ], [ 21.005788608000046, 60.726792710000041 ] ] ] } },
{ "type": "Feature", "properties": { }, "geometry": { "type": "Polygon", "coordinates": [ [ [ 21.250987175000091, 60.765122789000031 ], [ 21.27865644600007, 60.759914455000057 ], [ 21.25521894600007, 60.75735097900008 ], [ 21.250987175000091, 60.765122789000031 ] ] ] } },
{ "type": "Feature", "properties": { }, "geometry": { "type": "Polygon", "coordinates": [ [ [ 21.373383009000065, 60.75344472900008 ], [ 21.353526238000086, 60.744126695000034 ], [ 21.32781009200005, 60.763617255000042 ], [ 21.347992384000065, 60.76898834800005 ], [ 21.373383009000065, 60.75344472900008 ] ] ] } },
{ "type": "Feature", "properties": { }, "geometry": { "type": "Polygon", "coordinates": [ [ [ 21.298675977000073, 60.765326239000046 ], [ 21.289561394000089, 60.761989651000079 ], [ 21.271820509000065, 60.771063544000071 ], [ 21.29851321700005, 60.773260809000078 ], [ 21.298675977000073, 60.765326239000046 ] ] ] } },
{ "type": "Feature", "properties": { }, "geometry": { "type": "Polygon", "coordinates": [ [ [ 4.731455925000091, 60.782009182000081 ], [ 4.746022983000046, 60.762600002000056 ], [ 4.734222852000073, 60.751369533000059 ], [ 4.702403191000087, 60.750148830000057 ], [ 4.702077670000051, 60.756293036000045 ], [ 4.709320509000065, 60.753933010000083 ], [ 4.685557488000086, 60.786891994000086 ], [ 4.731455925000091, 60.782009182000081 ] ] ] } },
{ "type": "Feature", "properties": { }, "geometry": { "type": "Polygon", "coordinates": [ [ [ 17.355072462000066, 60.796657619000086 ], [ 17.334157748000052, 60.786322333000044 ], [ 17.304209832000083, 60.784776109000063 ], [ 17.299327019000089, 60.79555898600006 ], [ 17.31185957100007, 60.807074286000045 ], [ 17.355072462000066, 60.796657619000086 ] ] ] } },
{ "type": "Feature", "properties": { }, "geometry": { "type": "Polygon", "coordinates": [ [ [ 21.143646681000064, 60.808417059000078 ], [ 21.175629102000073, 60.781236070000034 ], [ 21.138194207000083, 60.78664785400008 ], [ 21.129730665000068, 60.801255601000037 ], [ 21.143646681000064, 60.808417059000078 ] ] ] } },
{ "type": "Feature", "properties": { }, "geometry": { "type": "Polygon", "coordinates": [ [ [ 21.283702019000089, 60.811224677000041 ], [ 21.252696160000085, 60.803941148000035 ], [ 21.242523634000065, 60.810532945000034 ], [ 21.269704623000052, 60.819037177000041 ], [ 21.283702019000089, 60.811224677000041 ] ] ] } },
{ "type": "Feature", "properties": { }, "geometry": { "type": "Polygon", "coordinates": [ [ [ 21.307546420000051, 60.82180410400008 ], [ 21.323171420000051, 60.824774481000077 ], [ 21.328542514000048, 60.812445380000042 ], [ 21.319021030000044, 60.813015041000085 ], [ 21.307546420000051, 60.82180410400008 ] ] ] } },
{ "type": "Feature", "properties": { }, "geometry": { "type": "Polygon", "coordinates": [ [ [ 21.301117384000065, 60.838242906000062 ], [ 21.314707879000082, 60.831651109000063 ], [ 21.310638868000069, 60.824571031000062 ], [ 21.293467644000089, 60.821437893000052 ], [ 21.28256269600007, 60.829087632000039 ], [ 21.295746290000068, 60.829413153000075 ], [ 21.301117384000065, 60.838242906000062 ] ] ] } },
{ "type": "Feature", "properties": { }, "geometry": { "type": "Polygon", "coordinates": [ [ [ 21.035980665000068, 60.838487046000068 ], [ 21.032074415000068, 60.834255276000079 ], [ 21.003998243000069, 60.846991278000075 ], [ 21.023610873000052, 60.846380927000041 ], [ 21.035980665000068, 60.838487046000068 ] ] ] } },
{ "type": "Feature", "properties": { }, "geometry": { "type": "Polygon", "coordinates": [ [ [ 5.034759962000066, 60.84947337400007 ], [ 4.992198113000086, 60.844305731000077 ], [ 4.973562045000051, 60.855088609000063 ], [ 4.963552280000044, 60.871771552000041 ], [ 4.969655795000051, 60.881984768000052 ], [ 4.960785352000073, 60.89907461100006 ], [ 4.956879102000073, 60.941066799000055 ], [ 4.994232618000069, 60.933946031000062 ], [ 5.034759962000066, 60.84947337400007 ] ] ] } },
{ "type": "Feature", "properties": { }, "geometry": { "type": "Polygon", "coordinates": [ [ [ 21.175954623000052, 60.988104559000078 ], [ 21.174489780000044, 60.994533596000053 ], [ 21.189300977000073, 60.994614976000037 ], [ 21.190358920000051, 60.98936595300006 ], [ 21.175954623000052, 60.988104559000078 ] ] ] } },
{ "type": "Feature", "properties": { }, "geometry": { "type": "Polygon", "coordinates": [ [ [ 21.332286004000082, 60.996568101000037 ], [ 21.331472201000054, 61.001735744000086 ], [ 21.336599155000044, 60.999945380000042 ], [ 21.332286004000082, 60.996568101000037 ] ] ] } },
{ "type": "Feature", "properties": { }, "geometry": { "type": "Polygon", "coordinates": [ [ [ 17.249522332000083, 61.048203843000067 ], [ 17.248871290000068, 61.026190497000073 ], [ 17.20639082100007, 61.031724351000037 ], [ 17.222992384000065, 61.050889390000066 ], [ 17.249522332000083, 61.048203843000067 ] ] ] } },
{ "type": "Feature", "properties": { }, "geometry": { "type": "Polygon", "coordinates": [ [ [ 21.364105665000068, 61.133856512000079 ], [ 21.363291863000086, 61.139431057000081 ], [ 21.36687259200005, 61.141506252000056 ], [ 21.370616082000083, 61.138251044000071 ], [ 21.364105665000068, 61.133856512000079 ] ] ] } },
{ "type": "Feature", "properties": { }, "geometry": { "type": "Polygon", "coordinates": [ [ [ 5.079925977000073, 61.12055084800005 ], [ 5.072438998000052, 61.109442450000074 ], [ 5.024587436000047, 61.114447333000044 ], [ 5.015228712000066, 61.120835679000038 ], [ 5.007660352000073, 61.163641669000071 ], [ 5.042897983000046, 61.15656159100007 ], [ 5.079925977000073, 61.12055084800005 ] ] ] } },
{ "type": "Feature", "properties": { }, "geometry": { "type": "Polygon", "coordinates": [ [ [ 17.305186394000089, 61.153306382000039 ], [ 17.310883009000065, 61.170192776000079 ], [ 17.332123243000069, 61.16937897300005 ], [ 17.320241733000046, 61.144313869000086 ], [ 17.305186394000089, 61.153306382000039 ] ] ] } },
{ "type": "Feature", "properties": { }, "geometry": { "type": "Polygon", "coordinates": [ [ [ 21.413096550000091, 61.208197333000044 ], [ 21.461599155000044, 61.198228257000039 ], [ 21.432790561000047, 61.195542710000041 ], [ 21.413096550000091, 61.208197333000044 ] ] ] } },
{ "type": "Feature", "properties": { }, "geometry": { "type": "Polygon", "coordinates": [ [ [ 4.688649936000047, 61.298732815000051 ], [ 4.707530144000089, 61.316880601000037 ], [ 4.726654493000069, 61.318548895000049 ], [ 4.742523634000065, 61.301988023000035 ], [ 4.779958530000044, 61.288112697000031 ], [ 4.703623894000089, 61.286525783000059 ], [ 4.688649936000047, 61.298732815000051 ] ] ] } },
{ "type": "Feature", "properties": { }, "geometry": { "type": "Polygon", "coordinates": [ [ [ 21.511566602000073, 61.342840887000079 ], [ 21.465261264000048, 61.347357489000046 ], [ 21.493337436000047, 61.354722398000035 ], [ 21.511566602000073, 61.342840887000079 ] ] ] } },
{ "type": "Feature", "properties": { }, "geometry": { "type": "Polygon", "coordinates": [ [ [ 4.855316602000073, 61.358954169000071 ], [ 4.86296634200005, 61.350165106000077 ], [ 4.833832227000073, 61.33506907800006 ], [ 4.824229363000086, 61.344224351000037 ], [ 4.830332879000082, 61.354356187000064 ], [ 4.855316602000073, 61.358954169000071 ] ] ] } },
{ "type": "Feature", "properties": { }, "geometry": { "type": "Polygon", "coordinates": [ [ [ 21.360362175000091, 61.482652085000041 ], [ 21.338959181000064, 61.474351304000038 ], [ 21.338389519000089, 61.480088609000063 ], [ 21.360362175000091, 61.482652085000041 ] ] ] } },
{ "type": "Feature", "properties": { }, "geometry": { "type": "Polygon", "coordinates": [ [ [ 4.931732618000069, 61.518784898000035 ], [ 4.916758660000085, 61.518622137000079 ], [ 4.929942254000082, 61.540594794000071 ], [ 4.975271030000044, 61.514797268000052 ], [ 4.993011915000068, 61.518825588000084 ], [ 4.99545332100007, 61.510036526000079 ], [ 4.973480665000068, 61.500677802000041 ], [ 4.93685957100007, 61.509182033000059 ], [ 4.92709394600007, 61.51626211100006 ], [ 4.931732618000069, 61.518784898000035 ] ] ] } },
{ "type": "Feature", "properties": { }, "geometry": { "type": "Polygon", "coordinates": [ [ [ 17.439300977000073, 61.554632880000042 ], [ 17.460785352000073, 61.542303778000075 ], [ 17.393565300000091, 61.539658921000068 ], [ 17.386566602000073, 61.55064524900007 ], [ 17.37826582100007, 61.53656647300005 ], [ 17.370941602000073, 61.536851304000038 ], [ 17.361582879000082, 61.55031972900008 ], [ 17.363210483000046, 61.557766018000052 ], [ 17.37826582100007, 61.56118398600006 ], [ 17.439300977000073, 61.554632880000042 ] ] ] } },
{ "type": "Feature", "properties": { }, "geometry": { "type": "Polygon", "coordinates": [ [ [ 17.299164259000065, 61.557603257000039 ], [ 17.272471550000091, 61.552354234000063 ], [ 17.261241082000083, 61.561712958000044 ], [ 17.271494988000086, 61.577175197000031 ], [ 17.295909050000091, 61.573553778000075 ], [ 17.299164259000065, 61.557603257000039 ] ] ] } },
{ "type": "Feature", "properties": { }, "geometry": { "type": "Polygon", "coordinates": [ [ [ 21.403819207000083, 61.635972398000035 ], [ 21.411306186000047, 61.643459377000056 ], [ 21.439870639000048, 61.635199286000045 ], [ 21.429209832000083, 61.628159898000035 ], [ 21.44857832100007, 61.607896226000037 ], [ 21.403819207000083, 61.635972398000035 ] ] ] } },
{ "type": "Feature", "properties": { }, "geometry": { "type": "Polygon", "coordinates": [ [ [ 4.789398634000065, 61.587184963000084 ], [ 4.850596550000091, 61.606268622000073 ], [ 4.838796420000051, 61.615139065000051 ], [ 4.843272332000083, 61.644151109000063 ], [ 4.850189649000072, 61.64170970300006 ], [ 4.858571811000047, 61.614650783000059 ], [ 4.90170332100007, 61.595974026000079 ], [ 4.808767123000052, 61.582709052000041 ], [ 4.789398634000065, 61.587184963000084 ] ] ] } },
{ "type": "Feature", "properties": { }, "geometry": { "type": "Polygon", "coordinates": [ [ [ 17.52515709700009, 61.728745835000041 ], [ 17.556244337000066, 61.724391994000086 ], [ 17.533050977000073, 61.714219468000067 ], [ 17.52125084700009, 61.719142971000053 ], [ 17.52515709700009, 61.728745835000041 ] ] ] } },
{ "type": "Feature", "properties": { }, "geometry": { "type": "Polygon", "coordinates": [ [ [ 4.88249759200005, 61.777818101000037 ], [ 4.877696160000085, 61.760931708000044 ], [ 4.844737175000091, 61.746771552000041 ], [ 4.836843295000051, 61.750840562000064 ], [ 4.845550977000073, 61.753485419000071 ], [ 4.846771681000064, 61.768540757000039 ], [ 4.792979363000086, 61.791123765000066 ], [ 4.84929446700005, 61.809352932000081 ], [ 4.88249759200005, 61.777818101000037 ] ] ] } },
{ "type": "Feature", "properties": { }, "geometry": { "type": "Polygon", "coordinates": [ [ [ 17.48796634200005, 61.958034572000031 ], [ 17.490651889000048, 61.94985586100006 ], [ 17.481455925000091, 61.944647528000075 ], [ 17.475596550000091, 61.951646226000037 ], [ 17.48796634200005, 61.958034572000031 ] ] ] } },
{ "type": "Feature", "properties": { }, "geometry": { "type": "Polygon", "coordinates": [ [ [ 17.528086785000085, 61.949693101000037 ], [ 17.506276889000048, 61.951117255000042 ], [ 17.492523634000065, 61.961859442000048 ], [ 17.531097852000073, 61.95844147300005 ], [ 17.528086785000085, 61.949693101000037 ] ] ] } },
{ "type": "Feature", "properties": { }, "geometry": { "type": "Polygon", "coordinates": [ [ [ 17.744069858000046, 62.221950588000084 ], [ 17.743744337000066, 62.210923570000034 ], [ 17.720306837000066, 62.192653713000084 ], [ 17.696543816000087, 62.186021226000037 ], [ 17.687429233000046, 62.196071682000081 ], [ 17.689382358000046, 62.221258856000077 ], [ 17.706065300000091, 62.228867906000062 ], [ 17.744069858000046, 62.221950588000084 ] ] ] } },
{ "type": "Feature", "properties": { }, "geometry": { "type": "Polygon", "coordinates": [ [ [ 5.455414259000065, 62.255845445000034 ], [ 5.490407748000052, 62.238836981000077 ], [ 5.46810957100007, 62.240301825000074 ], [ 5.458506707000083, 62.23350657800006 ], [ 5.41179446700005, 62.242539781000062 ], [ 5.391286655000044, 62.256862697000031 ], [ 5.415619337000066, 62.267808335000041 ], [ 5.471527540000068, 62.266384182000081 ], [ 5.48373457100007, 62.263413804000038 ], [ 5.485606316000087, 62.25421784100007 ], [ 5.455414259000065, 62.255845445000034 ] ] ] } },
{ "type": "Feature", "properties": { }, "geometry": { "type": "Polygon", "coordinates": [ [ [ 5.934255405000044, 62.464463609000063 ], [ 5.940440300000091, 62.476345119000086 ], [ 5.968028191000087, 62.491481838000084 ], [ 5.998627149000072, 62.483018296000068 ], [ 6.047211134000065, 62.485378322000031 ], [ 6.030446811000047, 62.464911200000074 ], [ 5.934255405000044, 62.464463609000063 ] ] ] } },
{ "type": "Feature", "properties": { }, "geometry": { "type": "Polygon", "coordinates": [ [ [ 17.888112826000054, 62.510158596000053 ], [ 17.894704623000052, 62.512315171000068 ], [ 17.890472852000073, 62.508286851000037 ], [ 17.888112826000054, 62.510158596000053 ] ] ] } },
{ "type": "Feature", "properties": { }, "geometry": { "type": "Polygon", "coordinates": [ [ [ 21.073741082000083, 62.576320705000057 ], [ 21.094737175000091, 62.568630276000079 ], [ 21.090342644000089, 62.531602281000062 ], [ 21.05600019600007, 62.540065822000031 ], [ 21.055349155000044, 62.55577220300006 ], [ 21.067067905000044, 62.56399160400008 ], [ 21.056488477000073, 62.565293687000064 ], [ 21.073741082000083, 62.576320705000057 ] ] ] } },
{ "type": "Feature", "properties": { }, "geometry": { "type": "Polygon", "coordinates": [ [ [ 6.132985873000052, 62.562892971000053 ], [ 6.13062584700009, 62.530340887000079 ], [ 6.097097201000054, 62.55023834800005 ], [ 6.018483920000051, 62.536607164000031 ], [ 6.033213738000086, 62.54328034100007 ], [ 6.015798373000052, 62.550685940000051 ], [ 6.053640170000051, 62.569362697000031 ], [ 6.086924675000091, 62.570664781000062 ], [ 6.090098504000082, 62.575913804000038 ], [ 6.074473504000082, 62.586208401000079 ], [ 6.102631056000064, 62.590887762000079 ], [ 6.121918165000068, 62.588731187000064 ], [ 6.132985873000052, 62.562892971000053 ] ] ] } },
{ "type": "Feature", "properties": { }, "geometry": { "type": "Polygon", "coordinates": [ [ [ 18.072194858000046, 62.671942450000074 ], [ 18.101898634000065, 62.659654039000031 ], [ 18.089772983000046, 62.64093659100007 ], [ 18.008555535000085, 62.661363023000035 ], [ 18.021494988000086, 62.668646552000041 ], [ 18.072194858000046, 62.671942450000074 ] ] ] } },
{ "type": "Feature", "properties": { }, "geometry": { "type": "Polygon", "coordinates": [ [ [ 21.064300977000073, 62.706284898000035 ], [ 21.051605665000068, 62.720526434000078 ], [ 21.053314649000072, 62.743475653000075 ], [ 21.061778191000087, 62.745876369000086 ], [ 21.084483269000089, 62.737168687000064 ], [ 21.09115644600007, 62.722642320000034 ], [ 21.064300977000073, 62.706284898000035 ] ] ] } },
{ "type": "Feature", "properties": { }, "geometry": { "type": "Polygon", "coordinates": [ [ [ 18.224945509000065, 62.783921617000033 ], [ 18.238698764000048, 62.783311265000066 ], [ 18.239024285000085, 62.776149807000081 ], [ 18.199880405000044, 62.753322658000059 ], [ 18.199392123000052, 62.766465562000064 ], [ 18.224945509000065, 62.783921617000033 ] ] ] } },
{ "type": "Feature", "properties": { }, "geometry": { "type": "Polygon", "coordinates": [ [ [ 17.961843295000051, 62.782456773000035 ], [ 18.007090691000087, 62.782700914000031 ], [ 18.025889519000089, 62.769435940000051 ], [ 17.996592644000089, 62.753688869000086 ], [ 17.961843295000051, 62.782456773000035 ] ] ] } },
{ "type": "Feature", "properties": { }, "geometry": { "type": "Polygon", "coordinates": [ [ [ 6.455332879000082, 62.726548570000034 ], [ 6.422536655000044, 62.74563222900008 ], [ 6.445485873000052, 62.753810940000051 ], [ 6.410329623000052, 62.765611070000034 ], [ 6.448334181000064, 62.784450588000084 ], [ 6.476573113000086, 62.787583726000037 ], [ 6.480642123000052, 62.743516343000067 ], [ 6.455332879000082, 62.726548570000034 ] ] ] } },
{ "type": "Feature", "properties": { }, "geometry": { "type": "Polygon", "coordinates": [ [ [ 18.301768425000091, 62.844794012000079 ], [ 18.305349155000044, 62.839016018000052 ], [ 18.303233269000089, 62.832383531000062 ], [ 18.299571160000085, 62.838120835000041 ], [ 18.301768425000091, 62.844794012000079 ] ] ] } },
{ "type": "Feature", "properties": { }, "geometry": { "type": "Polygon", "coordinates": [ [ [ 21.202321811000047, 62.834987697000031 ], [ 21.11068769600007, 62.828884182000081 ], [ 21.098480665000068, 62.838324286000045 ], [ 21.115082227000073, 62.848618882000039 ], [ 21.140554233000046, 62.847154039000031 ], [ 21.139170769000089, 62.86086660400008 ], [ 21.165049675000091, 62.862616278000075 ], [ 21.166107618000069, 62.871120510000083 ], [ 21.220632358000046, 62.855943101000037 ], [ 21.218679233000046, 62.844631252000056 ], [ 21.202321811000047, 62.834987697000031 ] ] ] } },
{ "type": "Feature", "properties": { }, "geometry": { "type": "Polygon", "coordinates": [ [ [ 17.899180535000085, 62.900905666000085 ], [ 17.885996941000087, 62.891465562000064 ], [ 17.875010613000086, 62.896104234000063 ], [ 17.888845248000052, 62.905585028000075 ], [ 17.899180535000085, 62.900905666000085 ] ] ] } },
{ "type": "Feature", "properties": { }, "geometry": { "type": "Polygon", "coordinates": [ [ [ 21.207855665000068, 62.879095770000049 ], [ 21.207204623000052, 62.890773830000057 ], [ 21.176280144000089, 62.907822984000063 ], [ 21.174489780000044, 62.923610744000086 ], [ 21.20671634200005, 62.920477606000077 ], [ 21.23601321700005, 62.892197984000063 ], [ 21.23959394600007, 62.872870184000078 ], [ 21.207855665000068, 62.879095770000049 ] ] ] } },
{ "type": "Feature", "properties": { }, "geometry": { "type": "Polygon", "coordinates": [ [ [ 21.085052931000064, 62.923407294000071 ], [ 21.094655795000051, 62.927232164000031 ], [ 21.09929446700005, 62.918524481000077 ], [ 21.09148196700005, 62.915350653000075 ], [ 21.085052931000064, 62.923407294000071 ] ] ] } },
{ "type": "Feature", "properties": { }, "geometry": { "type": "Polygon", "coordinates": [ [ [ 20.958262566000087, 62.965196031000062 ], [ 20.961761915000068, 62.958929755000042 ], [ 20.949066602000073, 62.964544989000046 ], [ 20.958262566000087, 62.965196031000062 ] ] ] } },
{ "type": "Feature", "properties": { }, "geometry": { "type": "Polygon", "coordinates": [ [ [ 20.847829623000052, 62.975816148000035 ], [ 20.837738477000073, 62.963893947000031 ], [ 20.836192254000082, 62.975449937000064 ], [ 20.830170118000069, 62.973944403000075 ], [ 20.83920332100007, 62.981675523000035 ], [ 20.847829623000052, 62.975816148000035 ] ] ] } },
{ "type": "Feature", "properties": { }, "geometry": { "type": "Polygon", "coordinates": [ [ [ 18.65984134200005, 63.016465562000064 ], [ 18.649668816000087, 62.984157619000086 ], [ 18.625987175000091, 62.974554755000042 ], [ 18.619883660000085, 62.979559637000079 ], [ 18.627858920000051, 63.005601304000038 ], [ 18.65984134200005, 63.016465562000064 ] ] ] } },
{ "type": "Feature", "properties": { }, "geometry": { "type": "Polygon", "coordinates": [ [ [ 21.209483269000089, 63.023016669000071 ], [ 21.217295769000089, 63.01040273600006 ], [ 21.229340040000068, 63.011053778000075 ], [ 21.250010613000086, 62.993719794000071 ], [ 21.24781334700009, 62.984442450000074 ], [ 21.197601759000065, 62.99717845300006 ], [ 21.194102410000085, 63.023993231000077 ], [ 21.209483269000089, 63.023016669000071 ] ] ] } },
{ "type": "Feature", "properties": { }, "geometry": { "type": "Polygon", "coordinates": [ [ [ 18.540293816000087, 63.063625393000052 ], [ 18.567556186000047, 63.050685940000051 ], [ 18.54428144600007, 63.030137437000064 ], [ 18.512705925000091, 63.016791083000044 ], [ 18.498138868000069, 63.019761460000041 ], [ 18.500173373000052, 63.046291408000059 ], [ 18.508148634000065, 63.05414459800005 ], [ 18.540293816000087, 63.063625393000052 ] ] ] } },
{ "type": "Feature", "properties": { }, "geometry": { "type": "Polygon", "coordinates": [ [ [ 18.629242384000065, 63.076320705000057 ], [ 18.617523634000065, 63.053574937000064 ], [ 18.61068769600007, 63.061021226000037 ], [ 18.607920769000089, 63.073553778000075 ], [ 18.619313998000052, 63.079820054000038 ], [ 18.629242384000065, 63.076320705000057 ] ] ] } },
{ "type": "Feature", "properties": { }, "geometry": { "type": "Polygon", "coordinates": [ [ [ 18.731944207000083, 63.087836005000042 ], [ 18.734792514000048, 63.069118557000081 ], [ 18.734792514000048, 63.06195709800005 ], [ 18.72624759200005, 63.072088934000078 ], [ 18.731944207000083, 63.087836005000042 ] ] ] } },
{ "type": "Feature", "properties": { }, "geometry": { "type": "Polygon", "coordinates": [ [ [ 20.80990644600007, 63.123155015000066 ], [ 20.815114780000044, 63.109157619000086 ], [ 20.796071811000047, 63.100327867000033 ], [ 20.795420769000089, 63.113552151000079 ], [ 20.80990644600007, 63.123155015000066 ] ] ] } },
{ "type": "Feature", "properties": { }, "geometry": { "type": "Polygon", "coordinates": [ [ [ 18.761810743000069, 63.130845445000034 ], [ 18.76921634200005, 63.126654364000046 ], [ 18.768809441000087, 63.118353583000044 ], [ 18.76140384200005, 63.12250397300005 ], [ 18.761810743000069, 63.130845445000034 ] ] ] } },
{ "type": "Feature", "properties": { }, "geometry": { "type": "Polygon", "coordinates": [ [ [ 18.814300977000073, 63.141831773000035 ], [ 18.791188998000052, 63.131822007000039 ], [ 18.774994337000066, 63.141180731000077 ], [ 18.780284050000091, 63.145127671000068 ], [ 18.814300977000073, 63.141831773000035 ] ] ] } },
{ "type": "Feature", "properties": { }, "geometry": { "type": "Polygon", "coordinates": [ [ [ 18.684580925000091, 63.133205471000053 ], [ 18.663259311000047, 63.13422272300005 ], [ 18.658050977000073, 63.146755276000079 ], [ 18.672699415000068, 63.151434637000079 ], [ 18.684580925000091, 63.133205471000053 ] ] ] } },
{ "type": "Feature", "properties": { }, "geometry": { "type": "Polygon", "coordinates": [ [ [ 18.830821160000085, 63.151434637000079 ], [ 18.86491946700005, 63.158718166000085 ], [ 18.843841993000069, 63.147040106000077 ], [ 18.830821160000085, 63.151434637000079 ] ] ] } },
{ "type": "Feature", "properties": { }, "geometry": { "type": "Polygon", "coordinates": [ [ [ 18.902354363000086, 63.195095119000086 ], [ 18.905853712000066, 63.189398505000042 ], [ 18.897471550000091, 63.184963283000059 ], [ 18.878998243000069, 63.18891022300005 ], [ 18.902354363000086, 63.195095119000086 ] ] ] } },
{ "type": "Feature", "properties": { }, "geometry": { "type": "Polygon", "coordinates": [ [ [ 20.663259311000047, 63.245266018000052 ], [ 20.678721550000091, 63.248561916000085 ], [ 20.659678582000083, 63.239243882000039 ], [ 20.663259311000047, 63.245266018000052 ] ] ] } },
{ "type": "Feature", "properties": { }, "geometry": { "type": "Polygon", "coordinates": [ [ [ 19.171804233000046, 63.279405015000066 ], [ 19.180837436000047, 63.266017971000053 ], [ 19.15992272200009, 63.277370510000083 ], [ 19.171804233000046, 63.279405015000066 ] ] ] } },
{ "type": "Feature", "properties": { }, "geometry": { "type": "Polygon", "coordinates": [ [ [ 21.67351321700005, 63.320827541000085 ], [ 21.695160352000073, 63.29946523600006 ], [ 21.676605665000068, 63.287705796000068 ], [ 21.676524285000085, 63.255479234000063 ], [ 21.638275587000066, 63.266587632000039 ], [ 21.637217644000089, 63.28469472900008 ], [ 21.64625084700009, 63.29437897300005 ], [ 21.639008009000065, 63.298651434000078 ], [ 21.648448113000086, 63.304754950000074 ], [ 21.63835696700005, 63.309434312000064 ], [ 21.67351321700005, 63.320827541000085 ] ] ] } },
{ "type": "Feature", "properties": { }, "geometry": { "type": "Polygon", "coordinates": [ [ [ 21.785817905000044, 63.285427151000079 ], [ 21.766774936000047, 63.26788971600007 ], [ 21.730316602000073, 63.279852606000077 ], [ 21.68913821700005, 63.328233140000066 ], [ 21.716807488000086, 63.310492255000042 ], [ 21.737722201000054, 63.312119859000063 ], [ 21.769867384000065, 63.288397528000075 ], [ 21.785817905000044, 63.285427151000079 ] ] ] } },
{ "type": "Feature", "properties": { }, "geometry": { "type": "Polygon", "coordinates": [ [ [ 21.652435743000069, 63.391221421000068 ], [ 21.642507358000046, 63.389960028000075 ], [ 21.643158399000072, 63.397487697000031 ], [ 21.682627800000091, 63.397528387000079 ], [ 21.688649936000047, 63.387640692000048 ], [ 21.661224806000064, 63.37999095300006 ], [ 21.652435743000069, 63.391221421000068 ] ] ] } },
{ "type": "Feature", "properties": { }, "geometry": { "type": "Polygon", "coordinates": [ [ [ 21.060394727000073, 63.426296291000085 ], [ 21.062998894000089, 63.430894273000035 ], [ 21.093028191000087, 63.424221096000053 ], [ 21.081309441000087, 63.41555410400008 ], [ 21.060394727000073, 63.426296291000085 ] ] ] } },
{ "type": "Feature", "properties": { }, "geometry": { "type": "Polygon", "coordinates": [ [ [ 19.405039910000085, 63.449448960000041 ], [ 19.415049675000091, 63.452622789000031 ], [ 19.406423373000052, 63.439805406000062 ], [ 19.405039910000085, 63.449448960000041 ] ] ] } },
{ "type": "Feature", "properties": { }, "geometry": { "type": "Polygon", "coordinates": [ [ [ 21.828542514000048, 63.450873114000046 ], [ 21.828949415000068, 63.434190171000068 ], [ 21.800059441000087, 63.43508535400008 ], [ 21.80046634200005, 63.450913804000038 ], [ 21.787119988000086, 63.455349026000079 ], [ 21.80600019600007, 63.46430084800005 ], [ 21.828542514000048, 63.450873114000046 ] ] ] } },
{ "type": "Feature", "properties": { }, "geometry": { "type": "Polygon", "coordinates": [ [ [ 19.489268425000091, 63.471584377000056 ], [ 19.533864780000044, 63.44639720300006 ], [ 19.526052280000044, 63.436712958000044 ], [ 19.510915561000047, 63.441229559000078 ], [ 19.493093295000051, 63.457261460000041 ], [ 19.489268425000091, 63.471584377000056 ] ] ] } },
{ "type": "Feature", "properties": { }, "geometry": { "type": "Polygon", "coordinates": [ [ [ 19.897471550000091, 63.490220445000034 ], [ 19.901459181000064, 63.475897528000075 ], [ 19.889659050000091, 63.474676825000074 ], [ 19.885020379000082, 63.485581773000035 ], [ 19.897471550000091, 63.490220445000034 ] ] ] } },
{ "type": "Feature", "properties": { }, "geometry": { "type": "Polygon", "coordinates": [ [ [ 19.886566602000073, 63.548814195000034 ], [ 19.875987175000091, 63.531358140000066 ], [ 19.869802280000044, 63.545518296000068 ], [ 19.875661655000044, 63.566229559000078 ], [ 19.886566602000073, 63.548814195000034 ] ] ] } },
{ "type": "Feature", "properties": { }, "geometry": { "type": "Polygon", "coordinates": [ [ [ 22.44076582100007, 63.56627024900007 ], [ 22.453216993000069, 63.54242584800005 ], [ 22.447683139000048, 63.540757554000038 ], [ 22.422943556000064, 63.577785549000055 ], [ 22.45281009200005, 63.571356512000079 ], [ 22.44076582100007, 63.56627024900007 ] ] ] } },
{ "type": "Feature", "properties": { }, "geometry": { "type": "Polygon", "coordinates": [ [ [ 8.369232618000069, 63.579901434000078 ], [ 8.370697462000066, 63.586696682000081 ], [ 8.412038608000046, 63.588364976000037 ], [ 8.412201368000069, 63.596055406000062 ], [ 8.420420769000089, 63.581813869000086 ], [ 8.43913821700005, 63.57212962400007 ], [ 8.428233269000089, 63.561916408000059 ], [ 8.40365644600007, 63.560899156000062 ], [ 8.397878451000054, 63.56399160400008 ], [ 8.402191602000073, 63.570705471000053 ], [ 8.416351759000065, 63.579006252000056 ], [ 8.386566602000073, 63.566026109000063 ], [ 8.369232618000069, 63.579901434000078 ] ] ] } },
{ "type": "Feature", "properties": { }, "geometry": { "type": "Polygon", "coordinates": [ [ [ 20.785411004000082, 63.612779039000031 ], [ 20.774994337000066, 63.596258856000077 ], [ 20.74935957100007, 63.597886460000041 ], [ 20.75717207100007, 63.607896226000037 ], [ 20.766449415000068, 63.603257554000038 ], [ 20.77898196700005, 63.619899807000081 ], [ 20.785411004000082, 63.612779039000031 ] ] ] } },
{ "type": "Feature", "properties": { }, "geometry": { "type": "Polygon", "coordinates": [ [ [ 22.403330925000091, 63.604315497000073 ], [ 22.399831576000054, 63.593695380000042 ], [ 22.38445071700005, 63.59015534100007 ], [ 22.383555535000085, 63.598130601000037 ], [ 22.361338738000086, 63.603623765000066 ], [ 22.359792514000048, 63.61587148600006 ], [ 22.373464389000048, 63.623643296000068 ], [ 22.403330925000091, 63.604315497000073 ] ] ] } },
{ "type": "Feature", "properties": { }, "geometry": { "type": "Polygon", "coordinates": [ [ [ 20.27711022200009, 63.65884023600006 ], [ 20.27475019600007, 63.648464260000083 ], [ 20.258311394000089, 63.66124095300006 ], [ 20.267100457000083, 63.658758856000077 ], [ 20.27711022200009, 63.65884023600006 ] ] ] } },
{ "type": "Feature", "properties": { }, "geometry": { "type": "Polygon", "coordinates": [ [ [ 9.03679446700005, 63.666449286000045 ], [ 9.036306186000047, 63.678574937000064 ], [ 9.045746290000068, 63.682359117000033 ], [ 9.114838087000066, 63.675156968000067 ], [ 9.10482832100007, 63.665228583000044 ], [ 9.03679446700005, 63.666449286000045 ] ] ] } },
{ "type": "Feature", "properties": { }, "geometry": { "type": "Polygon", "coordinates": [ [ [ 9.401052280000044, 63.646714585000041 ], [ 9.367523634000065, 63.653062242000033 ], [ 9.37240644600007, 63.665676174000055 ], [ 9.412933790000068, 63.690334377000056 ], [ 9.433034701000054, 63.67804596600007 ], [ 9.429535352000073, 63.665228583000044 ], [ 9.43913821700005, 63.652126369000086 ], [ 9.457692905000044, 63.648423570000034 ], [ 9.443858269000089, 63.636623440000051 ], [ 9.424164259000065, 63.639919338000084 ], [ 9.411062045000051, 63.657578843000067 ], [ 9.39975019600007, 63.659328518000052 ], [ 9.394053582000083, 63.652126369000086 ], [ 9.401052280000044, 63.646714585000041 ] ] ] } },
{ "type": "Feature", "properties": { }, "geometry": { "type": "Polygon", "coordinates": [ [ [ 22.828379754000082, 63.725897528000075 ], [ 22.816823764000048, 63.714504299000055 ], [ 22.795095248000052, 63.722072658000059 ], [ 22.811371290000068, 63.730210679000038 ], [ 22.828379754000082, 63.725897528000075 ] ] ] } },
{ "type": "Feature", "properties": { }, "geometry": { "type": "Polygon", "coordinates": [ [ [ 8.922780795000051, 63.730495510000083 ], [ 8.878916863000086, 63.714463609000063 ], [ 8.861420118000069, 63.73501211100006 ], [ 8.922455274000072, 63.736558335000041 ], [ 8.922780795000051, 63.730495510000083 ] ] ] } },
{ "type": "Feature", "properties": { }, "geometry": { "type": "Polygon", "coordinates": [ [ [ 20.572520379000082, 63.745998440000051 ], [ 20.57943769600007, 63.733628648000035 ], [ 20.579274936000047, 63.721991278000075 ], [ 20.562022332000083, 63.730739651000079 ], [ 20.572520379000082, 63.745998440000051 ] ] ] } },
{ "type": "Feature", "properties": { }, "geometry": { "type": "Polygon", "coordinates": [ [ [ 22.642425977000073, 63.775295315000051 ], [ 22.648855014000048, 63.766872463000084 ], [ 22.627696160000085, 63.770127671000068 ], [ 22.615489129000082, 63.754461981000077 ], [ 22.589691602000073, 63.759833075000074 ], [ 22.58920332100007, 63.768337307000081 ], [ 22.607269727000073, 63.778347072000031 ], [ 22.642425977000073, 63.775295315000051 ] ] ] } },
{ "type": "Feature", "properties": { }, "geometry": { "type": "Polygon", "coordinates": [ [ [ 22.568532748000052, 63.766669012000079 ], [ 22.55437259200005, 63.748765367000033 ], [ 22.548838738000086, 63.751247463000084 ], [ 22.559743686000047, 63.766587632000039 ], [ 22.554698113000086, 63.782375393000052 ], [ 22.568532748000052, 63.766669012000079 ] ] ] } },
{ "type": "Feature", "properties": { }, "geometry": { "type": "Polygon", "coordinates": [ [ [ 20.582937045000051, 63.794256903000075 ], [ 20.583588087000066, 63.780829169000071 ], [ 20.56771894600007, 63.77492910400008 ], [ 20.570323113000086, 63.783962307000081 ], [ 20.582937045000051, 63.794256903000075 ] ] ] } },
{ "type": "Feature", "properties": { }, "geometry": { "type": "Polygon", "coordinates": [ [ [ 8.709890170000051, 63.799099026000079 ], [ 8.678477410000085, 63.780259507000039 ], [ 8.614756707000083, 63.771714585000041 ], [ 8.625824415000068, 63.784938869000086 ], [ 8.661306186000047, 63.795681057000081 ], [ 8.673106316000087, 63.791408596000053 ], [ 8.709890170000051, 63.799099026000079 ] ] ] } },
{ "type": "Feature", "properties": { }, "geometry": { "type": "Polygon", "coordinates": [ [ [ 20.698822462000066, 63.809068101000037 ], [ 20.709320509000065, 63.810899156000062 ], [ 20.695485873000052, 63.797837632000039 ], [ 20.694916212000066, 63.798447984000063 ], [ 20.698822462000066, 63.809068101000037 ] ] ] } },
{ "type": "Feature", "properties": { }, "geometry": { "type": "Polygon", "coordinates": [ [ [ 21.010915561000047, 63.802354234000063 ], [ 20.999603712000066, 63.801133531000062 ], [ 21.002614780000044, 63.810777085000041 ], [ 21.01531009200005, 63.814154364000046 ], [ 21.010915561000047, 63.802354234000063 ] ] ] } },
{ "type": "Feature", "properties": { }, "geometry": { "type": "Polygon", "coordinates": [ [ [ 11.227142774000072, 63.809637762000079 ], [ 11.194916212000066, 63.793646552000041 ], [ 11.147308790000068, 63.796047268000052 ], [ 11.030365431000064, 63.742743231000077 ], [ 10.999440951000054, 63.746486721000053 ], [ 11.046804233000046, 63.795965887000079 ], [ 11.20875084700009, 63.816229559000078 ], [ 11.227142774000072, 63.809637762000079 ] ] ] } },
{ "type": "Feature", "properties": { }, "geometry": { "type": "Polygon", "coordinates": [ [ [ 22.615570509000065, 63.801621812000064 ], [ 22.607758009000065, 63.788804429000038 ], [ 22.591400587000066, 63.810573635000083 ], [ 22.602712436000047, 63.816433010000083 ], [ 22.63640384200005, 63.80650462400007 ], [ 22.615570509000065, 63.801621812000064 ] ] ] } },
{ "type": "Feature", "properties": { }, "geometry": { "type": "Polygon", "coordinates": [ [ [ 9.390065951000054, 63.818345445000034 ], [ 9.414073113000086, 63.827175197000031 ], [ 9.440358920000051, 63.816473700000074 ], [ 9.428233269000089, 63.798854885000083 ], [ 9.387054884000065, 63.786729234000063 ], [ 9.38249759200005, 63.798000393000052 ], [ 9.390065951000054, 63.818345445000034 ] ] ] } },
{ "type": "Feature", "properties": { }, "geometry": { "type": "Polygon", "coordinates": [ [ [ 22.653330925000091, 63.828558661000045 ], [ 22.65788821700005, 63.814439195000034 ], [ 22.64226321700005, 63.809800523000035 ], [ 22.639008009000065, 63.830593166000085 ], [ 22.653330925000091, 63.828558661000045 ] ] ] } },
{ "type": "Feature", "properties": { }, "geometry": { "type": "Polygon", "coordinates": [ [ [ 22.989105665000068, 63.84048086100006 ], [ 22.99382571700005, 63.832993882000039 ], [ 22.976817254000082, 63.833929755000042 ], [ 22.981455925000091, 63.837225653000075 ], [ 22.989105665000068, 63.84048086100006 ] ] ] } },
{ "type": "Feature", "properties": { }, "geometry": { "type": "Polygon", "coordinates": [ [ [ 8.45679772200009, 63.835882880000042 ], [ 8.43913821700005, 63.841376044000071 ], [ 8.470957879000082, 63.856146552000041 ], [ 8.498138868000069, 63.851141669000071 ], [ 8.487071160000085, 63.830308335000041 ], [ 8.477549675000091, 63.848049221000053 ], [ 8.45679772200009, 63.835882880000042 ] ] ] } },
{ "type": "Feature", "properties": { }, "geometry": { "type": "Polygon", "coordinates": [ [ [ 22.820730014000048, 63.86977773600006 ], [ 22.830658399000072, 63.868312893000052 ], [ 22.839040561000047, 63.861517645000049 ], [ 22.825124545000051, 63.862494208000044 ], [ 22.820730014000048, 63.86977773600006 ] ] ] } },
{ "type": "Feature", "properties": { }, "geometry": { "type": "Polygon", "coordinates": [ [ [ 22.75749759200005, 63.862697658000059 ], [ 22.755056186000047, 63.874050197000031 ], [ 22.764333530000044, 63.875718492000033 ], [ 22.774668816000087, 63.873968817000048 ], [ 22.779714389000048, 63.86281972900008 ], [ 22.75749759200005, 63.862697658000059 ] ] ] } },
{ "type": "Feature", "properties": { }, "geometry": { "type": "Polygon", "coordinates": [ [ [ 22.812998894000089, 63.922349351000037 ], [ 22.820730014000048, 63.912705796000068 ], [ 22.796071811000047, 63.915065822000031 ], [ 22.799896681000064, 63.92100657800006 ], [ 22.812998894000089, 63.922349351000037 ] ] ] } },
{ "type": "Feature", "properties": { }, "geometry": { "type": "Polygon", "coordinates": [ [ [ 22.775726759000065, 63.924668687000064 ], [ 22.777761264000048, 63.912217515000066 ], [ 22.747894727000073, 63.92141347900008 ], [ 22.775726759000065, 63.924668687000064 ] ] ] } },
{ "type": "Feature", "properties": { }, "geometry": { "type": "Polygon", "coordinates": [ [ [ 23.286387566000087, 63.939683335000041 ], [ 23.310069207000083, 63.946234442000048 ], [ 23.301849806000064, 63.934963283000059 ], [ 23.286387566000087, 63.939683335000041 ] ] ] } },
{ "type": "Feature", "properties": { }, "geometry": { "type": "Polygon", "coordinates": [ [ [ 23.202565951000054, 63.95648834800005 ], [ 23.22592207100007, 63.939195054000038 ], [ 23.220957879000082, 63.932481187000064 ], [ 23.208099806000064, 63.932359117000033 ], [ 23.191823764000048, 63.940497137000079 ], [ 23.188649936000047, 63.95030345300006 ], [ 23.202565951000054, 63.95648834800005 ] ] ] } },
{ "type": "Feature", "properties": { }, "geometry": { "type": "Polygon", "coordinates": [ [ [ 9.118662957000083, 63.971706447000031 ], [ 9.10124759200005, 63.983099677000041 ], [ 9.132985873000052, 63.996201890000066 ], [ 9.143077019000089, 63.986680406000062 ], [ 9.12671959700009, 63.984157619000086 ], [ 9.118662957000083, 63.971706447000031 ] ] ] } },
{ "type": "Feature", "properties": { }, "geometry": { "type": "Polygon", "coordinates": [ [ [ 10.016774936000047, 64.065171617000033 ], [ 10.006765170000051, 64.03969961100006 ], [ 9.962901238000086, 64.040757554000038 ], [ 9.931976759000065, 64.060777085000041 ], [ 9.939952019000089, 64.072373765000066 ], [ 9.96851647200009, 64.079901434000078 ], [ 9.98796634200005, 64.079331773000035 ], [ 10.016774936000047, 64.065171617000033 ] ] ] } },
{ "type": "Feature", "properties": { }, "geometry": { "type": "Polygon", "coordinates": [ [ [ 23.513194207000083, 64.084051825000074 ], [ 23.530039910000085, 64.076157945000034 ], [ 23.52116946700005, 64.075140692000048 ], [ 23.513194207000083, 64.084051825000074 ] ] ] } },
{ "type": "Feature", "properties": { }, "geometry": { "type": "Polygon", "coordinates": [ [ [ 23.549896681000064, 64.070502020000049 ], [ 23.540049675000091, 64.07375722900008 ], [ 23.533295118000069, 64.087876695000034 ], [ 23.544525587000066, 64.085557359000063 ], [ 23.549896681000064, 64.070502020000049 ] ] ] } },
{ "type": "Feature", "properties": { }, "geometry": { "type": "Polygon", "coordinates": [ [ [ 23.406423373000052, 64.092311916000085 ], [ 23.412119988000086, 64.086981512000079 ], [ 23.402517123000052, 64.088080145000049 ], [ 23.406423373000052, 64.092311916000085 ] ] ] } },
{ "type": "Feature", "properties": { }, "geometry": { "type": "Polygon", "coordinates": [ [ [ 23.640961134000065, 64.152614651000079 ], [ 23.65170332100007, 64.143906968000067 ], [ 23.628103061000047, 64.156073309000078 ], [ 23.640961134000065, 64.152614651000079 ] ] ] } },
{ "type": "Feature", "properties": { }, "geometry": { "type": "Polygon", "coordinates": [ [ [ 9.388275587000066, 64.170436916000085 ], [ 9.37281334700009, 64.17413971600007 ], [ 9.383636915000068, 64.178493557000081 ], [ 9.388275587000066, 64.170436916000085 ] ] ] } },
{ "type": "Feature", "properties": { }, "geometry": { "type": "Polygon", "coordinates": [ [ [ 23.681244337000066, 64.187933661000045 ], [ 23.688080274000072, 64.180405992000033 ], [ 23.675629102000073, 64.182074286000045 ], [ 23.681244337000066, 64.187933661000045 ] ] ] } },
{ "type": "Feature", "properties": { }, "geometry": { "type": "Polygon", "coordinates": [ [ [ 21.126149936000047, 64.187282619000086 ], [ 21.11068769600007, 64.194159247000073 ], [ 21.122080925000091, 64.194606838000084 ], [ 21.126149936000047, 64.187282619000086 ] ] ] } },
{ "type": "Feature", "properties": { }, "geometry": { "type": "Polygon", "coordinates": [ [ [ 23.558604363000086, 64.194159247000073 ], [ 23.573171420000051, 64.188747463000084 ], [ 23.557383660000085, 64.191026109000063 ], [ 23.558604363000086, 64.194159247000073 ] ] ] } },
{ "type": "Feature", "properties": { }, "geometry": { "type": "Polygon", "coordinates": [ [ [ 23.658620639000048, 64.196275132000039 ], [ 23.683116082000083, 64.175156968000067 ], [ 23.668142123000052, 64.174180406000062 ], [ 23.658620639000048, 64.196275132000039 ] ] ] } },
{ "type": "Feature", "properties": { }, "geometry": { "type": "Polygon", "coordinates": [ [ [ 23.649587436000047, 64.199204820000034 ], [ 23.64975019600007, 64.184800523000035 ], [ 23.597666863000086, 64.184393622000073 ], [ 23.639821811000047, 64.202907619000086 ], [ 23.649587436000047, 64.199204820000034 ] ] ] } },
{ "type": "Feature", "properties": { }, "geometry": { "type": "Polygon", "coordinates": [ [ [ 23.64429772200009, 64.204901434000078 ], [ 23.638519727000073, 64.213771877000056 ], [ 23.649343295000051, 64.209092515000066 ], [ 23.64429772200009, 64.204901434000078 ] ] ] } },
{ "type": "Feature", "properties": { }, "geometry": { "type": "Polygon", "coordinates": [ [ [ 23.686534050000091, 64.220607815000051 ], [ 23.682220899000072, 64.219224351000037 ], [ 23.683441602000073, 64.223985093000067 ], [ 23.686534050000091, 64.220607815000051 ] ] ] } },
{ "type": "Feature", "properties": { }, "geometry": { "type": "Polygon", "coordinates": [ [ [ 23.648285352000073, 64.236802476000037 ], [ 23.654795769000089, 64.229396877000056 ], [ 23.64616946700005, 64.231390692000048 ], [ 23.648285352000073, 64.236802476000037 ] ] ] } },
{ "type": "Feature", "properties": { }, "geometry": { "type": "Polygon", "coordinates": [ [ [ 23.515635613000086, 64.308701890000066 ], [ 23.508962436000047, 64.308579820000034 ], [ 23.515635613000086, 64.315008856000077 ], [ 23.515635613000086, 64.308701890000066 ] ] ] } },
{ "type": "Feature", "properties": { }, "geometry": { "type": "Polygon", "coordinates": [ [ [ 24.250417514000048, 64.503688869000086 ], [ 24.261159701000054, 64.505560614000046 ], [ 24.268646681000064, 64.503729559000078 ], [ 24.255788608000046, 64.500148830000057 ], [ 24.250417514000048, 64.503688869000086 ] ] ] } },
{ "type": "Feature", "properties": { }, "geometry": { "type": "Polygon", "coordinates": [ [ [ 10.841319207000083, 64.518581447000031 ], [ 10.776133660000085, 64.521958726000037 ], [ 10.786143425000091, 64.524278062000064 ], [ 10.77312259200005, 64.534491278000075 ], [ 10.790863477000073, 64.543565171000068 ], [ 10.841319207000083, 64.518581447000031 ] ] ] } },
{ "type": "Feature", "properties": { }, "geometry": { "type": "Polygon", "coordinates": [ [ [ 21.508881056000064, 64.597764390000066 ], [ 21.502452019000089, 64.593736070000034 ], [ 21.500417514000048, 64.601345119000086 ], [ 21.508881056000064, 64.597764390000066 ] ] ] } },
{ "type": "Feature", "properties": { }, "geometry": { "type": "Polygon", "coordinates": [ [ [ 24.378428582000083, 64.638902085000041 ], [ 24.383962436000047, 64.635158596000053 ], [ 24.379649285000085, 64.635158596000053 ], [ 24.378428582000083, 64.638902085000041 ] ] ] } },
{ "type": "Feature", "properties": { }, "geometry": { "type": "Polygon", "coordinates": [ [ [ 24.39820397200009, 64.679348049000055 ], [ 24.409271681000064, 64.679307359000063 ], [ 24.401377800000091, 64.671250718000067 ], [ 24.39820397200009, 64.679348049000055 ] ] ] } },
{ "type": "Feature", "properties": { }, "geometry": { "type": "Polygon", "coordinates": [ [ [ 24.381602410000085, 64.685695705000057 ], [ 24.385183139000048, 64.683376369000086 ], [ 24.375824415000068, 64.681789455000057 ], [ 24.381602410000085, 64.685695705000057 ] ] ] } },
{ "type": "Feature", "properties": { }, "geometry": { "type": "Polygon", "coordinates": [ [ [ 24.445160352000073, 64.703151760000083 ], [ 24.451182488000086, 64.694932359000063 ], [ 24.43295332100007, 64.695379950000074 ], [ 24.43523196700005, 64.700547593000067 ], [ 24.445160352000073, 64.703151760000083 ] ] ] } },
{ "type": "Feature", "properties": { }, "geometry": { "type": "Polygon", "coordinates": [ [ [ 24.387054884000065, 64.711411851000037 ], [ 24.393077019000089, 64.709702867000033 ], [ 24.389577670000051, 64.707424221000053 ], [ 24.387054884000065, 64.711411851000037 ] ] ] } },
{ "type": "Feature", "properties": { }, "geometry": { "type": "Polygon", "coordinates": [ [ [ 21.12240644600007, 64.70884837400007 ], [ 21.137461785000085, 64.713771877000056 ], [ 21.151052280000044, 64.708604234000063 ], [ 21.15593509200005, 64.687648830000057 ], [ 21.182302280000044, 64.695461330000057 ], [ 21.193532748000052, 64.691148179000038 ], [ 21.206879102000073, 64.672674872000073 ], [ 21.137950066000087, 64.683742580000057 ], [ 21.12240644600007, 64.70884837400007 ] ] ] } },
{ "type": "Feature", "properties": { }, "geometry": { "type": "Polygon", "coordinates": [ [ [ 10.727305535000085, 64.823797919000071 ], [ 10.720795118000069, 64.812648830000057 ], [ 10.699636264000048, 64.815985419000071 ], [ 10.715179884000065, 64.825181382000039 ], [ 10.727305535000085, 64.823797919000071 ] ] ] } },
{ "type": "Feature", "properties": { }, "geometry": { "type": "Polygon", "coordinates": [ [ [ 24.705821160000085, 64.865749416000085 ], [ 24.698496941000087, 64.855983791000085 ], [ 24.688243035000085, 64.854315497000073 ], [ 24.689789259000065, 64.858303127000056 ], [ 24.705821160000085, 64.865749416000085 ] ] ] } },
{ "type": "Feature", "properties": { }, "geometry": { "type": "Polygon", "coordinates": [ [ [ 21.258067254000082, 64.887152411000045 ], [ 21.255463087000066, 64.902899481000077 ], [ 21.267670118000069, 64.90570709800005 ], [ 21.288259311000047, 64.89712148600006 ], [ 21.299652540000068, 64.879055080000057 ], [ 21.28874759200005, 64.87217845300006 ], [ 21.258067254000082, 64.887152411000045 ] ] ] } },
{ "type": "Feature", "properties": { }, "geometry": { "type": "Polygon", "coordinates": [ [ [ 24.775889519000089, 64.93390534100007 ], [ 24.783539259000065, 64.92759837400007 ], [ 24.778005405000044, 64.923325914000031 ], [ 24.750580274000072, 64.92100657800006 ], [ 24.759369337000066, 64.931341864000046 ], [ 24.775889519000089, 64.93390534100007 ] ] ] } },
{ "type": "Feature", "properties": { }, "geometry": { "type": "Polygon", "coordinates": [ [ [ 10.960134311000047, 64.976670640000066 ], [ 10.86654707100007, 64.962266343000067 ], [ 10.875173373000052, 64.98000722900008 ], [ 10.865082227000073, 64.982163804000038 ], [ 10.84742272200009, 64.96906159100007 ], [ 10.854746941000087, 64.962632554000038 ], [ 10.804860873000052, 64.944077867000033 ], [ 10.801605665000068, 64.949286200000074 ], [ 10.812591993000069, 64.957261460000041 ], [ 10.795013868000069, 64.958929755000042 ], [ 10.792816602000073, 64.977118231000077 ], [ 10.783213738000086, 64.96788157800006 ], [ 10.73210696700005, 64.964870510000083 ], [ 10.757334832000083, 64.977525132000039 ], [ 10.780690951000054, 64.978583075000074 ], [ 10.761729363000086, 64.986232815000051 ], [ 10.777435743000069, 64.992010809000078 ], [ 10.793386264000048, 64.987494208000044 ], [ 10.811208530000044, 64.994492906000062 ], [ 10.816335483000046, 64.98273346600007 ], [ 10.857758009000065, 64.997951565000051 ], [ 10.866628451000054, 64.992783921000068 ], [ 10.857432488000086, 64.98859284100007 ], [ 10.903819207000083, 64.990749416000085 ], [ 10.890472852000073, 64.985541083000044 ], [ 10.899261915000068, 64.981065171000068 ], [ 10.929535352000073, 64.99835846600007 ], [ 10.938568556000064, 64.997015692000048 ], [ 10.931651238000086, 64.989732164000031 ], [ 10.960215691000087, 64.991400458000044 ], [ 10.935883009000065, 64.984401760000083 ], [ 10.960134311000047, 64.976670640000066 ] ] ] } },
{ "type": "Feature", "properties": { }, "geometry": { "type": "Polygon", "coordinates": [ [ [ 25.285817905000044, 65.002508856000077 ], [ 25.323741082000083, 64.99835846600007 ], [ 25.283702019000089, 65.000148830000057 ], [ 25.285817905000044, 65.002508856000077 ] ] ] } },
{ "type": "Feature", "properties": { }, "geometry": { "type": "Polygon", "coordinates": [ [ [ 25.344818556000064, 65.09829336100006 ], [ 25.330088738000086, 65.079697984000063 ], [ 25.312347852000073, 65.08580149900007 ], [ 25.309580925000091, 65.097927151000079 ], [ 25.344818556000064, 65.09829336100006 ] ] ] } },
{ "type": "Feature", "properties": { }, "geometry": { "type": "Polygon", "coordinates": [ [ [ 21.588145379000082, 65.104844468000067 ], [ 21.607269727000073, 65.097642320000034 ], [ 21.606374545000051, 65.086737372000073 ], [ 21.567067905000044, 65.085109768000052 ], [ 21.567881707000083, 65.09752024900007 ], [ 21.588145379000082, 65.104844468000067 ] ] ] } },
{ "type": "Feature", "properties": { }, "geometry": { "type": "Polygon", "coordinates": [ [ [ 25.237233920000051, 65.096869208000044 ], [ 25.23414147200009, 65.08734772300005 ], [ 25.19507897200009, 65.095851955000057 ], [ 25.219899936000047, 65.106675523000035 ], [ 25.237233920000051, 65.096869208000044 ] ] ] } },
{ "type": "Feature", "properties": { }, "geometry": { "type": "Polygon", "coordinates": [ [ [ 25.197357618000069, 65.109442450000074 ], [ 25.162119988000086, 65.10883209800005 ], [ 25.140716993000069, 65.099188544000071 ], [ 25.16968834700009, 65.115952867000033 ], [ 25.197357618000069, 65.109442450000074 ] ] ] } },
{ "type": "Feature", "properties": { }, "geometry": { "type": "Polygon", "coordinates": [ [ [ 25.13217207100007, 65.142523505000042 ], [ 25.135345899000072, 65.132920640000066 ], [ 25.121185743000069, 65.130926825000074 ], [ 25.127452019000089, 65.139715887000079 ], [ 25.13217207100007, 65.142523505000042 ] ] ] } },
{ "type": "Feature", "properties": { }, "geometry": { "type": "Polygon", "coordinates": [ [ [ 21.717295769000089, 65.130357164000031 ], [ 21.708832227000073, 65.144598700000074 ], [ 21.736827019000089, 65.133246161000045 ], [ 21.711273634000065, 65.125596421000068 ], [ 21.717295769000089, 65.130357164000031 ] ] ] } },
{ "type": "Feature", "properties": { }, "geometry": { "type": "Polygon", "coordinates": [ [ [ 21.653086785000085, 65.140570380000042 ], [ 21.667816602000073, 65.15180084800005 ], [ 21.693288608000046, 65.12999095300006 ], [ 21.674001498000052, 65.130072333000044 ], [ 21.653086785000085, 65.140570380000042 ] ] ] } },
{ "type": "Feature", "properties": { }, "geometry": { "type": "Polygon", "coordinates": [ [ [ 21.950368686000047, 65.180161851000037 ], [ 21.930267774000072, 65.183376369000086 ], [ 21.918467644000089, 65.186143296000068 ], [ 21.93881269600007, 65.189520575000074 ], [ 21.950368686000047, 65.180161851000037 ] ] ] } },
{ "type": "Feature", "properties": { }, "geometry": { "type": "Polygon", "coordinates": [ [ [ 21.875010613000086, 65.202053127000056 ], [ 21.909678582000083, 65.180161851000037 ], [ 21.872894727000073, 65.195257880000042 ], [ 21.875010613000086, 65.202053127000056 ] ] ] } },
{ "type": "Feature", "properties": { }, "geometry": { "type": "Polygon", "coordinates": [ [ [ 21.849945509000065, 65.201076565000051 ], [ 21.843841993000069, 65.192124742000033 ], [ 21.768646681000064, 65.223781643000052 ], [ 21.763519727000073, 65.232245184000078 ], [ 21.80990644600007, 65.233425197000031 ], [ 21.843597852000073, 65.216213283000059 ], [ 21.849945509000065, 65.201076565000051 ] ] ] } },
{ "type": "Feature", "properties": { }, "geometry": { "type": "Polygon", "coordinates": [ [ [ 12.036957227000073, 65.205023505000042 ], [ 12.022146030000044, 65.202419338000084 ], [ 11.963145379000082, 65.216091213000084 ], [ 11.979665561000047, 65.237087307000081 ], [ 12.019948764000048, 65.239121812000064 ], [ 12.037282748000052, 65.219590562000064 ], [ 12.036957227000073, 65.205023505000042 ] ] ] } },
{ "type": "Feature", "properties": { }, "geometry": { "type": "Polygon", "coordinates": [ [ [ 24.916514519000089, 65.242743231000077 ], [ 24.919525587000066, 65.238714911000045 ], [ 24.909353061000047, 65.244330145000049 ], [ 24.916514519000089, 65.242743231000077 ] ] ] } },
{ "type": "Feature", "properties": { }, "geometry": { "type": "Polygon", "coordinates": [ [ [ 25.227061394000089, 65.266872463000084 ], [ 25.196136915000068, 65.260362046000068 ], [ 25.202647332000083, 65.267075914000031 ], [ 25.227061394000089, 65.266872463000084 ] ] ] } },
{ "type": "Feature", "properties": { }, "geometry": { "type": "Polygon", "coordinates": [ [ [ 21.933034701000054, 65.279771226000037 ], [ 21.941823764000048, 65.278916734000063 ], [ 21.947438998000052, 65.27256907800006 ], [ 21.938324415000068, 65.27452220300006 ], [ 21.933034701000054, 65.279771226000037 ] ] ] } },
{ "type": "Feature", "properties": { }, "geometry": { "type": "Polygon", "coordinates": [ [ [ 21.860850457000083, 65.25694407800006 ], [ 21.861175977000073, 65.242214260000083 ], [ 21.854095899000072, 65.242173570000034 ], [ 21.83765709700009, 65.254380601000037 ], [ 21.777435743000069, 65.256781317000048 ], [ 21.750824415000068, 65.284654039000031 ], [ 21.79265384200005, 65.282985744000086 ], [ 21.860850457000083, 65.25694407800006 ] ] ] } },
{ "type": "Feature", "properties": { }, "geometry": { "type": "Polygon", "coordinates": [ [ [ 22.37077884200005, 65.310329494000086 ], [ 22.353363477000073, 65.317979234000063 ], [ 22.375010613000086, 65.318833726000037 ], [ 22.37077884200005, 65.310329494000086 ] ] ] } },
{ "type": "Feature", "properties": { }, "geometry": { "type": "Polygon", "coordinates": [ [ [ 21.766774936000047, 65.334051825000074 ], [ 21.795990431000064, 65.328477281000062 ], [ 21.815358920000051, 65.313950914000031 ], [ 21.752126498000052, 65.32571035400008 ], [ 21.766774936000047, 65.334051825000074 ] ] ] } },
{ "type": "Feature", "properties": { }, "geometry": { "type": "Polygon", "coordinates": [ [ [ 25.28687584700009, 65.329657294000071 ], [ 25.260915561000047, 65.32530345300006 ], [ 25.238780144000089, 65.332017320000034 ], [ 25.277191602000073, 65.33775462400007 ], [ 25.28687584700009, 65.329657294000071 ] ] ] } },
{ "type": "Feature", "properties": { }, "geometry": { "type": "Polygon", "coordinates": [ [ [ 21.91179446700005, 65.341864325000074 ], [ 21.879893425000091, 65.343980210000041 ], [ 21.877940300000091, 65.348944403000075 ], [ 21.894704623000052, 65.352687893000052 ], [ 21.91179446700005, 65.341864325000074 ] ] ] } },
{ "type": "Feature", "properties": { }, "geometry": { "type": "Polygon", "coordinates": [ [ [ 22.45834394600007, 65.362046617000033 ], [ 22.478770379000082, 65.356797593000067 ], [ 22.44271894600007, 65.352403062000064 ], [ 22.45834394600007, 65.362046617000033 ] ] ] } },
{ "type": "Feature", "properties": { }, "geometry": { "type": "Polygon", "coordinates": [ [ [ 22.454274936000047, 65.389431057000081 ], [ 22.46265709700009, 65.39048899900007 ], [ 22.478526238000086, 65.378159898000035 ], [ 22.455170118000069, 65.38031647300005 ], [ 22.454274936000047, 65.389431057000081 ] ] ] } },
{ "type": "Feature", "properties": { }, "geometry": { "type": "Polygon", "coordinates": [ [ [ 24.815928582000083, 65.386664130000042 ], [ 24.846283399000072, 65.390977281000062 ], [ 24.821136915000068, 65.375189520000049 ], [ 24.815928582000083, 65.386664130000042 ] ] ] } },
{ "type": "Feature", "properties": { }, "geometry": { "type": "Polygon", "coordinates": [ [ [ 21.664642774000072, 65.38267649900007 ], [ 21.662201368000069, 65.390855210000041 ], [ 21.694834832000083, 65.383978583000044 ], [ 21.713633660000085, 65.394191799000055 ], [ 21.752777540000068, 65.389349677000041 ], [ 21.790863477000073, 65.375515041000085 ], [ 21.824880405000044, 65.34829336100006 ], [ 21.768402540000068, 65.356675523000035 ], [ 21.721934441000087, 65.383286851000037 ], [ 21.70834394600007, 65.372748114000046 ], [ 21.664642774000072, 65.38267649900007 ] ] ] } },
{ "type": "Feature", "properties": { }, "geometry": { "type": "Polygon", "coordinates": [ [ [ 21.804860873000052, 65.381293036000045 ], [ 21.791677280000044, 65.391099351000037 ], [ 21.838552280000044, 65.377671617000033 ], [ 21.83570397200009, 65.377671617000033 ], [ 21.804860873000052, 65.381293036000045 ] ] ] } },
{ "type": "Feature", "properties": { }, "geometry": { "type": "Polygon", "coordinates": [ [ [ 22.430186394000089, 65.35773346600007 ], [ 22.373220248000052, 65.389227606000077 ], [ 22.375173373000052, 65.395127671000068 ], [ 22.437347852000073, 65.369126695000034 ], [ 22.430186394000089, 65.35773346600007 ] ] ] } },
{ "type": "Feature", "properties": { }, "geometry": { "type": "Polygon", "coordinates": [ [ [ 21.976491733000046, 65.380967515000066 ], [ 21.971527540000068, 65.387640692000048 ], [ 21.978770379000082, 65.394883531000062 ], [ 21.993011915000068, 65.396633205000057 ], [ 22.017588738000086, 65.388413804000038 ], [ 22.025563998000052, 65.372341213000084 ], [ 21.976491733000046, 65.380967515000066 ] ] ] } },
{ "type": "Feature", "properties": { }, "geometry": { "type": "Polygon", "coordinates": [ [ [ 22.516123894000089, 65.410305080000057 ], [ 22.528493686000047, 65.398586330000057 ], [ 22.507009311000047, 65.397202867000033 ], [ 22.490733269000089, 65.407985744000086 ], [ 22.516123894000089, 65.410305080000057 ] ] ] } },
{ "type": "Feature", "properties": { }, "geometry": { "type": "Polygon", "coordinates": [ [ [ 22.041595899000072, 65.399684963000084 ], [ 22.03842207100007, 65.411607164000031 ], [ 22.068695509000065, 65.407212632000039 ], [ 22.058441602000073, 65.397853908000059 ], [ 22.041595899000072, 65.399684963000084 ] ] ] } },
{ "type": "Feature", "properties": { }, "geometry": { "type": "Polygon", "coordinates": [ [ [ 24.992198113000086, 65.423854885000083 ], [ 25.020599806000064, 65.417059637000079 ], [ 24.99773196700005, 65.406398830000057 ], [ 24.990244988000086, 65.412868557000081 ], [ 24.992198113000086, 65.423854885000083 ] ] ] } },
{ "type": "Feature", "properties": { }, "geometry": { "type": "Polygon", "coordinates": [ [ [ 25.320567254000082, 65.421861070000034 ], [ 25.327647332000083, 65.428574937000064 ], [ 25.33562259200005, 65.419663804000038 ], [ 25.332530144000089, 65.41750722900008 ], [ 25.320567254000082, 65.421861070000034 ] ] ] } },
{ "type": "Feature", "properties": { }, "geometry": { "type": "Polygon", "coordinates": [ [ [ 22.115407748000052, 65.438869533000059 ], [ 22.13054446700005, 65.429348049000055 ], [ 22.11890709700009, 65.428574937000064 ], [ 22.122894727000073, 65.418117580000057 ], [ 22.104340040000068, 65.425116278000075 ], [ 22.115407748000052, 65.438869533000059 ] ] ] } },
{ "type": "Feature", "properties": { }, "geometry": { "type": "Polygon", "coordinates": [ [ [ 22.616709832000083, 65.463120835000041 ], [ 22.630463087000066, 65.453924872000073 ], [ 22.596771681000064, 65.451157945000034 ], [ 22.600515170000051, 65.455959377000056 ], [ 22.616709832000083, 65.463120835000041 ] ] ] } },
{ "type": "Feature", "properties": { }, "geometry": { "type": "Polygon", "coordinates": [ [ [ 22.652191602000073, 65.463609117000033 ], [ 22.636241082000083, 65.473903713000084 ], [ 22.652191602000073, 65.473578192000048 ], [ 22.652191602000073, 65.463609117000033 ] ] ] } },
{ "type": "Feature", "properties": { }, "geometry": { "type": "Polygon", "coordinates": [ [ [ 12.164235873000052, 65.475775458000044 ], [ 12.170990431000064, 65.469753322000031 ], [ 12.110931837000066, 65.416774807000081 ], [ 12.113454623000052, 65.405300197000031 ], [ 12.104095899000072, 65.390448309000078 ], [ 12.076996290000068, 65.390855210000041 ], [ 12.087331576000054, 65.415838934000078 ], [ 12.051605665000068, 65.398545640000066 ], [ 12.047211134000065, 65.404079494000086 ], [ 12.047129754000082, 65.421291408000059 ], [ 12.092458530000044, 65.439968166000085 ], [ 12.100433790000068, 65.439805406000062 ], [ 12.101084832000083, 65.429917710000041 ], [ 12.141449415000068, 65.459662177000041 ], [ 12.124440951000054, 65.454128322000031 ], [ 12.131032748000052, 65.465114651000079 ], [ 12.164235873000052, 65.475775458000044 ] ] ] } },
{ "type": "Feature", "properties": { }, "geometry": { "type": "Polygon", "coordinates": [ [ [ 22.73959394600007, 65.492987372000073 ], [ 22.732595248000052, 65.46906159100007 ], [ 22.708099806000064, 65.47374095300006 ], [ 22.73959394600007, 65.492987372000073 ] ] ] } },
{ "type": "Feature", "properties": { }, "geometry": { "type": "Polygon", "coordinates": [ [ [ 22.059580925000091, 65.489732164000031 ], [ 22.072683139000048, 65.494614976000037 ], [ 22.084157748000052, 65.482245184000078 ], [ 22.066416863000086, 65.486476955000057 ], [ 22.059580925000091, 65.489732164000031 ] ] ] } },
{ "type": "Feature", "properties": { }, "geometry": { "type": "Polygon", "coordinates": [ [ [ 21.987722201000054, 65.504380601000037 ], [ 22.019460483000046, 65.507228908000059 ], [ 22.029958530000044, 65.502061265000066 ], [ 22.027842644000089, 65.496486721000053 ], [ 22.01148522200009, 65.50031159100007 ], [ 22.001963738000086, 65.499090887000079 ], [ 22.009776238000086, 65.49327220300006 ], [ 21.987722201000054, 65.504380601000037 ] ] ] } },
{ "type": "Feature", "properties": { }, "geometry": { "type": "Polygon", "coordinates": [ [ [ 22.544200066000087, 65.508856512000079 ], [ 22.577321811000047, 65.47837962400007 ], [ 22.520681186000047, 65.476223049000055 ], [ 22.50171959700009, 65.49054596600007 ], [ 22.518158399000072, 65.507717190000051 ], [ 22.544200066000087, 65.508856512000079 ] ] ] } },
{ "type": "Feature", "properties": { }, "geometry": { "type": "Polygon", "coordinates": [ [ [ 22.703298373000052, 65.49282461100006 ], [ 22.679535352000073, 65.498887437000064 ], [ 22.668549024000072, 65.508246161000045 ], [ 22.692312045000051, 65.508002020000049 ], [ 22.713715040000068, 65.497463283000059 ], [ 22.703298373000052, 65.49282461100006 ] ] ] } },
{ "type": "Feature", "properties": { }, "geometry": { "type": "Polygon", "coordinates": [ [ [ 22.086761915000068, 65.488348700000074 ], [ 22.084483269000089, 65.51516347900008 ], [ 22.11882571700005, 65.502630927000041 ], [ 22.086761915000068, 65.488348700000074 ] ] ] } },
{ "type": "Feature", "properties": { }, "geometry": { "type": "Polygon", "coordinates": [ [ [ 22.724782748000052, 65.525661526000079 ], [ 22.723480665000068, 65.517726955000057 ], [ 22.702403191000087, 65.517157294000071 ], [ 22.69898522200009, 65.526516018000052 ], [ 22.724782748000052, 65.525661526000079 ] ] ] } },
{ "type": "Feature", "properties": { }, "geometry": { "type": "Polygon", "coordinates": [ [ [ 23.557383660000085, 65.520290432000081 ], [ 23.549489780000044, 65.527167059000078 ], [ 23.535329623000052, 65.525458075000074 ], [ 23.554698113000086, 65.530869859000063 ], [ 23.557383660000085, 65.520290432000081 ] ] ] } },
{ "type": "Feature", "properties": { }, "geometry": { "type": "Polygon", "coordinates": [ [ [ 22.375743035000085, 65.509588934000078 ], [ 22.328705274000072, 65.539252020000049 ], [ 22.366709832000083, 65.52720774900007 ], [ 22.380381707000083, 65.518500067000048 ], [ 22.375743035000085, 65.509588934000078 ] ] ] } },
{ "type": "Feature", "properties": { }, "geometry": { "type": "Polygon", "coordinates": [ [ [ 22.415863477000073, 65.54360586100006 ], [ 22.425873243000069, 65.538112697000031 ], [ 22.424327019000089, 65.53461334800005 ], [ 22.411143425000091, 65.537298895000049 ], [ 22.415863477000073, 65.54360586100006 ] ] ] } },
{ "type": "Feature", "properties": { }, "geometry": { "type": "Polygon", "coordinates": [ [ [ 22.802582227000073, 65.519883531000062 ], [ 22.778412306000064, 65.543117580000057 ], [ 22.75171959700009, 65.544623114000046 ], [ 22.744639519000089, 65.551621812000064 ], [ 22.75131269600007, 65.555894273000035 ], [ 22.812673373000052, 65.53937409100007 ], [ 22.801280144000089, 65.531032619000086 ], [ 22.802582227000073, 65.519883531000062 ] ] ] } },
{ "type": "Feature", "properties": { }, "geometry": { "type": "Polygon", "coordinates": [ [ [ 24.821869337000066, 65.553249416000085 ], [ 24.81226647200009, 65.552394924000055 ], [ 24.812836134000065, 65.556870835000041 ], [ 24.821869337000066, 65.553249416000085 ] ] ] } },
{ "type": "Feature", "properties": { }, "geometry": { "type": "Polygon", "coordinates": [ [ [ 22.68881269600007, 65.54913971600007 ], [ 22.647227410000085, 65.538072007000039 ], [ 22.640798373000052, 65.542141018000052 ], [ 22.65756269600007, 65.558539130000042 ], [ 22.680837436000047, 65.55813222900008 ], [ 22.68881269600007, 65.54913971600007 ] ] ] } },
{ "type": "Feature", "properties": { }, "geometry": { "type": "Polygon", "coordinates": [ [ [ 22.799489780000044, 65.565822658000059 ], [ 22.812022332000083, 65.555161851000037 ], [ 22.807627800000091, 65.550930080000057 ], [ 22.771006707000083, 65.555650132000039 ], [ 22.769541863000086, 65.56236399900007 ], [ 22.779958530000044, 65.567206122000073 ], [ 22.799489780000044, 65.565822658000059 ] ] ] } },
{ "type": "Feature", "properties": { }, "geometry": { "type": "Polygon", "coordinates": [ [ [ 23.752452019000089, 65.604641018000052 ], [ 23.77084394600007, 65.561265367000033 ], [ 23.719818556000064, 65.576564846000053 ], [ 23.752452019000089, 65.604641018000052 ] ] ] } },
{ "type": "Feature", "properties": { }, "geometry": { "type": "Polygon", "coordinates": [ [ [ 23.813487175000091, 65.610256252000056 ], [ 23.822438998000052, 65.604844468000067 ], [ 23.810801629000082, 65.604966539000031 ], [ 23.813487175000091, 65.610256252000056 ] ] ] } },
{ "type": "Feature", "properties": { }, "geometry": { "type": "Polygon", "coordinates": [ [ [ 25.058685743000069, 65.60337962400007 ], [ 25.052907748000052, 65.595892645000049 ], [ 25.031179233000046, 65.609035549000055 ], [ 25.051849806000064, 65.61163971600007 ], [ 25.058685743000069, 65.60337962400007 ] ] ] } },
{ "type": "Feature", "properties": { }, "geometry": { "type": "Polygon", "coordinates": [ [ [ 22.367686394000089, 65.609361070000034 ], [ 22.383148634000065, 65.607163804000038 ], [ 22.381927931000064, 65.59438711100006 ], [ 22.367686394000089, 65.599961656000062 ], [ 22.367686394000089, 65.609361070000034 ] ] ] } },
{ "type": "Feature", "properties": { }, "geometry": { "type": "Polygon", "coordinates": [ [ [ 24.191823764000048, 65.606512762000079 ], [ 24.200287306000064, 65.613633531000062 ], [ 24.19890384200005, 65.605902411000045 ], [ 24.191823764000048, 65.606512762000079 ] ] ] } },
{ "type": "Feature", "properties": { }, "geometry": { "type": "Polygon", "coordinates": [ [ [ 24.021332227000073, 65.60337962400007 ], [ 24.037526889000048, 65.616807359000063 ], [ 24.030690951000054, 65.601223049000055 ], [ 24.021332227000073, 65.60337962400007 ] ] ] } },
{ "type": "Feature", "properties": { }, "geometry": { "type": "Polygon", "coordinates": [ [ [ 24.96461022200009, 65.602932033000059 ], [ 24.955332879000082, 65.596258856000077 ], [ 24.936534050000091, 65.613999742000033 ], [ 24.950694207000083, 65.619289455000057 ], [ 24.96461022200009, 65.602932033000059 ] ] ] } },
{ "type": "Feature", "properties": { }, "geometry": { "type": "Polygon", "coordinates": [ [ [ 22.414073113000086, 65.620021877000056 ], [ 22.42937259200005, 65.622788804000038 ], [ 22.459157748000052, 65.603094794000071 ], [ 22.414073113000086, 65.620021877000056 ] ] ] } },
{ "type": "Feature", "properties": { }, "geometry": { "type": "Polygon", "coordinates": [ [ [ 24.68881269600007, 65.623317776000079 ], [ 24.688568556000064, 65.628973700000074 ], [ 24.701589389000048, 65.62055084800005 ], [ 24.68881269600007, 65.623317776000079 ] ] ] } },
{ "type": "Feature", "properties": { }, "geometry": { "type": "Polygon", "coordinates": [ [ [ 22.81609134200005, 65.628688869000086 ], [ 22.811127149000072, 65.625515041000085 ], [ 22.806813998000052, 65.627671617000033 ], [ 22.809418165000068, 65.633286851000037 ], [ 22.81609134200005, 65.628688869000086 ] ] ] } },
{ "type": "Feature", "properties": { }, "geometry": { "type": "Polygon", "coordinates": [ [ [ 24.892995639000048, 65.635321356000077 ], [ 24.89031009200005, 65.624416408000059 ], [ 24.875336134000065, 65.622707424000055 ], [ 24.87468509200005, 65.62759023600006 ], [ 24.892995639000048, 65.635321356000077 ] ] ] } },
{ "type": "Feature", "properties": { }, "geometry": { "type": "Polygon", "coordinates": [ [ [ 22.491709832000083, 65.623846747000073 ], [ 22.482758009000065, 65.624253648000035 ], [ 22.472585483000046, 65.639878648000035 ], [ 22.487803582000083, 65.636216539000031 ], [ 22.491709832000083, 65.623846747000073 ] ] ] } },
{ "type": "Feature", "properties": { }, "geometry": { "type": "Polygon", "coordinates": [ [ [ 24.847911004000082, 65.64093659100007 ], [ 24.867849155000044, 65.637966213000084 ], [ 24.84701582100007, 65.63422272300005 ], [ 24.847911004000082, 65.64093659100007 ] ] ] } },
{ "type": "Feature", "properties": { }, "geometry": { "type": "Polygon", "coordinates": [ [ [ 12.17741946700005, 65.639960028000075 ], [ 12.17514082100007, 65.620713609000063 ], [ 12.159027540000068, 65.60492584800005 ], [ 12.12663821700005, 65.591823635000083 ], [ 12.12671959700009, 65.617539781000062 ], [ 12.153575066000087, 65.634426174000055 ], [ 12.153493686000047, 65.641587632000039 ], [ 12.165049675000091, 65.646307684000078 ], [ 12.17741946700005, 65.639960028000075 ] ] ] } },
{ "type": "Feature", "properties": { }, "geometry": { "type": "Polygon", "coordinates": [ [ [ 22.631358269000089, 65.647243557000081 ], [ 22.646088087000066, 65.644639390000066 ], [ 22.648855014000048, 65.635687567000048 ], [ 22.613617384000065, 65.638495184000078 ], [ 22.631358269000089, 65.647243557000081 ] ] ] } },
{ "type": "Feature", "properties": { }, "geometry": { "type": "Polygon", "coordinates": [ [ [ 22.98609459700009, 65.634873765000066 ], [ 22.96265709700009, 65.647040106000077 ], [ 22.963308139000048, 65.654974677000041 ], [ 22.990082227000073, 65.639715887000079 ], [ 22.98609459700009, 65.634873765000066 ] ] ] } },
{ "type": "Feature", "properties": { }, "geometry": { "type": "Polygon", "coordinates": [ [ [ 23.781423373000052, 65.655422268000052 ], [ 23.805918816000087, 65.63422272300005 ], [ 23.76343834700009, 65.643296617000033 ], [ 23.781423373000052, 65.655422268000052 ] ] ] } },
{ "type": "Feature", "properties": { }, "geometry": { "type": "Polygon", "coordinates": [ [ [ 24.033539259000065, 65.657578843000067 ], [ 24.039886915000068, 65.650580145000049 ], [ 24.029470248000052, 65.652614651000079 ], [ 24.033539259000065, 65.657578843000067 ] ] ] } },
{ "type": "Feature", "properties": { }, "geometry": { "type": "Polygon", "coordinates": [ [ [ 23.556244337000066, 65.656358140000066 ], [ 23.561371290000068, 65.65851471600007 ], [ 23.567230665000068, 65.655747789000031 ], [ 23.562347852000073, 65.654811916000085 ], [ 23.556244337000066, 65.656358140000066 ] ] ] } },
{ "type": "Feature", "properties": { }, "geometry": { "type": "Polygon", "coordinates": [ [ [ 22.419932488000086, 65.656358140000066 ], [ 22.398773634000065, 65.657416083000044 ], [ 22.399831576000054, 65.66351959800005 ], [ 22.410248243000069, 65.662583726000037 ], [ 22.419932488000086, 65.656358140000066 ] ] ] } },
{ "type": "Feature", "properties": { }, "geometry": { "type": "Polygon", "coordinates": [ [ [ 23.977468295000051, 65.66351959800005 ], [ 23.988454623000052, 65.658474026000079 ], [ 23.972992384000065, 65.658148505000042 ], [ 23.977468295000051, 65.66351959800005 ] ] ] } },
{ "type": "Feature", "properties": { }, "geometry": { "type": "Polygon", "coordinates": [ [ [ 23.832774285000085, 65.660996812000064 ], [ 23.833832227000073, 65.649807033000059 ], [ 23.822357618000069, 65.655178127000056 ], [ 23.820160352000073, 65.668483791000085 ], [ 23.832774285000085, 65.660996812000064 ] ] ] } },
{ "type": "Feature", "properties": { }, "geometry": { "type": "Polygon", "coordinates": [ [ [ 22.795664910000085, 65.657782294000071 ], [ 22.772064649000072, 65.654323635000083 ], [ 22.76531009200005, 65.664536851000037 ], [ 22.787364129000082, 65.669134833000044 ], [ 22.795664910000085, 65.657782294000071 ] ] ] } },
{ "type": "Feature", "properties": { }, "geometry": { "type": "Polygon", "coordinates": [ [ [ 24.12281334700009, 65.67413971600007 ], [ 24.129730665000068, 65.663397528000075 ], [ 24.109792514000048, 65.67641836100006 ], [ 24.12281334700009, 65.67413971600007 ] ] ] } },
{ "type": "Feature", "properties": { }, "geometry": { "type": "Polygon", "coordinates": [ [ [ 23.016612175000091, 65.676459052000041 ], [ 23.022959832000083, 65.664740302000041 ], [ 23.006602410000085, 65.664903062000064 ], [ 22.990977410000085, 65.674302476000037 ], [ 23.016612175000091, 65.676459052000041 ] ] ] } },
{ "type": "Feature", "properties": { }, "geometry": { "type": "Polygon", "coordinates": [ [ [ 24.152517123000052, 65.675848700000074 ], [ 24.155284050000091, 65.667873440000051 ], [ 24.148936394000089, 65.667222398000035 ], [ 24.141449415000068, 65.676906643000052 ], [ 24.152517123000052, 65.675848700000074 ] ] ] } },
{ "type": "Feature", "properties": { }, "geometry": { "type": "Polygon", "coordinates": [ [ [ 22.453216993000069, 65.675197658000059 ], [ 22.471039259000065, 65.677435614000046 ], [ 22.472829623000052, 65.667222398000035 ], [ 22.457855665000068, 65.67100657800006 ], [ 22.453216993000069, 65.675197658000059 ] ] ] } },
{ "type": "Feature", "properties": { }, "geometry": { "type": "Polygon", "coordinates": [ [ [ 23.088715040000068, 65.672756252000056 ], [ 23.091319207000083, 65.664089260000083 ], [ 23.079681837000066, 65.661200262000079 ], [ 23.044932488000086, 65.675360419000071 ], [ 23.088715040000068, 65.672756252000056 ] ] ] } },
{ "type": "Feature", "properties": { }, "geometry": { "type": "Polygon", "coordinates": [ [ [ 22.703216993000069, 65.670030015000066 ], [ 22.691661004000082, 65.678615627000056 ], [ 22.71420332100007, 65.680161851000037 ], [ 22.722178582000083, 65.672227281000062 ], [ 22.703216993000069, 65.670030015000066 ] ] ] } },
{ "type": "Feature", "properties": { }, "geometry": { "type": "Polygon", "coordinates": [ [ [ 22.883148634000065, 65.682603257000039 ], [ 22.901377800000091, 65.670925197000031 ], [ 22.875254754000082, 65.679063218000067 ], [ 22.883148634000065, 65.682603257000039 ] ] ] } },
{ "type": "Feature", "properties": { }, "geometry": { "type": "Polygon", "coordinates": [ [ [ 24.485850457000083, 65.684719143000052 ], [ 24.49350019600007, 65.684922593000067 ], [ 24.496836785000085, 65.681992906000062 ], [ 24.487722201000054, 65.678249416000085 ], [ 24.485850457000083, 65.684719143000052 ] ] ] } },
{ "type": "Feature", "properties": { }, "geometry": { "type": "Polygon", "coordinates": [ [ [ 22.635752800000091, 65.657904364000046 ], [ 22.598317905000044, 65.658636786000045 ], [ 22.61264082100007, 65.667873440000051 ], [ 22.622243686000047, 65.68781159100007 ], [ 22.640228712000066, 65.677476304000038 ], [ 22.635752800000091, 65.657904364000046 ] ] ] } },
{ "type": "Feature", "properties": { }, "geometry": { "type": "Polygon", "coordinates": [ [ [ 24.294851108000046, 65.690252997000073 ], [ 24.289317254000082, 65.682847398000035 ], [ 24.280446811000047, 65.696559963000084 ], [ 24.289561394000089, 65.689683335000041 ], [ 24.294851108000046, 65.690252997000073 ] ] ] } },
{ "type": "Feature", "properties": { }, "geometry": { "type": "Polygon", "coordinates": [ [ [ 23.952565951000054, 65.696315822000031 ], [ 24.001882358000046, 65.690822658000059 ], [ 23.99000084700009, 65.682359117000033 ], [ 23.965668165000068, 65.685532945000034 ], [ 23.952565951000054, 65.696315822000031 ] ] ] } },
{ "type": "Feature", "properties": { }, "geometry": { "type": "Polygon", "coordinates": [ [ [ 24.624522332000083, 65.699367580000057 ], [ 24.632253451000054, 65.684434312000064 ], [ 24.613454623000052, 65.693060614000046 ], [ 24.595306837000066, 65.691229559000078 ], [ 24.602468295000051, 65.672064520000049 ], [ 24.584971550000091, 65.666530666000085 ], [ 24.581879102000073, 65.657904364000046 ], [ 24.537119988000086, 65.661851304000038 ], [ 24.517832879000082, 65.673000393000052 ], [ 24.553151889000048, 65.676784572000031 ], [ 24.594086134000065, 65.702866929000038 ], [ 24.624522332000083, 65.699367580000057 ] ] ] } },
{ "type": "Feature", "properties": { }, "geometry": { "type": "Polygon", "coordinates": [ [ [ 24.117360873000052, 65.698391018000052 ], [ 24.09701582100007, 65.704697984000063 ], [ 24.08765709700009, 65.706000067000048 ], [ 24.097911004000082, 65.711696682000081 ], [ 24.117360873000052, 65.698391018000052 ] ] ] } },
{ "type": "Feature", "properties": { }, "geometry": { "type": "Polygon", "coordinates": [ [ [ 24.157806837000066, 65.715277411000045 ], [ 24.17709394600007, 65.696559963000084 ], [ 24.158376498000052, 65.70884837400007 ], [ 24.12631269600007, 65.710557359000063 ], [ 24.157806837000066, 65.715277411000045 ] ] ] } },
{ "type": "Feature", "properties": { }, "geometry": { "type": "Polygon", "coordinates": [ [ [ 22.408864780000044, 65.717393296000068 ], [ 22.428396030000044, 65.717271226000037 ], [ 22.42750084700009, 65.700588283000059 ], [ 22.393728061000047, 65.707871812000064 ], [ 22.408864780000044, 65.717393296000068 ] ] ] } },
{ "type": "Feature", "properties": { }, "geometry": { "type": "Polygon", "coordinates": [ [ [ 24.532806837000066, 65.721218166000085 ], [ 24.520030144000089, 65.700913804000038 ], [ 24.511810743000069, 65.704331773000035 ], [ 24.524099155000044, 65.720811265000066 ], [ 24.532806837000066, 65.721218166000085 ] ] ] } },
{ "type": "Feature", "properties": { }, "geometry": { "type": "Polygon", "coordinates": [ [ [ 12.449392123000052, 65.723374742000033 ], [ 12.344248894000089, 65.64789459800005 ], [ 12.325694207000083, 65.646673895000049 ], [ 12.305918816000087, 65.663316148000035 ], [ 12.34343509200005, 65.69171784100007 ], [ 12.383474155000044, 65.693386135000083 ], [ 12.408864780000044, 65.712673244000086 ], [ 12.449392123000052, 65.723374742000033 ] ] ] } },
{ "type": "Feature", "properties": { }, "geometry": { "type": "Polygon", "coordinates": [ [ [ 22.547536655000044, 65.71710846600007 ], [ 22.540131056000064, 65.725856838000084 ], [ 22.556569858000046, 65.715765692000048 ], [ 22.547536655000044, 65.71710846600007 ] ] ] } },
{ "type": "Feature", "properties": { }, "geometry": { "type": "Polygon", "coordinates": [ [ [ 23.191416863000086, 65.722845770000049 ], [ 23.18132571700005, 65.721462307000081 ], [ 23.188975457000083, 65.728298244000086 ], [ 23.191416863000086, 65.722845770000049 ] ] ] } },
{ "type": "Feature", "properties": { }, "geometry": { "type": "Polygon", "coordinates": [ [ [ 22.574229363000086, 65.727728583000044 ], [ 22.56023196700005, 65.732204494000086 ], [ 22.569346550000091, 65.733181057000081 ], [ 22.574229363000086, 65.727728583000044 ] ] ] } },
{ "type": "Feature", "properties": { }, "geometry": { "type": "Polygon", "coordinates": [ [ [ 23.165537957000083, 65.733710028000075 ], [ 23.179616733000046, 65.727118231000077 ], [ 23.174245639000048, 65.723944403000075 ], [ 23.165537957000083, 65.733710028000075 ] ] ] } },
{ "type": "Feature", "properties": { }, "geometry": { "type": "Polygon", "coordinates": [ [ [ 23.567230665000068, 65.715887762000079 ], [ 23.53296959700009, 65.733262437000064 ], [ 23.538584832000083, 65.741400458000044 ], [ 23.567230665000068, 65.715887762000079 ] ] ] } },
{ "type": "Feature", "properties": { }, "geometry": { "type": "Polygon", "coordinates": [ [ [ 23.51343834700009, 65.709743557000081 ], [ 23.488536004000082, 65.720322984000063 ], [ 23.493174675000091, 65.744859117000033 ], [ 23.514252149000072, 65.726629950000074 ], [ 23.51343834700009, 65.709743557000081 ] ] ] } },
{ "type": "Feature", "properties": { }, "geometry": { "type": "Polygon", "coordinates": [ [ [ 23.29037519600007, 65.71710846600007 ], [ 23.257823113000086, 65.737860419000071 ], [ 23.251149936000047, 65.73391347900008 ], [ 23.262868686000047, 65.713853257000039 ], [ 23.251149936000047, 65.709336656000062 ], [ 23.211355014000048, 65.73814524900007 ], [ 23.235118035000085, 65.732489325000074 ], [ 23.232758009000065, 65.744086005000042 ], [ 23.270762566000087, 65.744737046000068 ], [ 23.304942254000082, 65.719183661000045 ], [ 23.29037519600007, 65.71710846600007 ] ] ] } },
{ "type": "Feature", "properties": { }, "geometry": { "type": "Polygon", "coordinates": [ [ [ 24.06576582100007, 65.751735744000086 ], [ 24.069834832000083, 65.744167385000083 ], [ 24.055023634000065, 65.738308010000083 ], [ 24.050629102000073, 65.744045315000051 ], [ 24.06576582100007, 65.751735744000086 ] ] ] } },
{ "type": "Feature", "properties": { }, "geometry": { "type": "Polygon", "coordinates": [ [ [ 23.42514082100007, 65.757879950000074 ], [ 23.427744988000086, 65.74327220300006 ], [ 23.408295118000069, 65.749050197000031 ], [ 23.416188998000052, 65.758408921000068 ], [ 23.42514082100007, 65.757879950000074 ] ] ] } },
{ "type": "Feature", "properties": { }, "geometry": { "type": "Polygon", "coordinates": [ [ [ 23.188487175000091, 65.749212958000044 ], [ 23.224945509000065, 65.760728257000039 ], [ 23.241628451000054, 65.751166083000044 ], [ 23.211436394000089, 65.743150132000039 ], [ 23.188487175000091, 65.749212958000044 ] ] ] } },
{ "type": "Feature", "properties": { }, "geometry": { "type": "Polygon", "coordinates": [ [ [ 23.370127800000091, 65.760728257000039 ], [ 23.376149936000047, 65.762762762000079 ], [ 23.374196811000047, 65.756984768000052 ], [ 23.370127800000091, 65.760728257000039 ] ] ] } },
{ "type": "Feature", "properties": { }, "geometry": { "type": "Polygon", "coordinates": [ [ [ 23.889333530000044, 65.76321035400008 ], [ 23.89616946700005, 65.75767649900007 ], [ 23.894623243000069, 65.753404039000031 ], [ 23.885834181000064, 65.756415106000077 ], [ 23.889333530000044, 65.76321035400008 ] ] ] } },
{ "type": "Feature", "properties": { }, "geometry": { "type": "Polygon", "coordinates": [ [ [ 23.240163608000046, 65.76007721600007 ], [ 23.273773634000065, 65.762396552000041 ], [ 23.273285352000073, 65.750596421000068 ], [ 23.260020379000082, 65.751166083000044 ], [ 23.240163608000046, 65.76007721600007 ] ] ] } },
{ "type": "Feature", "properties": { }, "geometry": { "type": "Polygon", "coordinates": [ [ [ 22.474538608000046, 65.770249742000033 ], [ 22.480642123000052, 65.770209052000041 ], [ 22.483409050000091, 65.765407619000086 ], [ 22.480316602000073, 65.763820705000057 ], [ 22.474538608000046, 65.770249742000033 ] ] ] } },
{ "type": "Feature", "properties": { }, "geometry": { "type": "Polygon", "coordinates": [ [ [ 24.225840691000087, 65.75767649900007 ], [ 24.199147983000046, 65.765204169000071 ], [ 24.195323113000086, 65.770819403000075 ], [ 24.232269727000073, 65.769151109000063 ], [ 24.225840691000087, 65.75767649900007 ] ] ] } },
{ "type": "Feature", "properties": { }, "geometry": { "type": "Polygon", "coordinates": [ [ [ 24.532806837000066, 65.776922919000071 ], [ 24.487315300000091, 65.74758535400008 ], [ 24.473643425000091, 65.758612372000073 ], [ 24.52702884200005, 65.782090562000064 ], [ 24.532806837000066, 65.776922919000071 ] ] ] } },
{ "type": "Feature", "properties": { }, "geometry": { "type": "Polygon", "coordinates": [ [ [ 22.604991082000083, 65.772406317000048 ], [ 22.609711134000065, 65.783474026000079 ], [ 22.63843834700009, 65.78070709800005 ], [ 22.631846550000091, 65.773504950000074 ], [ 22.604991082000083, 65.772406317000048 ] ] ] } },
{ "type": "Feature", "properties": { }, "geometry": { "type": "Polygon", "coordinates": [ [ [ 23.96843509200005, 65.77842845300006 ], [ 23.95289147200009, 65.781520901000079 ], [ 23.972666863000086, 65.785834052000041 ], [ 23.96843509200005, 65.77842845300006 ] ] ] } },
{ "type": "Feature", "properties": { }, "geometry": { "type": "Polygon", "coordinates": [ [ [ 23.482025587000066, 65.79360586100006 ], [ 23.474457227000073, 65.784409898000035 ], [ 23.464935743000069, 65.796657619000086 ], [ 23.472992384000065, 65.796779690000051 ], [ 23.482025587000066, 65.79360586100006 ] ] ] } },
{ "type": "Feature", "properties": { }, "geometry": { "type": "Polygon", "coordinates": [ [ [ 23.213389519000089, 65.792059637000079 ], [ 23.223155144000089, 65.797796942000048 ], [ 23.241384311000047, 65.787339585000041 ], [ 23.225515170000051, 65.784816799000055 ], [ 23.213389519000089, 65.792059637000079 ] ] ] } },
{ "type": "Feature", "properties": { }, "geometry": { "type": "Polygon", "coordinates": [ [ [ 24.158783399000072, 65.79946523600006 ], [ 24.15398196700005, 65.789943752000056 ], [ 24.146820509000065, 65.799953518000052 ], [ 24.158783399000072, 65.79946523600006 ] ] ] } },
{ "type": "Feature", "properties": { }, "geometry": { "type": "Polygon", "coordinates": [ [ [ 22.389008009000065, 65.789536851000037 ], [ 22.394134962000066, 65.800075588000084 ], [ 22.424896681000064, 65.786281643000052 ], [ 22.400563998000052, 65.78502024900007 ], [ 22.389008009000065, 65.789536851000037 ] ] ] } },
{ "type": "Feature", "properties": { }, "geometry": { "type": "Polygon", "coordinates": [ [ [ 24.128998243000069, 65.793565171000068 ], [ 24.100271030000044, 65.788967190000051 ], [ 24.131032748000052, 65.80141836100006 ], [ 24.128998243000069, 65.793565171000068 ] ] ] } },
{ "type": "Feature", "properties": { }, "geometry": { "type": "Polygon", "coordinates": [ [ [ 12.414154493000069, 65.780422268000052 ], [ 12.494069858000046, 65.801906643000052 ], [ 12.484304233000046, 65.774807033000059 ], [ 12.384776238000086, 65.739203192000048 ], [ 12.375091993000069, 65.742987372000073 ], [ 12.414154493000069, 65.780422268000052 ] ] ] } },
{ "type": "Feature", "properties": { }, "geometry": { "type": "Polygon", "coordinates": [ [ [ 22.760996941000087, 65.792751369000086 ], [ 22.723317905000044, 65.809800523000035 ], [ 22.743744337000066, 65.807440497000073 ], [ 22.760996941000087, 65.792751369000086 ] ] ] } },
{ "type": "Feature", "properties": { }, "geometry": { "type": "Polygon", "coordinates": [ [ [ 22.465993686000047, 65.799872137000079 ], [ 22.463552280000044, 65.813055731000077 ], [ 22.470225457000083, 65.814805406000062 ], [ 22.484955274000072, 65.793727932000081 ], [ 22.465993686000047, 65.799872137000079 ] ] ] } },
{ "type": "Feature", "properties": { }, "geometry": { "type": "Polygon", "coordinates": [ [ [ 22.769379102000073, 65.799343166000085 ], [ 22.75757897200009, 65.815497137000079 ], [ 22.77865644600007, 65.795640367000033 ], [ 22.769379102000073, 65.799343166000085 ] ] ] } },
{ "type": "Feature", "properties": { }, "geometry": { "type": "Polygon", "coordinates": [ [ [ 12.312429233000046, 65.895127671000068 ], [ 12.292002800000091, 65.872951565000051 ], [ 12.269053582000083, 65.866970119000086 ], [ 12.259287957000083, 65.85101959800005 ], [ 12.23414147200009, 65.838812567000048 ], [ 12.238454623000052, 65.863877671000068 ], [ 12.250987175000091, 65.860907294000071 ], [ 12.257904493000069, 65.879909572000031 ], [ 12.324066602000073, 65.913478908000059 ], [ 12.304616733000046, 65.919012762000079 ], [ 12.313649936000047, 65.930690822000031 ], [ 12.353363477000073, 65.936102606000077 ], [ 12.375580274000072, 65.92523834800005 ], [ 12.333099806000064, 65.909654039000031 ], [ 12.321787957000083, 65.890570380000042 ], [ 12.312429233000046, 65.895127671000068 ] ] ] } },
{ "type": "Feature", "properties": { }, "geometry": { "type": "Polygon", "coordinates": [ [ [ 12.248464389000048, 65.99717845300006 ], [ 12.208588087000066, 65.977036851000037 ], [ 12.202321811000047, 65.980861721000053 ], [ 12.21810957100007, 65.995469468000067 ], [ 12.208251450855006, 66.0 ], [ 12.248464389000048, 65.99717845300006 ] ] ] } },
{ "type": "Feature", "properties": { }, "geometry": { "type": "Polygon", "coordinates": [ [ [ -4.121978318999936, 53.317084052000041 ], [ -4.042876756999931, 53.302801825000074 ], [ -4.098052537999934, 53.250148830000057 ], [ -4.19554602799991, 53.220282294000071 ], [ -4.220366990999935, 53.20148346600007 ], [ -4.222035285999937, 53.182114976000037 ], [ -4.343861456999946, 53.132066148000035 ], [ -4.392404751999948, 53.138332424000055 ], [ -4.406605597999942, 53.130601304000038 ], [ -4.41429602799991, 53.137844143000052 ], [ -4.411976691999939, 53.155585028000075 ], [ -4.385121222999942, 53.182440497000073 ], [ -4.410878058999913, 53.182196356000077 ], [ -4.44758053299995, 53.159409898000035 ], [ -4.481678839999915, 53.179877020000049 ], [ -4.495350714999915, 53.179877020000049 ], [ -4.499623175999943, 53.21124909100007 ], [ -4.571034308999913, 53.275458075000074 ], [ -4.558664516999954, 53.363348700000074 ], [ -4.571034308999913, 53.392767645000049 ], [ -4.425363735999952, 53.426703192000048 ], [ -4.324696417999917, 53.419501044000071 ], [ -4.276722785999937, 53.40102773600006 ], [ -4.266916469999956, 53.368963934000078 ], [ -4.234730597999942, 53.35805898600006 ], [ -4.235178188999953, 53.340073960000041 ], [ -4.214833136999914, 53.323919989000046 ], [ -4.203236456999946, 53.298488674000055 ], [ -4.142486131999931, 53.302801825000074 ], [ -4.121978318999936, 53.317084052000041 ] ] ] } },
{ "type": "Feature", "properties": { }, "geometry": { "type": "Polygon", "coordinates": [ [ [ 13.724864129000082, 54.36359284100007 ], [ 13.766449415000068, 54.344916083000044 ], [ 13.73015384200005, 54.316839911000045 ], [ 13.723155144000089, 54.278387762000079 ], [ 13.690928582000083, 54.28351471600007 ], [ 13.711924675000091, 54.28656647300005 ], [ 13.711924675000091, 54.303941148000035 ], [ 13.67945397200009, 54.294012762000079 ], [ 13.651133660000085, 54.29718659100007 ], [ 13.651133660000085, 54.303941148000035 ], [ 13.688243035000085, 54.313299872000073 ], [ 13.711924675000091, 54.331854559000078 ], [ 13.65992272200009, 54.329779364000046 ], [ 13.61695397200009, 54.317613023000035 ], [ 13.690928582000083, 54.344916083000044 ], [ 13.690928582000083, 54.351752020000049 ], [ 13.65007571700005, 54.352443752000056 ], [ 13.626800977000073, 54.339097398000035 ], [ 13.59929446700005, 54.351752020000049 ], [ 13.49968509200005, 54.344916083000044 ], [ 13.428884311000047, 54.310939846000053 ], [ 13.406097852000073, 54.285223700000074 ], [ 13.359629754000082, 54.275458075000074 ], [ 13.355723504000082, 54.248724677000041 ], [ 13.369395379000082, 54.255560614000046 ], [ 13.363129102000073, 54.263006903000075 ], [ 13.41773522200009, 54.266058661000045 ], [ 13.423024936000047, 54.23273346600007 ], [ 13.407237175000091, 54.228216864000046 ], [ 13.34701582100007, 54.237453518000052 ], [ 13.311534050000091, 54.251125393000052 ], [ 13.335215691000087, 54.28351471600007 ], [ 13.307871941000087, 54.269191799000055 ], [ 13.314707879000082, 54.263006903000075 ], [ 13.267914259000065, 54.25649648600006 ], [ 13.210134311000047, 54.275824286000045 ], [ 13.199229363000086, 54.284409898000035 ], [ 13.20484459700009, 54.29718659100007 ], [ 13.149668816000087, 54.290269273000035 ], [ 13.142832879000082, 54.298000393000052 ], [ 13.148936394000089, 54.304754950000074 ], [ 13.17750084700009, 54.303941148000035 ], [ 13.17750084700009, 54.310207424000055 ], [ 13.115489129000082, 54.338080145000049 ], [ 13.148936394000089, 54.37726471600007 ], [ 13.174327019000089, 54.383978583000044 ], [ 13.223317905000044, 54.37250397300005 ], [ 13.266856316000087, 54.385891018000052 ], [ 13.239268425000091, 54.393622137000079 ], [ 13.239024285000085, 54.420070705000057 ], [ 13.211599155000044, 54.43109772300005 ], [ 13.156993035000085, 54.426825262000079 ], [ 13.181813998000052, 54.453029690000051 ], [ 13.25953209700009, 54.468451239000046 ], [ 13.27312259200005, 54.482123114000046 ], [ 13.233246290000068, 54.493068752000056 ], [ 13.225352410000085, 54.501939195000034 ], [ 13.232758009000065, 54.51626211100006 ], [ 13.185394727000073, 54.508286851000037 ], [ 13.166026238000086, 54.519110419000071 ], [ 13.158864780000044, 54.540676174000055 ], [ 13.143402540000068, 54.542914130000042 ], [ 13.25953209700009, 54.553778387000079 ], [ 13.288259311000047, 54.539943752000056 ], [ 13.297862175000091, 54.519680080000057 ], [ 13.309255405000044, 54.534816799000055 ], [ 13.301036004000082, 54.550360419000071 ], [ 13.33366946700005, 54.573065497000073 ], [ 13.369395379000082, 54.585150458000044 ], [ 13.342051629000082, 54.550360419000071 ], [ 13.363129102000073, 54.542914130000042 ], [ 13.348887566000087, 54.523667710000041 ], [ 13.383799675000091, 54.53188711100006 ], [ 13.389821811000047, 54.542914130000042 ], [ 13.363129102000073, 54.550360419000071 ], [ 13.37671959700009, 54.564642645000049 ], [ 13.41732832100007, 54.524562893000052 ], [ 13.410899285000085, 54.509426174000055 ], [ 13.430674675000091, 54.492743231000077 ], [ 13.507090691000087, 54.488267320000034 ], [ 13.49968509200005, 54.495754299000055 ], [ 13.520762566000087, 54.523667710000041 ], [ 13.49968509200005, 54.557196356000077 ], [ 13.520762566000087, 54.564642645000049 ], [ 13.520762566000087, 54.570786851000037 ], [ 13.486582879000082, 54.557196356000077 ], [ 13.441416863000086, 54.557196356000077 ], [ 13.423838738000086, 54.57453034100007 ], [ 13.399261915000068, 54.579575914000031 ], [ 13.369151238000086, 54.612127997000073 ], [ 13.273285352000073, 54.560939846000053 ], [ 13.25326582100007, 54.564642645000049 ], [ 13.256846550000091, 54.594916083000044 ], [ 13.283946160000085, 54.619289455000057 ], [ 13.293467644000089, 54.642279364000046 ], [ 13.224782748000052, 54.634955145000049 ], [ 13.230967644000089, 54.653306382000039 ], [ 13.25359134200005, 54.665025132000039 ], [ 13.390798373000052, 54.688177802000041 ], [ 13.44507897200009, 54.680080471000053 ], [ 13.44507897200009, 54.673895575000074 ], [ 13.390879754000082, 54.650539455000057 ], [ 13.382985873000052, 54.636379299000055 ], [ 13.394541863000086, 54.604437567000048 ], [ 13.424571160000085, 54.585150458000044 ], [ 13.466319207000083, 54.576890367000033 ], [ 13.595957879000082, 54.591376044000071 ], [ 13.640472852000073, 54.585679429000038 ], [ 13.670664910000085, 54.566229559000078 ], [ 13.677256707000083, 54.54047272300005 ], [ 13.651133660000085, 54.51626211100006 ], [ 13.584808790000068, 54.486517645000049 ], [ 13.575450066000087, 54.471869208000044 ], [ 13.579112175000091, 54.455064195000034 ], [ 13.609548373000052, 54.413804429000038 ], [ 13.698252800000091, 54.392075914000031 ], [ 13.724864129000082, 54.36359284100007 ] ] ] } },
{ "type": "Feature", "properties": { }, "geometry": { "type": "Polygon", "coordinates": [ [ [ 11.855479363000086, 54.74359772300005 ], [ 11.814707879000082, 54.718695380000042 ], [ 11.806976759000065, 54.707993882000039 ], [ 11.846446160000085, 54.697821356000077 ], [ 11.842621290000068, 54.676214911000045 ], [ 11.810720248000052, 54.655096747000073 ], [ 11.766123894000089, 54.646551825000074 ], [ 11.610524936000047, 54.666408596000053 ], [ 11.512217644000089, 54.646551825000074 ], [ 11.47437584700009, 54.626125393000052 ], [ 11.35873457100007, 54.660549221000053 ], [ 11.187754754000082, 54.732245184000078 ], [ 11.030528191000087, 54.760646877000056 ], [ 11.009287957000083, 54.771633205000057 ], [ 10.999196811000047, 54.786769924000055 ], [ 11.005707227000073, 54.803656317000048 ], [ 11.030772332000083, 54.812160549000055 ], [ 11.089691602000073, 54.810614325000074 ], [ 11.108164910000085, 54.831529039000031 ], [ 11.078379754000082, 54.841131903000075 ], [ 11.018809441000087, 54.88617584800005 ], [ 11.018809441000087, 54.903387762000079 ], [ 11.032399936000047, 54.919256903000075 ], [ 11.07398522200009, 54.948187567000048 ], [ 11.088145379000082, 54.944159247000073 ], [ 11.231700066000087, 54.96124909100007 ], [ 11.338877800000091, 54.919134833000044 ], [ 11.36890709700009, 54.881089585000041 ], [ 11.594737175000091, 54.811102606000077 ], [ 11.572764519000089, 54.84796784100007 ], [ 11.594737175000091, 54.858872789000031 ], [ 11.656260613000086, 54.866278387000079 ], [ 11.644786004000082, 54.889634507000039 ], [ 11.649424675000091, 54.91351959800005 ], [ 11.725759311000047, 54.87335846600007 ], [ 11.731944207000083, 54.858872789000031 ], [ 11.75562584700009, 54.841131903000075 ], [ 11.787282748000052, 54.831529039000031 ], [ 11.772959832000083, 54.824693101000037 ], [ 11.787608269000089, 54.806870835000041 ], [ 11.848643425000091, 54.773179429000038 ], [ 11.855479363000086, 54.74359772300005 ] ] ] } },
{ "type": "Feature", "properties": { }, "geometry": { "type": "Polygon", "coordinates": [ [ [ 10.717784050000091, 55.064276434000078 ], [ 10.586110873000052, 55.057521877000056 ], [ 10.538259311000047, 55.029730536000045 ], [ 10.477549675000091, 55.043850002000056 ], [ 10.388845248000052, 55.050685940000051 ], [ 10.362559441000087, 55.062730210000041 ], [ 10.312754754000082, 55.063666083000044 ], [ 10.234222852000073, 55.092230536000045 ], [ 10.205251498000052, 55.093695380000042 ], [ 10.197601759000065, 55.086086330000057 ], [ 10.19703209700009, 55.064276434000078 ], [ 10.141774936000047, 55.092230536000045 ], [ 10.083506707000083, 55.086981512000079 ], [ 10.065928582000083, 55.092230536000045 ], [ 10.142588738000086, 55.125799872000073 ], [ 10.15601647200009, 55.14008209800005 ], [ 10.11296634200005, 55.183783270000049 ], [ 10.094004754000082, 55.188421942000048 ], [ 10.039317254000082, 55.180975653000075 ], [ 10.00359134200005, 55.197333075000074 ], [ 9.99154707100007, 55.188421942000048 ], [ 9.994476759000065, 55.172796942000048 ], [ 10.029144727000073, 55.142401434000078 ], [ 10.025645379000082, 55.125718492000033 ], [ 9.985524936000047, 55.127752997000073 ], [ 9.988780144000089, 55.151841539000031 ], [ 9.97201582100007, 55.184719143000052 ], [ 9.979502800000091, 55.212836005000042 ], [ 9.911387566000087, 55.228501695000034 ], [ 9.883962436000047, 55.253485419000071 ], [ 9.895355665000068, 55.280259507000039 ], [ 9.881683790000068, 55.314439195000034 ], [ 9.884776238000086, 55.348863023000035 ], [ 9.82984459700009, 55.352280992000033 ], [ 9.80241946700005, 55.362372137000079 ], [ 9.778086785000085, 55.380275783000059 ], [ 9.830088738000086, 55.388902085000041 ], [ 9.840098504000082, 55.400091864000046 ], [ 9.785492384000065, 55.413763739000046 ], [ 9.819590691000087, 55.413763739000046 ], [ 9.791026238000086, 55.431830145000049 ], [ 9.737315300000091, 55.438177802000041 ], [ 9.703461134000065, 55.468410549000055 ], [ 9.786306186000047, 55.437201239000046 ], [ 9.81218509200005, 55.441066799000055 ], [ 9.713389519000089, 55.491034247000073 ], [ 9.676280144000089, 55.495672919000071 ], [ 9.755137566000087, 55.544134833000044 ], [ 9.827403191000087, 55.548407294000071 ], [ 9.840098504000082, 55.523627020000049 ], [ 9.888194207000083, 55.508693752000056 ], [ 9.940277540000068, 55.519232489000046 ], [ 10.039317254000082, 55.557766018000052 ], [ 10.168630405000044, 55.582261460000041 ], [ 10.237315300000091, 55.605536200000074 ], [ 10.272146030000044, 55.605536200000074 ], [ 10.279551629000082, 55.585109768000052 ], [ 10.293630405000044, 55.588080145000049 ], [ 10.293793165000068, 55.616115627000056 ], [ 10.307627800000091, 55.618231512000079 ], [ 10.407399936000047, 55.582953192000048 ], [ 10.444183790000068, 55.553168036000045 ], [ 10.518809441000087, 55.533433335000041 ], [ 10.475271030000044, 55.531968492000033 ], [ 10.470713738000086, 55.520209052000041 ], [ 10.489105665000068, 55.509100653000075 ], [ 10.48601321700005, 55.49477773600006 ], [ 10.457041863000086, 55.489447333000044 ], [ 10.41960696700005, 55.458807684000078 ], [ 10.436045769000089, 55.442124742000033 ], [ 10.471527540000068, 55.443060614000046 ], [ 10.491221550000091, 55.465277411000045 ], [ 10.60914147200009, 55.492580471000053 ], [ 10.602305535000085, 55.506252346000053 ], [ 10.566905144000089, 55.523627020000049 ], [ 10.569834832000083, 55.532416083000044 ], [ 10.601084832000083, 55.516791083000044 ], [ 10.613780144000089, 55.527899481000077 ], [ 10.594248894000089, 55.578273830000057 ], [ 10.61459394600007, 55.564601955000057 ], [ 10.608571811000047, 55.612982489000046 ], [ 10.627614780000044, 55.61359284100007 ], [ 10.704112175000091, 55.550279039000031 ], [ 10.709239129000082, 55.527044989000046 ], [ 10.738129102000073, 55.509344794000071 ], [ 10.742360873000052, 55.487494208000044 ], [ 10.657481316000087, 55.459702867000033 ], [ 10.571299675000091, 55.46124909100007 ], [ 10.55404707100007, 55.442572333000044 ], [ 10.563324415000068, 55.436224677000041 ], [ 10.594248894000089, 55.441066799000055 ], [ 10.588552280000044, 55.449408270000049 ], [ 10.595957879000082, 55.459662177000041 ], [ 10.697927280000044, 55.440252997000073 ], [ 10.79664147200009, 55.358547268000052 ], [ 10.834320509000065, 55.290269273000035 ], [ 10.796885613000086, 55.307684637000079 ], [ 10.780284050000091, 55.304917710000041 ], [ 10.772959832000083, 55.287095445000034 ], [ 10.805349155000044, 55.250433661000045 ], [ 10.815196160000085, 55.214056708000044 ], [ 10.783376498000052, 55.124212958000044 ], [ 10.733653191000087, 55.071844794000071 ], [ 10.717784050000091, 55.064276434000078 ] ] ] } },
{ "type": "Feature", "properties": { }, "geometry": { "type": "Polygon", "coordinates": [ [ [ 17.09701582100007, 57.317368882000039 ], [ 17.042002800000091, 57.270900783000059 ], [ 17.064463738000086, 57.241888739000046 ], [ 17.066254102000073, 57.226711330000057 ], [ 17.049489780000044, 57.188299872000073 ], [ 17.028168165000068, 57.181463934000078 ], [ 17.01531009200005, 57.147935289000031 ], [ 16.973480665000068, 57.104193427000041 ], [ 16.96062259200005, 57.063218492000033 ], [ 16.898610873000052, 57.038072007000039 ], [ 16.912852410000085, 57.023504950000074 ], [ 16.933929884000065, 57.017564195000034 ], [ 16.871267123000052, 56.969183661000045 ], [ 16.88453209700009, 56.935614325000074 ], [ 16.883067254000082, 56.916245835000041 ], [ 16.858164910000085, 56.89679596600007 ], [ 16.841807488000086, 56.84406159100007 ], [ 16.830332879000082, 56.825832424000055 ], [ 16.781586134000065, 56.810614325000074 ], [ 16.768728061000047, 56.796779690000051 ], [ 16.756521030000044, 56.747463283000059 ], [ 16.698496941000087, 56.645209052000041 ], [ 16.682790561000047, 56.593491929000038 ], [ 16.636973504000082, 56.559719143000052 ], [ 16.631521030000044, 56.532212632000039 ], [ 16.63843834700009, 56.524155992000033 ], [ 16.624847852000073, 56.503648179000038 ], [ 16.619639519000089, 56.475327867000033 ], [ 16.57585696700005, 56.405747789000031 ], [ 16.566416863000086, 56.346136786000045 ], [ 16.490896030000044, 56.239569403000075 ], [ 16.450205925000091, 56.218654690000051 ], [ 16.428477410000085, 56.217962958000044 ], [ 16.412608269000089, 56.229315497000073 ], [ 16.412608269000089, 56.27094147300005 ], [ 16.398936394000089, 56.298244533000059 ], [ 16.407237175000091, 56.319973049000055 ], [ 16.405772332000083, 56.38703034100007 ], [ 16.414073113000086, 56.402777411000045 ], [ 16.391449415000068, 56.458685614000046 ], [ 16.398936394000089, 56.544663804000038 ], [ 16.419444207000083, 56.585638739000046 ], [ 16.442556186000047, 56.608710028000075 ], [ 16.45281009200005, 56.637518622000073 ], [ 16.62086022200009, 56.872259833000044 ], [ 16.637868686000047, 56.882473049000055 ], [ 16.716807488000086, 56.891831773000035 ], [ 16.731293165000068, 56.903998114000046 ], [ 16.748301629000082, 56.941880601000037 ], [ 16.793630405000044, 57.003851630000042 ], [ 16.88835696700005, 57.118231512000079 ], [ 16.90992272200009, 57.202215887000079 ], [ 16.940440300000091, 57.212836005000042 ], [ 16.959239129000082, 57.230698960000041 ], [ 16.96648196700005, 57.304592190000051 ], [ 17.01921634200005, 57.344549872000073 ], [ 17.054860873000052, 57.358221747000073 ], [ 17.065277540000068, 57.35773346600007 ], [ 17.081879102000073, 57.341376044000071 ], [ 17.104014519000089, 57.352769273000035 ], [ 17.124522332000083, 57.319281317000048 ], [ 17.09701582100007, 57.317368882000039 ] ] ] } },
{ "type": "Feature", "properties": { }, "geometry": { "type": "Polygon", "coordinates": [ [ [ 19.050303582000083, 57.862209377000056 ], [ 19.085215691000087, 57.825751044000071 ], [ 19.01498457100007, 57.822007554000038 ], [ 18.986582879000082, 57.807440497000073 ], [ 18.981618686000047, 57.770493882000039 ], [ 18.948741082000083, 57.78266022300005 ], [ 18.932139519000089, 57.75226471600007 ], [ 18.941254102000073, 57.729559637000079 ], [ 18.865244988000086, 57.723334052000041 ], [ 18.820811394000089, 57.737005927000041 ], [ 18.807139519000089, 57.734442450000074 ], [ 18.81031334700009, 57.709662177000041 ], [ 18.764659050000091, 57.626898505000042 ], [ 18.762461785000085, 57.617173570000034 ], [ 18.81031334700009, 57.607326565000051 ], [ 18.79468834700009, 57.578070380000042 ], [ 18.789805535000085, 57.54828522300005 ], [ 18.76140384200005, 57.507635809000078 ], [ 18.776133660000085, 57.497463283000059 ], [ 18.768809441000087, 57.481838283000059 ], [ 18.77320397200009, 57.472235419000071 ], [ 18.803477410000085, 57.469427802000041 ], [ 18.789805535000085, 57.448960679000038 ], [ 18.86890709700009, 57.435288804000038 ], [ 18.879730665000068, 57.449204820000034 ], [ 18.908864780000044, 57.439154364000046 ], [ 18.926117384000065, 57.418198960000041 ], [ 18.926280144000089, 57.392645575000074 ], [ 18.879161004000082, 57.387600002000056 ], [ 18.858164910000085, 57.394354559000078 ], [ 18.84115644600007, 57.382879950000074 ], [ 18.801524285000085, 57.376206773000035 ], [ 18.680430535000085, 57.310492255000042 ], [ 18.666758660000085, 57.296779690000051 ], [ 18.673675977000073, 57.27765534100007 ], [ 18.710948113000086, 57.274318752000056 ], [ 18.714121941000087, 57.242905992000033 ], [ 18.680511915000068, 57.22992584800005 ], [ 18.59148196700005, 57.218695380000042 ], [ 18.564463738000086, 57.209418036000045 ], [ 18.564463738000086, 57.201971747000073 ], [ 18.578135613000086, 57.201971747000073 ], [ 18.578135613000086, 57.195746161000045 ], [ 18.406423373000052, 57.143011786000045 ], [ 18.385752800000091, 57.127427476000037 ], [ 18.454600457000083, 57.127427476000037 ], [ 18.359873894000089, 57.096136786000045 ], [ 18.344737175000091, 57.082749742000033 ], [ 18.337901238000086, 57.031236070000034 ], [ 18.364268425000091, 57.011419989000046 ], [ 18.40007571700005, 57.003973700000074 ], [ 18.344737175000091, 57.003973700000074 ], [ 18.358409050000091, 56.98969147300005 ], [ 18.321462436000047, 56.96906159100007 ], [ 18.311534050000091, 56.948065497000073 ], [ 18.203949415000068, 56.915187893000052 ], [ 18.16968834700009, 56.912014065000051 ], [ 18.138682488000086, 56.922023830000057 ], [ 18.203868035000085, 56.986273505000042 ], [ 18.20085696700005, 57.017564195000034 ], [ 18.265635613000086, 57.041489976000037 ], [ 18.290212436000047, 57.092718817000048 ], [ 18.223317905000044, 57.060288804000038 ], [ 18.20085696700005, 57.065375067000048 ], [ 18.225108269000089, 57.094916083000044 ], [ 18.227305535000085, 57.107489325000074 ], [ 18.214366082000083, 57.113836981000077 ], [ 18.228037957000083, 57.133693752000056 ], [ 18.18531334700009, 57.14484284100007 ], [ 18.15984134200005, 57.229803778000075 ], [ 18.09937584700009, 57.258978583000044 ], [ 18.101084832000083, 57.278021552000041 ], [ 18.115570509000065, 57.297023830000057 ], [ 18.153086785000085, 57.313421942000048 ], [ 18.165863477000073, 57.331610419000071 ], [ 18.171153191000087, 57.352118231000077 ], [ 18.166026238000086, 57.367092190000051 ], [ 18.179209832000083, 57.37954336100006 ], [ 18.14616946700005, 57.408026434000078 ], [ 18.145355665000068, 57.426174221000053 ], [ 18.113454623000052, 57.487982489000046 ], [ 18.111989780000044, 57.511053778000075 ], [ 18.128184441000087, 57.548163153000075 ], [ 18.16146894600007, 57.577948309000078 ], [ 18.325043165000068, 57.672593492000033 ], [ 18.463063998000052, 57.803168036000045 ], [ 18.49935957100007, 57.826564846000053 ], [ 18.55014082100007, 57.839422919000071 ], [ 18.594899936000047, 57.831366278000075 ], [ 18.608653191000087, 57.836330471000053 ], [ 18.640798373000052, 57.88617584800005 ], [ 18.677744988000086, 57.913885809000078 ], [ 18.723806186000047, 57.923000393000052 ], [ 18.742442254000082, 57.917914130000042 ], [ 18.76929772200009, 57.887844143000052 ], [ 18.764659050000091, 57.865179755000042 ], [ 18.803477410000085, 57.825751044000071 ], [ 18.810720248000052, 57.851223049000055 ], [ 18.844086134000065, 57.873602606000077 ], [ 18.851898634000065, 57.89126211100006 ], [ 18.837412957000083, 57.912176825000074 ], [ 18.85132897200009, 57.915106512000079 ], [ 18.913340691000087, 57.92133209800005 ], [ 18.897959832000083, 57.897650458000044 ], [ 18.917246941000087, 57.88812897300005 ], [ 18.941579623000052, 57.888820705000057 ], [ 18.941254102000073, 57.902085679000038 ], [ 18.956553582000083, 57.907782294000071 ], [ 18.99577884200005, 57.912054755000042 ], [ 19.00953209700009, 57.908270575000074 ], [ 19.002126498000052, 57.902085679000038 ], [ 19.014008009000065, 57.881293036000045 ], [ 19.050303582000083, 57.862209377000056 ] ] ] } },
{ "type": "Feature", "properties": { }, "geometry": { "type": "Polygon", "coordinates": [ [ [ 20.20875084700009, 60.224676825000074 ], [ 20.229746941000087, 60.204250393000052 ], [ 20.20093834700009, 60.199408270000049 ], [ 20.174571160000085, 60.170111395000049 ], [ 20.161957227000073, 60.167141018000052 ], [ 20.087087436000047, 60.182196356000077 ], [ 20.102305535000085, 60.220933335000041 ], [ 20.122894727000073, 60.23078034100007 ], [ 20.172373894000089, 60.232814846000053 ], [ 20.188243035000085, 60.245184637000079 ], [ 20.147715691000087, 60.24477773600006 ], [ 20.11101321700005, 60.239447333000044 ], [ 20.081879102000073, 60.223374742000033 ], [ 20.064707879000082, 60.190619208000044 ], [ 20.057871941000087, 60.190619208000044 ], [ 20.060883009000065, 60.214748440000051 ], [ 20.031911655000044, 60.236395575000074 ], [ 20.023692254000082, 60.255113023000035 ], [ 20.057139519000089, 60.293158270000049 ], [ 20.061289910000085, 60.310044664000031 ], [ 20.023692254000082, 60.313462632000039 ], [ 20.033864780000044, 60.293890692000048 ], [ 20.024912957000083, 60.276434637000079 ], [ 20.00326582100007, 60.26703522300005 ], [ 19.97592207100007, 60.278713283000059 ], [ 19.993988477000073, 60.241441148000035 ], [ 20.030528191000087, 60.217230536000045 ], [ 20.014903191000087, 60.202337958000044 ], [ 20.016286655000044, 60.183742580000057 ], [ 19.948008660000085, 60.204250393000052 ], [ 19.95484459700009, 60.224676825000074 ], [ 19.914561394000089, 60.21820709800005 ], [ 19.917246941000087, 60.20766836100006 ], [ 19.943614129000082, 60.186224677000041 ], [ 19.987315300000091, 60.173041083000044 ], [ 20.010020379000082, 60.155829169000071 ], [ 20.044200066000087, 60.176336981000077 ], [ 20.030528191000087, 60.114813544000071 ], [ 20.05046634200005, 60.097805080000057 ], [ 20.044769727000073, 60.087469794000071 ], [ 20.006358269000089, 60.09438711100006 ], [ 19.94898522200009, 60.083889065000051 ], [ 19.958181186000047, 60.053778387000079 ], [ 19.948496941000087, 60.047674872000073 ], [ 19.937754754000082, 60.050360419000071 ], [ 19.94117272200009, 60.060248114000046 ], [ 19.924001498000052, 60.091538804000038 ], [ 19.910329623000052, 60.101060289000031 ], [ 19.886566602000073, 60.101223049000055 ], [ 19.873301629000082, 60.096421617000033 ], [ 19.868337436000047, 60.085516669000071 ], [ 19.84506269600007, 60.078680731000077 ], [ 19.83171634200005, 60.079494533000059 ], [ 19.823252800000091, 60.08429596600007 ], [ 19.824473504000082, 60.09438711100006 ], [ 19.806976759000065, 60.099839585000041 ], [ 19.788910352000073, 60.096258856000077 ], [ 19.76303144600007, 60.073919989000046 ], [ 19.69467207100007, 60.170111395000049 ], [ 19.682383660000085, 60.211981512000079 ], [ 19.670909050000091, 60.217230536000045 ], [ 19.646983269000089, 60.265692450000074 ], [ 19.682871941000087, 60.264349677000041 ], [ 19.691416863000086, 60.256537177000041 ], [ 19.688487175000091, 60.238348700000074 ], [ 19.709320509000065, 60.268866278000075 ], [ 19.770518425000091, 60.286200262000079 ], [ 19.74935957100007, 60.306626695000034 ], [ 19.79656009200005, 60.299790757000039 ], [ 19.765147332000083, 60.248968817000048 ], [ 19.792002800000091, 60.200140692000048 ], [ 19.81421959700009, 60.190619208000044 ], [ 19.823496941000087, 60.208482164000031 ], [ 19.817637566000087, 60.232163804000038 ], [ 19.851817254000082, 60.217230536000045 ], [ 19.858653191000087, 60.245184637000079 ], [ 19.879730665000068, 60.258856512000079 ], [ 19.892832879000082, 60.306626695000034 ], [ 19.905528191000087, 60.27179596600007 ], [ 19.934336785000085, 60.282416083000044 ], [ 19.924001498000052, 60.314276434000078 ], [ 19.889496290000068, 60.344671942000048 ], [ 19.857676629000082, 60.313218492000033 ], [ 19.819183790000068, 60.346828518000052 ], [ 19.777354363000086, 60.355047919000071 ], [ 19.838145379000082, 60.400458075000074 ], [ 19.882334832000083, 60.405585028000075 ], [ 19.906423373000052, 60.402167059000078 ], [ 19.92750084700009, 60.356431382000039 ], [ 19.995616082000083, 60.356431382000039 ], [ 20.03679446700005, 60.333929755000042 ], [ 20.023692254000082, 60.361273505000042 ], [ 20.07203209700009, 60.34992096600007 ], [ 20.093028191000087, 60.355129299000055 ], [ 20.126149936000047, 60.333929755000042 ], [ 20.178070509000065, 60.322984117000033 ], [ 20.192067905000044, 60.312323309000078 ], [ 20.18140709700009, 60.286200262000079 ], [ 20.201914910000085, 60.292954820000034 ], [ 20.277598504000082, 60.278713283000059 ], [ 20.23601321700005, 60.232163804000038 ], [ 20.20875084700009, 60.224676825000074 ] ] ] } },
{ "type": "Feature", "properties": { }, "geometry": { "type": "Polygon", "coordinates": [ [ [ -1.097035285999937, 60.416489976000037 ], [ -1.072743292999917, 60.444525458000044 ], [ -1.034413214999915, 60.45062897300005 ], [ -1.048695441999939, 60.433335679000038 ], [ -1.125070766999954, 60.383734442000048 ], [ -1.117543097999942, 60.373928127000056 ], [ -1.094471808999913, 60.391506252000056 ], [ -1.068267381999931, 60.396307684000078 ], [ -1.062326626999948, 60.385443427000041 ], [ -1.070423956999946, 60.359523830000057 ], [ -1.172230597999942, 60.347601630000042 ], [ -1.075306769999941, 60.32094961100006 ], [ -1.137928839999915, 60.290716864000046 ], [ -1.134348110999952, 60.275580145000049 ], [ -1.089751756999931, 60.272528387000079 ], [ -1.147857225999928, 60.248846747000073 ], [ -1.16470292899993, 60.25141022300005 ], [ -1.182932094999956, 60.271918036000045 ], [ -1.192616339999915, 60.272528387000079 ], [ -1.198109503999945, 60.260565497000073 ], [ -1.185170050999943, 60.245184637000079 ], [ -1.21939042899993, 60.238348700000074 ], [ -1.21939042899993, 60.232163804000038 ], [ -1.179025844999956, 60.232163804000038 ], [ -1.19945227799991, 60.204250393000052 ], [ -1.157866990999935, 60.224676825000074 ], [ -1.192616339999915, 60.176336981000077 ], [ -1.155140753999945, 60.192572333000044 ], [ -1.143950975999928, 60.187567450000074 ], [ -1.157866990999935, 60.170111395000049 ], [ -1.123768683999913, 60.155829169000071 ], [ -1.123768683999913, 60.149603583000044 ], [ -1.151722785999937, 60.149603583000044 ], [ -1.144276495999918, 60.135321356000077 ], [ -1.160878058999913, 60.141180731000077 ], [ -1.181548631999931, 60.129299221000053 ], [ -1.19945227799991, 60.129095770000049 ], [ -1.185170050999943, 60.121649481000077 ], [ -1.189849412999934, 60.113348700000074 ], [ -1.21320553299995, 60.107367255000042 ], [ -1.21320553299995, 60.101223049000055 ], [ -1.185170050999943, 60.09438711100006 ], [ -1.202259894999941, 60.083075262000079 ], [ -1.192860480999911, 60.069810289000031 ], [ -1.16470292899993, 60.060248114000046 ], [ -1.170074022999927, 60.045965887000079 ], [ -1.185170050999943, 60.038275458000044 ], [ -1.21939042899993, 60.039740302000041 ], [ -1.192616339999915, 59.99750397300005 ], [ -1.201242641999954, 59.986395575000074 ], [ -1.247303839999915, 59.99750397300005 ], [ -1.245228644999941, 59.955755927000041 ], [ -1.267730272999927, 59.923041083000044 ], [ -1.274566209999932, 59.929877020000049 ], [ -1.263417120999918, 59.907171942000048 ], [ -1.274566209999932, 59.882066148000035 ], [ -1.260975714999915, 59.866400458000044 ], [ -1.274566209999932, 59.854193427000041 ], [ -1.295033331999946, 59.874660549000055 ], [ -1.302886522999927, 59.864325262000079 ], [ -1.311105923999946, 59.86554596600007 ], [ -1.30142167899993, 59.888902085000041 ], [ -1.316477016999954, 59.895982164000031 ], [ -1.34788977799991, 59.891994533000059 ], [ -1.375965949999909, 59.908636786000045 ], [ -1.358021613999938, 59.921576239000046 ], [ -1.364003058999913, 59.937323309000078 ], [ -1.35570227799991, 59.945461330000057 ], [ -1.322987433999913, 59.950995184000078 ], [ -1.349720831999946, 59.977687893000052 ], [ -1.322987433999913, 59.977687893000052 ], [ -1.328724738999938, 59.995510158000059 ], [ -1.302886522999927, 60.028021552000041 ], [ -1.287709113999938, 60.07562897300005 ], [ -1.262603318999936, 60.115057684000078 ], [ -1.267730272999927, 60.142157294000071 ], [ -1.284535285999937, 60.14594147300005 ], [ -1.288889126999948, 60.155829169000071 ], [ -1.269357876999948, 60.185451565000051 ], [ -1.298166469999956, 60.176336981000077 ], [ -1.312408006999931, 60.180650132000039 ], [ -1.294667120999918, 60.215399481000077 ], [ -1.267730272999927, 60.245184637000079 ], [ -1.286936001999948, 60.246283270000049 ], [ -1.329253709999932, 60.204250393000052 ], [ -1.35765540299991, 60.244330145000049 ], [ -1.411122199999909, 60.258856512000079 ], [ -1.411122199999909, 60.25141022300005 ], [ -1.376088019999941, 60.237941799000055 ], [ -1.349720831999946, 60.211086330000057 ], [ -1.356556769999941, 60.196763414000031 ], [ -1.398101365999935, 60.211086330000057 ], [ -1.40461178299995, 60.179510809000078 ], [ -1.413644985999952, 60.176988023000035 ], [ -1.418690558999913, 60.190619208000044 ], [ -1.430775519999941, 60.184881903000075 ], [ -1.43773352799991, 60.163397528000075 ], [ -1.455433722999942, 60.156195380000042 ], [ -1.520985480999911, 60.183742580000057 ], [ -1.527251756999931, 60.192938544000071 ], [ -1.509510870999918, 60.209947007000039 ], [ -1.466420050999943, 60.217230536000045 ], [ -1.503651495999918, 60.243353583000044 ], [ -1.525054490999935, 60.21234772300005 ], [ -1.536773240999935, 60.210923570000034 ], [ -1.548247850999928, 60.229722398000035 ], [ -1.593006964999915, 60.217230536000045 ], [ -1.624663865999935, 60.217230536000045 ], [ -1.632801886999914, 60.230292059000078 ], [ -1.669748501999948, 60.239569403000075 ], [ -1.690174933999913, 60.285142320000034 ], [ -1.638742641999954, 60.311468817000048 ], [ -1.602935350999928, 60.313462632000039 ], [ -1.565297003999945, 60.292669989000046 ], [ -1.548410610999952, 60.292954820000034 ], [ -1.555816209999932, 60.306626695000034 ], [ -1.520985480999911, 60.299790757000039 ], [ -1.528431769999941, 60.313462632000039 ], [ -1.481434699999909, 60.316473700000074 ], [ -1.467600063999953, 60.308539130000042 ], [ -1.466420050999943, 60.278713283000059 ], [ -1.44595292899993, 60.286200262000079 ], [ -1.459584113999938, 60.306626695000034 ], [ -1.439035610999952, 60.306626695000034 ], [ -1.44595292899993, 60.32094961100006 ], [ -1.422759568999936, 60.326117255000042 ], [ -1.396351691999939, 60.321844794000071 ], [ -1.374256964999915, 60.308417059000078 ], [ -1.364003058999913, 60.286200262000079 ], [ -1.336089647999927, 60.306626695000034 ], [ -1.364003058999913, 60.32094961100006 ], [ -1.343495245999918, 60.347601630000042 ], [ -1.315541144999941, 60.341376044000071 ], [ -1.328114386999914, 60.352687893000052 ], [ -1.260365363999938, 60.355047919000071 ], [ -1.337554490999935, 60.37445709800005 ], [ -1.343495245999918, 60.395982164000031 ], [ -1.373402472999942, 60.381089585000041 ], [ -1.395008917999917, 60.389960028000075 ], [ -1.398589647999927, 60.399603583000044 ], [ -1.384429490999935, 60.423325914000031 ], [ -1.439035610999952, 60.430812893000052 ], [ -1.44595292899993, 60.492254950000074 ], [ -1.480091925999943, 60.457464911000045 ], [ -1.495594855999911, 60.460882880000042 ], [ -1.499094204999949, 60.46906159100007 ], [ -1.480091925999943, 60.485419012000079 ], [ -1.532093878999945, 60.483099677000041 ], [ -1.548410610999952, 60.492254950000074 ], [ -1.572010870999918, 60.476752020000049 ], [ -1.609364386999914, 60.483343817000048 ], [ -1.58617102799991, 60.512111721000053 ], [ -1.555816209999932, 60.512111721000053 ], [ -1.548410610999952, 60.53937409100007 ], [ -1.526966925999943, 60.556830145000049 ], [ -1.51398678299995, 60.557806708000044 ], [ -1.488189256999931, 60.525824286000045 ], [ -1.455067511999914, 60.508856512000079 ], [ -1.417469855999911, 60.502183335000041 ], [ -1.384429490999935, 60.512111721000053 ], [ -1.435943162999934, 60.518947658000059 ], [ -1.463856574999909, 60.53742096600007 ], [ -1.480091925999943, 60.53937409100007 ], [ -1.452788865999935, 60.567328192000048 ], [ -1.411122199999909, 60.58038971600007 ], [ -1.425363735999952, 60.587836005000042 ], [ -1.414051886999914, 60.59992096600007 ], [ -1.418690558999913, 60.608303127000056 ], [ -1.366851365999935, 60.612250067000048 ], [ -1.315541144999941, 60.59406159100007 ], [ -1.308705206999946, 60.601467190000051 ], [ -1.326161261999914, 60.611151434000078 ], [ -1.323963995999918, 60.621323960000041 ], [ -1.30142167899993, 60.643052476000037 ], [ -1.291411912999934, 60.623114325000074 ], [ -1.292103644999941, 60.599595445000034 ], [ -1.308705206999946, 60.587836005000042 ], [ -1.30142167899993, 60.564846096000053 ], [ -1.336089647999927, 60.533189195000034 ], [ -1.315541144999941, 60.533189195000034 ], [ -1.336089647999927, 60.525783596000053 ], [ -1.315541144999941, 60.518947658000059 ], [ -1.336089647999927, 60.485419012000079 ], [ -1.30142167899993, 60.498439846000053 ], [ -1.295033331999946, 60.492254950000074 ], [ -1.311919725999928, 60.470892645000049 ], [ -1.308705206999946, 60.457464911000045 ], [ -1.327951626999948, 60.453192450000074 ], [ -1.370228644999941, 60.402167059000078 ], [ -1.322987433999913, 60.409654039000031 ], [ -1.324330206999946, 60.427720445000034 ], [ -1.296986456999946, 60.437974351000037 ], [ -1.233631964999915, 60.443793036000045 ], [ -1.295033331999946, 60.471136786000045 ], [ -1.271962042999917, 60.484279690000051 ], [ -1.26195227799991, 60.481594143000052 ], [ -1.260365363999938, 60.464911200000074 ], [ -1.217518683999913, 60.497992255000042 ], [ -1.186268683999913, 60.482245184000078 ], [ -1.192616339999915, 60.471136786000045 ], [ -1.169911261999914, 60.463120835000041 ], [ -1.157866990999935, 60.443793036000045 ], [ -1.16470292899993, 60.43695709800005 ], [ -1.151722785999937, 60.430812893000052 ], [ -1.163970506999931, 60.425482489000046 ], [ -1.185902472999942, 60.431586005000042 ], [ -1.220773891999954, 60.409125067000048 ], [ -1.185170050999943, 60.416489976000037 ], [ -1.19945227799991, 60.409654039000031 ], [ -1.19945227799991, 60.402167059000078 ], [ -1.165435350999928, 60.412054755000042 ], [ -1.153675910999937, 60.407904364000046 ], [ -1.151722785999937, 60.388576565000051 ], [ -1.144276495999918, 60.388576565000051 ], [ -1.140288865999935, 60.398871161000045 ], [ -1.123768683999913, 60.402167059000078 ], [ -1.103423631999931, 60.430812893000052 ], [ -1.097035285999937, 60.416489976000037 ] ] ] } },
{ "type": "Feature", "properties": { }, "geometry": { "type": "Polygon", "coordinates": [ [ [ 23.255137566000087, 58.500067450000074 ], [ 23.318369988000086, 58.472479559000078 ], [ 23.333262566000087, 58.456366278000075 ], [ 23.324961785000085, 58.442287502000056 ], [ 23.26140384200005, 58.465887762000079 ], [ 23.23764082100007, 58.456366278000075 ], [ 23.261729363000086, 58.451605536000045 ], [ 23.278005405000044, 58.436509507000039 ], [ 23.234873894000089, 58.439886786000045 ], [ 23.196055535000085, 58.456366278000075 ], [ 23.181895379000082, 58.474676825000074 ], [ 23.156504754000082, 58.477525132000039 ], [ 23.130381707000083, 58.439520575000074 ], [ 23.108653191000087, 58.429022528000075 ], [ 23.084239129000082, 58.429632880000042 ], [ 23.086761915000068, 58.394964911000045 ], [ 23.042491082000083, 58.371486721000053 ], [ 23.021983269000089, 58.363226630000042 ], [ 22.977549675000091, 58.381659247000073 ], [ 22.95484459700009, 58.381048895000049 ], [ 22.947520379000082, 58.372626044000071 ], [ 22.969493035000085, 58.360174872000073 ], [ 22.902679884000065, 58.311835028000075 ], [ 22.854014519000089, 58.298732815000051 ], [ 22.811208530000044, 58.273423570000034 ], [ 22.721202019000089, 58.270331122000073 ], [ 22.710134311000047, 58.257757880000042 ], [ 22.756683790000068, 58.242254950000074 ], [ 22.723155144000089, 58.225409247000073 ], [ 22.669200066000087, 58.221502997000073 ], [ 22.654958530000044, 58.244696356000077 ], [ 22.621348504000082, 58.252752997000073 ], [ 22.586192254000082, 58.247788804000038 ], [ 22.564952019000089, 58.235174872000073 ], [ 22.535004102000073, 58.254055080000057 ], [ 22.504161004000082, 58.223537502000056 ], [ 22.497243686000047, 58.223049221000053 ], [ 22.490977410000085, 58.244696356000077 ], [ 22.476817254000082, 58.245103257000039 ], [ 22.42164147200009, 58.221625067000048 ], [ 22.387950066000087, 58.226752020000049 ], [ 22.323415561000047, 58.206610419000071 ], [ 22.271739129000082, 58.174261786000045 ], [ 22.26539147200009, 58.115057684000078 ], [ 22.229258660000085, 58.05219147300005 ], [ 22.199880405000044, 58.02602773600006 ], [ 22.202972852000073, 57.993963934000078 ], [ 22.048350457000083, 57.915106512000079 ], [ 22.016856316000087, 57.914496161000045 ], [ 21.990082227000073, 57.935614325000074 ], [ 21.990733269000089, 57.958238023000035 ], [ 21.964121941000087, 57.971380927000041 ], [ 21.963389519000089, 57.984035549000055 ], [ 21.997569207000083, 57.984035549000055 ], [ 22.021332227000073, 58.021226304000038 ], [ 22.08570397200009, 58.082586981000077 ], [ 22.147715691000087, 58.079575914000031 ], [ 22.165049675000091, 58.116888739000046 ], [ 22.202972852000073, 58.14789459800005 ], [ 22.141856316000087, 58.169501044000071 ], [ 22.072276238000086, 58.175848700000074 ], [ 22.052989129000082, 58.186590887000079 ], [ 22.016856316000087, 58.233872789000031 ], [ 21.99382571700005, 58.244696356000077 ], [ 21.896494988000086, 58.250718492000033 ], [ 21.867849155000044, 58.264593817000048 ], [ 21.843760613000086, 58.29360586100006 ], [ 21.843272332000083, 58.302150783000059 ], [ 21.855642123000052, 58.306870835000041 ], [ 21.908213738000086, 58.298732815000051 ], [ 21.873301629000082, 58.341620184000078 ], [ 21.894541863000086, 58.346502997000073 ], [ 21.944590691000087, 58.318752346000053 ], [ 21.963389519000089, 58.326605536000045 ], [ 21.954925977000073, 58.34406159100007 ], [ 21.968028191000087, 58.354559637000079 ], [ 22.011241082000083, 58.353949286000045 ], [ 21.945974155000044, 58.43227773600006 ], [ 21.832367384000065, 58.510972398000035 ], [ 21.901377800000091, 58.497992255000042 ], [ 21.916270379000082, 58.501166083000044 ], [ 21.928477410000085, 58.518377997000073 ], [ 21.995616082000083, 58.512518622000073 ], [ 22.020762566000087, 58.499253648000035 ], [ 22.06421959700009, 58.456691799000055 ], [ 22.07357832100007, 58.426906643000052 ], [ 22.089366082000083, 58.42218659100007 ], [ 22.098480665000068, 58.42609284100007 ], [ 22.09310957100007, 58.44953034100007 ], [ 22.103688998000052, 58.487209377000056 ], [ 22.113617384000065, 58.497992255000042 ], [ 22.171885613000086, 58.521551825000074 ], [ 22.194590691000087, 58.545843817000048 ], [ 22.215586785000085, 58.544175523000035 ], [ 22.228851759000065, 58.510565497000073 ], [ 22.27320397200009, 58.502020575000074 ], [ 22.28288821700005, 58.522040106000077 ], [ 22.288340691000087, 58.569322007000039 ], [ 22.32195071700005, 58.584784247000073 ], [ 22.463063998000052, 58.592922268000052 ], [ 22.550303582000083, 58.629584052000041 ], [ 22.583181186000047, 58.634507554000038 ], [ 22.61264082100007, 58.605698960000041 ], [ 22.64812259200005, 58.586737372000073 ], [ 22.682139519000089, 58.600327867000033 ], [ 22.736338738000086, 58.588080145000049 ], [ 22.811371290000068, 58.622951565000051 ], [ 22.846364780000044, 58.613430080000057 ], [ 22.922048373000052, 58.617417710000041 ], [ 23.091075066000087, 58.57094961100006 ], [ 23.148285352000073, 58.521551825000074 ], [ 23.255137566000087, 58.500067450000074 ] ] ] } },
{ "type": "Feature", "properties": { }, "geometry": { "type": "Polygon", "coordinates": [ [ [ 22.324961785000085, 58.896633205000057 ], [ 22.19499759200005, 58.888006903000075 ], [ 22.04468834700009, 58.93618398600006 ], [ 22.055511915000068, 58.952704169000071 ], [ 22.094248894000089, 58.956040757000039 ], [ 22.168223504000082, 58.950384833000044 ], [ 22.463063998000052, 58.970892645000049 ], [ 22.443532748000052, 58.977728583000044 ], [ 22.442067905000044, 58.98468659100007 ], [ 22.488454623000052, 58.981146552000041 ], [ 22.487559441000087, 59.016424872000073 ], [ 22.559255405000044, 59.038397528000075 ], [ 22.572927280000044, 59.052801825000074 ], [ 22.578298373000052, 59.07843659100007 ], [ 22.597666863000086, 59.089504299000055 ], [ 22.666677280000044, 59.084906317000048 ], [ 22.714121941000087, 59.069566148000035 ], [ 22.691579623000052, 59.041164455000057 ], [ 22.701345248000052, 59.024969794000071 ], [ 22.736664259000065, 59.005072333000044 ], [ 22.837168816000087, 59.008612372000073 ], [ 22.934092644000089, 58.984035549000055 ], [ 22.949554884000065, 58.970892645000049 ], [ 22.949554884000065, 58.93618398600006 ], [ 23.015147332000083, 58.891791083000044 ], [ 23.021739129000082, 58.864081122000073 ], [ 23.039073113000086, 58.861029364000046 ], [ 23.040537957000083, 58.840765692000048 ], [ 23.033539259000065, 58.830308335000041 ], [ 23.019053582000083, 58.829087632000039 ], [ 22.95679772200009, 58.847398179000038 ], [ 22.942230665000068, 58.834214585000041 ], [ 22.929209832000083, 58.839992580000057 ], [ 22.879567905000044, 58.832709052000041 ], [ 22.867198113000086, 58.820054429000038 ], [ 22.886973504000082, 58.811835028000075 ], [ 22.886729363000086, 58.79047272300005 ], [ 22.84538821700005, 58.776516018000052 ], [ 22.790049675000091, 58.780991929000038 ], [ 22.778330925000091, 58.792181708000044 ], [ 22.826914910000085, 58.819159247000073 ], [ 22.819346550000091, 58.829657294000071 ], [ 22.777598504000082, 58.824367580000057 ], [ 22.736664259000065, 58.806463934000078 ], [ 22.68100019600007, 58.72406647300005 ], [ 22.654958530000044, 58.702785549000055 ], [ 22.611175977000073, 58.690497137000079 ], [ 22.555674675000091, 58.686997789000031 ], [ 22.50171959700009, 58.69476959800005 ], [ 22.463063998000052, 58.716457424000055 ], [ 22.497243686000047, 58.737534898000035 ], [ 22.449473504000082, 58.786810614000046 ], [ 22.439789259000065, 58.841376044000071 ], [ 22.382090691000087, 58.88226959800005 ], [ 22.324961785000085, 58.896633205000057 ] ] ] } },
{ "type": "Feature", "properties": { }, "geometry": { "type": "Polygon", "coordinates": [ [ [ 0.932465040000068, 51.397691148000035 ], [ 0.942149285000085, 51.383002020000049 ], [ 0.936371290000068, 51.371039130000042 ], [ 0.91146894600007, 51.364406643000052 ], [ 0.794769727000073, 51.37055084800005 ], [ 0.75757897200009, 51.386419989000046 ], [ 0.733897332000083, 51.412176825000074 ], [ 0.746836785000085, 51.439642645000049 ], [ 0.76693769600007, 51.447943427000041 ], [ 0.890798373000052, 51.421047268000052 ], [ 0.932465040000068, 51.397691148000035 ] ] ] } },
{ "type": "Feature", "properties": { }, "geometry": { "type": "Polygon", "coordinates": [ [ [ -3.036447719999956, 59.129095770000049 ], [ -3.091786261999914, 59.142808335000041 ], [ -3.114654100999928, 59.158351955000057 ], [ -3.120432094999956, 59.176581122000073 ], [ -3.102406378999945, 59.190252997000073 ], [ -3.074208136999914, 59.197495835000041 ], [ -3.049183722999942, 59.196844794000071 ], [ -3.029123501999948, 59.182359117000033 ], [ -2.952951626999948, 59.183172919000071 ], [ -2.977162238999938, 59.163397528000075 ], [ -2.97524980399993, 59.133775132000039 ], [ -3.036447719999956, 59.129095770000049 ] ] ] } },
{ "type": "Feature", "properties": { }, "geometry": { "type": "Polygon", "coordinates": [ [ [ 18.554698113000086, 60.324774481000077 ], [ 18.567881707000083, 60.321275132000039 ], [ 18.566905144000089, 60.307440497000073 ], [ 18.514333530000044, 60.32094961100006 ], [ 18.458832227000073, 60.35382721600007 ], [ 18.402191602000073, 60.369818427000041 ], [ 18.389170769000089, 60.391017971000053 ], [ 18.38803144600007, 60.478908596000053 ], [ 18.375173373000052, 60.500392971000053 ], [ 18.378754102000073, 60.507798570000034 ], [ 18.406260613000086, 60.505845445000034 ], [ 18.426768425000091, 60.485419012000079 ], [ 18.426768425000091, 60.464911200000074 ], [ 18.466075066000087, 60.442694403000075 ], [ 18.474457227000073, 60.430812893000052 ], [ 18.419932488000086, 60.443793036000045 ], [ 18.484629754000082, 60.366400458000044 ], [ 18.507823113000086, 60.356024481000077 ], [ 18.529795769000089, 60.368109442000048 ], [ 18.53679446700005, 60.344427802000041 ], [ 18.554698113000086, 60.324774481000077 ] ] ] } },
{ "type": "Feature", "properties": { }, "geometry": { "type": "Polygon", "coordinates": [ [ [ 4.960785352000073, 60.559881903000075 ], [ 5.026377800000091, 60.52289459800005 ], [ 5.15015709700009, 60.501369533000059 ], [ 5.194183790000068, 60.471136786000045 ], [ 5.204356316000087, 60.431830145000049 ], [ 5.192393425000091, 60.418768622000073 ], [ 5.125010613000086, 60.402411200000074 ], [ 5.115733269000089, 60.42804596600007 ], [ 5.132823113000086, 60.443793036000045 ], [ 5.064463738000086, 60.464911200000074 ], [ 5.078135613000086, 60.47797272300005 ], [ 5.063324415000068, 60.476792710000041 ], [ 5.053721550000091, 60.502142645000049 ], [ 5.043955925000091, 60.506415106000077 ], [ 5.005869988000086, 60.498439846000053 ], [ 4.990570509000065, 60.50617096600007 ], [ 4.960785352000073, 60.559881903000075 ] ] ] } },
{ "type": "Feature", "properties": { }, "geometry": { "type": "Polygon", "coordinates": [ [ [ 6.26303144600007, 62.423814195000034 ], [ 6.321299675000091, 62.422837632000039 ], [ 6.332530144000089, 62.41079336100006 ], [ 6.318369988000086, 62.403957424000055 ], [ 6.165049675000091, 62.396551825000074 ], [ 6.090668165000068, 62.402411200000074 ], [ 6.023448113000086, 62.437445380000042 ], [ 6.201670769000089, 62.444891669000071 ], [ 6.26303144600007, 62.423814195000034 ] ] ] } },
{ "type": "Feature", "properties": { }, "geometry": { "type": "Polygon", "coordinates": [ [ [ 6.852793816000087, 62.745917059000078 ], [ 6.904470248000052, 62.732611395000049 ], [ 6.919444207000083, 62.717189846000053 ], [ 6.914073113000086, 62.698187567000048 ], [ 6.749196811000047, 62.676459052000041 ], [ 6.672373894000089, 62.655991929000038 ], [ 6.662771030000044, 62.675116278000075 ], [ 6.646657748000052, 62.678290106000077 ], [ 6.646657748000052, 62.684515692000048 ], [ 6.68140709700009, 62.698187567000048 ], [ 6.674815300000091, 62.717189846000053 ], [ 6.684743686000047, 62.730169989000046 ], [ 6.703135613000086, 62.73578522300005 ], [ 6.72242272200009, 62.732896226000037 ], [ 6.715586785000085, 62.725490627000056 ], [ 6.743988477000073, 62.722886460000041 ], [ 6.852793816000087, 62.745917059000078 ] ] ] } },
{ "type": "Feature", "properties": { }, "geometry": { "type": "Polygon", "coordinates": [ [ [ 7.778168165000068, 63.081732489000046 ], [ 7.886729363000086, 63.099758205000057 ], [ 7.914724155000044, 63.081732489000046 ], [ 7.873383009000065, 63.045111395000049 ], [ 7.787933790000068, 63.020656643000052 ], [ 7.68132571700005, 63.055080471000053 ], [ 7.68132571700005, 63.061265367000033 ], [ 7.699066602000073, 63.06195709800005 ], [ 7.712738477000073, 63.088568427000041 ], [ 7.726410352000073, 63.093817450000074 ], [ 7.778168165000068, 63.081732489000046 ] ] ] } },
{ "type": "Feature", "properties": { }, "geometry": { "type": "Polygon", "coordinates": [ [ [ 12.224864129000082, 65.123765367000033 ], [ 12.309092644000089, 65.110581773000035 ], [ 12.30046634200005, 65.096502997000073 ], [ 12.270274285000085, 65.08071523600006 ], [ 12.156504754000082, 65.055487372000073 ], [ 11.979014519000089, 65.082831122000073 ], [ 12.048350457000083, 65.08539459800005 ], [ 12.043467644000089, 65.107001044000071 ], [ 12.060557488000086, 65.117621161000045 ], [ 12.122325066000087, 65.131293036000045 ], [ 12.092784050000091, 65.135565497000073 ], [ 12.088145379000082, 65.144924221000053 ], [ 12.09506269600007, 65.178412177000041 ], [ 12.113942905000044, 65.192572333000044 ], [ 12.167246941000087, 65.211127020000049 ], [ 12.208018425000091, 65.207261460000041 ], [ 12.240977410000085, 65.178697007000039 ], [ 12.271657748000052, 65.164618231000077 ], [ 12.224864129000082, 65.123765367000033 ] ] ] } },
{ "type": "Feature", "properties": { }, "geometry": { "type": "Polygon", "coordinates": [ [ [ 23.389659050000091, 59.007513739000046 ], [ 23.393728061000047, 58.996242580000057 ], [ 23.374278191000087, 58.975531317000048 ], [ 23.340098504000082, 58.983954169000071 ], [ 23.278575066000087, 58.970689195000034 ], [ 23.223399285000085, 58.983954169000071 ], [ 23.210785352000073, 58.97296784100007 ], [ 23.174164259000065, 58.968329169000071 ], [ 23.148285352000073, 58.974025783000059 ], [ 23.114105665000068, 59.02179596600007 ], [ 23.11890709700009, 59.03351471600007 ], [ 23.14820397200009, 59.044419664000031 ], [ 23.208018425000091, 59.044094143000052 ], [ 23.278005405000044, 59.032375393000052 ], [ 23.344248894000089, 59.039292710000041 ], [ 23.389659050000091, 59.007513739000046 ] ] ] } },
{ "type": "Feature", "properties": { }, "geometry": { "type": "Polygon", "coordinates": [ [ [ 17.706309441000087, 59.008368231000077 ], [ 17.704112175000091, 58.955267645000049 ], [ 17.694346550000091, 58.928615627000056 ], [ 17.680674675000091, 58.921820380000042 ], [ 17.69117272200009, 58.90180084800005 ], [ 17.684825066000087, 58.900824286000045 ], [ 17.657725457000083, 58.922674872000073 ], [ 17.64812259200005, 58.918931382000039 ], [ 17.639170769000089, 58.930975653000075 ], [ 17.640635613000086, 58.947658596000053 ], [ 17.624278191000087, 58.963934637000079 ], [ 17.64812259200005, 59.017523505000042 ], [ 17.64389082100007, 59.061346747000073 ], [ 17.652191602000073, 59.071519273000035 ], [ 17.663096550000091, 59.071966864000046 ], [ 17.694102410000085, 59.038967190000051 ], [ 17.706309441000087, 59.008368231000077 ] ] ] } },
{ "type": "Feature", "properties": { }, "geometry": { "type": "Polygon", "coordinates": [ [ [ 5.298350457000083, 60.059719143000052 ], [ 5.297048373000052, 60.027533270000049 ], [ 5.268809441000087, 59.994859117000033 ], [ 5.25367272200009, 59.993109442000048 ], [ 5.24545332100007, 60.004299221000053 ], [ 5.204274936000047, 60.016058661000045 ], [ 5.197927280000044, 60.033880927000041 ], [ 5.171722852000073, 60.04946523600006 ], [ 5.179860873000052, 60.068182684000078 ], [ 5.203623894000089, 60.088283596000053 ], [ 5.223887566000087, 60.042303778000075 ], [ 5.246592644000089, 60.051459052000041 ], [ 5.204925977000073, 60.107082424000055 ], [ 5.205332879000082, 60.117377020000049 ], [ 5.217539910000085, 60.118475653000075 ], [ 5.24781334700009, 60.098537502000056 ], [ 5.25953209700009, 60.075588283000059 ], [ 5.265879754000082, 60.08266836100006 ], [ 5.279307488000086, 60.081244208000044 ], [ 5.298350457000083, 60.059719143000052 ] ] ] } },
{ "type": "Feature", "properties": { }, "geometry": { "type": "Polygon", "coordinates": [ [ [ 5.120290561000047, 62.025783596000053 ], [ 5.15211022200009, 61.997951565000051 ], [ 5.148692254000082, 61.98859284100007 ], [ 5.123220248000052, 61.948797919000071 ], [ 5.095225457000083, 61.927435614000046 ], [ 5.021494988000086, 61.938869533000059 ], [ 5.016123894000089, 61.952460028000075 ], [ 5.036631707000083, 61.961493231000077 ], [ 5.048350457000083, 61.952826239000046 ], [ 5.055837436000047, 61.958970445000034 ], [ 5.05437259200005, 61.972357489000046 ], [ 4.984222852000073, 62.009466864000046 ], [ 4.985118035000085, 62.033880927000041 ], [ 4.992930535000085, 62.035060940000051 ], [ 5.07976321700005, 62.006415106000077 ], [ 5.101817254000082, 62.021307684000078 ], [ 5.120290561000047, 62.025783596000053 ] ] ] } },
{ "type": "Feature", "properties": { }, "geometry": { "type": "Polygon", "coordinates": [ [ [ 11.776866082000083, 65.118475653000075 ], [ 11.777191602000073, 65.110052802000041 ], [ 11.76531009200005, 65.102118231000077 ], [ 11.67359459700009, 65.07172272300005 ], [ 11.70085696700005, 65.06476471600007 ], [ 11.669444207000083, 65.044907945000034 ], [ 11.651866082000083, 65.045721747000073 ], [ 11.65796959700009, 65.064683335000041 ], [ 11.57984459700009, 65.042547919000071 ], [ 11.518809441000087, 65.054592190000051 ], [ 11.528168165000068, 65.063788153000075 ], [ 11.53101647200009, 65.085191148000035 ], [ 11.580332879000082, 65.10968659100007 ], [ 11.688975457000083, 65.117987372000073 ], [ 11.725759311000047, 65.106634833000044 ], [ 11.776866082000083, 65.118475653000075 ] ] ] } },
{ "type": "Feature", "properties": { }, "geometry": { "type": "Polygon", "coordinates": [ [ [ 6.016368035000085, 59.292181708000044 ], [ 6.099864129000082, 59.276556708000044 ], [ 6.091807488000086, 59.261419989000046 ], [ 6.05632571700005, 59.240708726000037 ], [ 5.958181186000047, 59.227850653000075 ], [ 5.929860873000052, 59.243475653000075 ], [ 5.932465040000068, 59.26898834800005 ], [ 5.95248457100007, 59.283921617000033 ], [ 6.016368035000085, 59.292181708000044 ] ] ] } },
{ "type": "Feature", "properties": { }, "geometry": { "type": "Polygon", "coordinates": [ [ [ 5.687673373000052, 60.611721096000053 ], [ 5.674001498000052, 60.546820380000042 ], [ 5.68140709700009, 60.481675523000035 ], [ 5.675954623000052, 60.472886460000041 ], [ 5.624522332000083, 60.466864325000074 ], [ 5.608897332000083, 60.443793036000045 ], [ 5.502126498000052, 60.43695709800005 ], [ 5.435557488000086, 60.476507880000042 ], [ 5.392832879000082, 60.512111721000053 ], [ 5.32398522200009, 60.546820380000042 ], [ 5.409027540000068, 60.558010158000059 ], [ 5.434336785000085, 60.577826239000046 ], [ 5.56967207100007, 60.625067450000074 ], [ 5.587738477000073, 60.642523505000042 ], [ 5.59156334700009, 60.676581122000073 ], [ 5.608409050000091, 60.688421942000048 ], [ 5.66570071700005, 60.688788153000075 ], [ 5.687673373000052, 60.676581122000073 ], [ 5.687673373000052, 60.611721096000053 ] ] ] } },
{ "type": "Feature", "properties": { }, "geometry": { "type": "Polygon", "coordinates": [ [ [ 5.726573113000086, 62.281805731000077 ], [ 5.801117384000065, 62.277411200000074 ], [ 5.80445397200009, 62.266791083000044 ], [ 5.785329623000052, 62.251695054000038 ], [ 5.785817905000044, 62.238470770000049 ], [ 5.797536655000044, 62.232001044000071 ], [ 5.79070071700005, 62.214992580000057 ], [ 5.701426629000082, 62.191066799000055 ], [ 5.546885613000086, 62.192694403000075 ], [ 5.530039910000085, 62.197821356000077 ], [ 5.502126498000052, 62.225816148000035 ], [ 5.583262566000087, 62.218410549000055 ], [ 5.605723504000082, 62.225816148000035 ], [ 5.518077019000089, 62.243150132000039 ], [ 5.539398634000065, 62.258246161000045 ], [ 5.557302280000044, 62.259955145000049 ], [ 5.543711785000085, 62.273016669000071 ], [ 5.563243035000085, 62.291408596000053 ], [ 5.670583530000044, 62.294094143000052 ], [ 5.696462436000047, 62.301662502000056 ], [ 5.726573113000086, 62.281805731000077 ] ] ] } },
{ "type": "Feature", "properties": { }, "geometry": { "type": "Polygon", "coordinates": [ [ [ 5.967458530000044, 62.417303778000075 ], [ 5.999522332000083, 62.366115627000056 ], [ 6.078786655000044, 62.341864325000074 ], [ 6.037119988000086, 62.335028387000079 ], [ 5.874034050000091, 62.255438544000071 ], [ 5.811289910000085, 62.245672919000071 ], [ 5.851573113000086, 62.280462958000044 ], [ 5.83171634200005, 62.286607164000031 ], [ 5.841075066000087, 62.313055731000077 ], [ 5.811208530000044, 62.343451239000046 ], [ 5.80445397200009, 62.362372137000079 ], [ 5.815603061000047, 62.385728257000039 ], [ 5.836599155000044, 62.403225002000056 ], [ 5.886241082000083, 62.423814195000034 ], [ 5.943858269000089, 62.42804596600007 ], [ 5.967458530000044, 62.417303778000075 ] ] ] } },
{ "type": "Feature", "properties": { }, "geometry": { "type": "Polygon", "coordinates": [ [ [ 6.832286004000082, 62.841538804000038 ], [ 6.924327019000089, 62.856594143000052 ], [ 6.942149285000085, 62.841538804000038 ], [ 6.942149285000085, 62.825913804000038 ], [ 6.896332227000073, 62.819810289000031 ], [ 6.880056186000047, 62.808010158000059 ], [ 6.903819207000083, 62.790350653000075 ], [ 6.900563998000052, 62.780096747000073 ], [ 6.886729363000086, 62.775091864000046 ], [ 6.770355665000068, 62.816961981000077 ], [ 6.804209832000083, 62.822251695000034 ], [ 6.777517123000052, 62.839829820000034 ], [ 6.777598504000082, 62.848944403000075 ], [ 6.790049675000091, 62.857652085000041 ], [ 6.832286004000082, 62.841538804000038 ] ] ] } },
{ "type": "Feature", "properties": { }, "geometry": { "type": "Polygon", "coordinates": [ [ [ 8.483897332000083, 63.246812242000033 ], [ 8.574717644000089, 63.199611721000053 ], [ 8.56576582100007, 63.177923895000049 ], [ 8.42318769600007, 63.161078192000048 ], [ 8.374034050000091, 63.164943752000056 ], [ 8.344899936000047, 63.176459052000041 ], [ 8.264170769000089, 63.232611395000049 ], [ 8.272959832000083, 63.267523505000042 ], [ 8.28842207100007, 63.277167059000078 ], [ 8.32593834700009, 63.259588934000078 ], [ 8.353526238000086, 63.267279364000046 ], [ 8.396006707000083, 63.22687409100007 ], [ 8.408213738000086, 63.239406643000052 ], [ 8.401377800000091, 63.272040106000077 ], [ 8.410492384000065, 63.283392645000049 ], [ 8.428721550000091, 63.287787177000041 ], [ 8.445974155000044, 63.283677476000037 ], [ 8.483897332000083, 63.246812242000033 ] ] ] } },
{ "type": "Feature", "properties": { }, "geometry": { "type": "Polygon", "coordinates": [ [ [ 9.176036004000082, 63.567775783000059 ], [ 9.10678144600007, 63.533270575000074 ], [ 8.858571811000047, 63.487005927000041 ], [ 8.718028191000087, 63.484035549000055 ], [ 8.662282748000052, 63.468329169000071 ], [ 8.573252800000091, 63.459133205000057 ], [ 8.477061394000089, 63.431219794000071 ], [ 8.39031009200005, 63.433823960000041 ], [ 8.333018425000091, 63.459133205000057 ], [ 8.318532748000052, 63.447088934000078 ], [ 8.299327019000089, 63.445502020000049 ], [ 8.288259311000047, 63.448553778000075 ], [ 8.284678582000083, 63.466538804000038 ], [ 8.277842644000089, 63.466538804000038 ], [ 8.317230665000068, 63.513169664000031 ], [ 8.413340691000087, 63.557806708000044 ], [ 8.618011915000068, 63.570746161000045 ], [ 8.69109134200005, 63.563421942000048 ], [ 8.723480665000068, 63.567775783000059 ], [ 8.681813998000052, 63.578802802000041 ], [ 8.584646030000044, 63.587103583000044 ], [ 8.545258009000065, 63.602484442000048 ], [ 8.564707879000082, 63.611883856000077 ], [ 8.621104363000086, 63.609930731000077 ], [ 8.788259311000047, 63.640041408000059 ], [ 8.827647332000083, 63.639593817000048 ], [ 8.83334394600007, 63.616766669000071 ], [ 8.846446160000085, 63.615912177000041 ], [ 8.868174675000091, 63.646185614000046 ], [ 8.965179884000065, 63.656236070000034 ], [ 8.977305535000085, 63.644110419000071 ], [ 8.956879102000073, 63.630438544000071 ], [ 8.97437584700009, 63.620266018000052 ], [ 8.988291863000086, 63.592759507000039 ], [ 9.048675977000073, 63.607977606000077 ], [ 9.080088738000086, 63.606187242000033 ], [ 9.121348504000082, 63.581976630000042 ], [ 9.12671959700009, 63.569077867000033 ], [ 9.176036004000082, 63.567775783000059 ] ] ] } },
{ "type": "Feature", "properties": { }, "geometry": { "type": "Polygon", "coordinates": [ [ [ 11.31218509200005, 64.540106512000079 ], [ 11.425629102000073, 64.539740302000041 ], [ 11.451426629000082, 64.514960028000075 ], [ 11.416758660000085, 64.472723700000074 ], [ 11.391449415000068, 64.48273346600007 ], [ 11.31576582100007, 64.487982489000046 ], [ 11.283864780000044, 64.513251044000071 ], [ 11.180186394000089, 64.507473049000055 ], [ 11.12867272200009, 64.555853583000044 ], [ 11.141612175000091, 64.571275132000039 ], [ 11.224864129000082, 64.569525458000044 ], [ 11.191742384000065, 64.595607815000051 ], [ 11.083994988000086, 64.588283596000053 ], [ 11.042979363000086, 64.59992096600007 ], [ 11.037364129000082, 64.614447333000044 ], [ 11.053965691000087, 64.643947658000059 ], [ 11.085785352000073, 64.652044989000046 ], [ 11.229258660000085, 64.611273505000042 ], [ 11.269379102000073, 64.592230536000045 ], [ 11.286306186000047, 64.558986721000053 ], [ 11.31218509200005, 64.540106512000079 ] ] ] } },
{ "type": "Feature", "properties": { }, "geometry": { "type": "Polygon", "coordinates": [ [ [ 12.461680535000085, 65.412827867000033 ], [ 12.490489129000082, 65.397609768000052 ], [ 12.506602410000085, 65.398138739000046 ], [ 12.444590691000087, 65.370835679000038 ], [ 12.392425977000073, 65.360174872000073 ], [ 12.336436394000089, 65.331529039000031 ], [ 12.211110873000052, 65.324652411000045 ], [ 12.204274936000047, 65.319322007000039 ], [ 12.211192254000082, 65.302557684000078 ], [ 12.24773196700005, 65.280462958000044 ], [ 12.183848504000082, 65.247300523000035 ], [ 12.080577019000089, 65.215033270000049 ], [ 12.053477410000085, 65.219956773000035 ], [ 12.077321811000047, 65.233628648000035 ], [ 12.122325066000087, 65.302557684000078 ], [ 12.080739780000044, 65.308783270000049 ], [ 12.122243686000047, 65.357326565000051 ], [ 12.142832879000082, 65.363999742000033 ], [ 12.180674675000091, 65.35101959800005 ], [ 12.211192254000082, 65.377630927000041 ], [ 12.211192254000082, 65.38507721600007 ], [ 12.183767123000052, 65.383490302000041 ], [ 12.160817905000044, 65.395819403000075 ], [ 12.211192254000082, 65.42609284100007 ], [ 12.328461134000065, 65.467027085000041 ], [ 12.31421959700009, 65.494940497000073 ], [ 12.258555535000085, 65.47296784100007 ], [ 12.197438998000052, 65.473863023000035 ], [ 12.23218834700009, 65.487494208000044 ], [ 12.204356316000087, 65.487494208000044 ], [ 12.240407748000052, 65.526068427000041 ], [ 12.245290561000047, 65.541489976000037 ], [ 12.224864129000082, 65.548976955000057 ], [ 12.258636915000068, 65.574611721000053 ], [ 12.274261915000068, 65.581732489000046 ], [ 12.297373894000089, 65.566066799000055 ], [ 12.324717644000089, 65.531927802000041 ], [ 12.397308790000068, 65.507554429000038 ], [ 12.444590691000087, 65.467027085000041 ], [ 12.446543816000087, 65.438421942000048 ], [ 12.461680535000085, 65.412827867000033 ] ] ] } },
{ "type": "Feature", "properties": { }, "geometry": { "type": "Polygon", "coordinates": [ [ [ 11.465505405000044, 64.587836005000042 ], [ 11.48023522200009, 64.556057033000059 ], [ 11.437836134000065, 64.549872137000079 ], [ 11.432871941000087, 64.54242584800005 ], [ 11.35132897200009, 64.564398505000042 ], [ 11.344493035000085, 64.57367584800005 ], [ 11.354258660000085, 64.58734772300005 ], [ 11.36882571700005, 64.591009833000044 ], [ 11.361338738000086, 64.627752997000073 ], [ 11.366465691000087, 64.634426174000055 ], [ 11.391449415000068, 64.611029364000046 ], [ 11.393077019000089, 64.625921942000048 ], [ 11.465505405000044, 64.587836005000042 ] ] ] } },
{ "type": "Feature", "properties": { }, "geometry": { "type": "Polygon", "coordinates": [ [ [ 11.355723504000082, 64.667303778000075 ], [ 11.340098504000082, 64.620428778000075 ], [ 11.31226647200009, 64.599676825000074 ], [ 11.279795769000089, 64.611761786000045 ], [ 11.24545332100007, 64.639390367000033 ], [ 11.22046959700009, 64.63344961100006 ], [ 11.173106316000087, 64.63735586100006 ], [ 11.169932488000086, 64.644598700000074 ], [ 11.181651238000086, 64.657538153000075 ], [ 11.167979363000086, 64.659735419000071 ], [ 11.185557488000086, 64.673814195000034 ], [ 11.303965691000087, 64.692084052000041 ], [ 11.355723504000082, 64.667303778000075 ] ] ] } },
{ "type": "Feature", "properties": { }, "geometry": { "type": "Polygon", "coordinates": [ [ [ 28.599457227000073, 60.576646226000037 ], [ 28.57553144600007, 60.58038971600007 ], [ 28.561696811000047, 60.594468492000033 ], [ 28.561045769000089, 60.629461981000077 ], [ 28.57553144600007, 60.643052476000037 ], [ 28.617849155000044, 60.639227606000077 ], [ 28.631032748000052, 60.617621161000045 ], [ 28.634613477000073, 60.601385809000078 ], [ 28.599457227000073, 60.576646226000037 ] ] ] } },
{ "type": "Feature", "properties": { }, "geometry": { "type": "Polygon", "coordinates": [ [ [ -0.959868943999936, 50.802069403000075 ], [ -0.938832160999937, 50.788397528000075 ], [ -0.938832160999937, 50.780951239000046 ], [ -1.020741339999915, 50.788397528000075 ], [ -1.020741339999915, 50.795152085000041 ], [ -0.99868730399993, 50.801011460000041 ], [ -0.972564256999931, 50.829779364000046 ], [ -0.950306769999941, 50.823797919000071 ], [ -0.959868943999936, 50.802069403000075 ] ] ] } },
{ "type": "Feature", "properties": { }, "geometry": { "type": "Polygon", "coordinates": [ [ [ -4.590443488999938, 53.297552802000041 ], [ -4.558461066999939, 53.252752997000073 ], [ -4.571888800999943, 53.239488023000035 ], [ -4.602406378999945, 53.253078518000052 ], [ -4.632557745999918, 53.282945054000038 ], [ -4.676665818999936, 53.285101630000042 ], [ -4.693959113999938, 53.309637762000079 ], [ -4.667307094999956, 53.323919989000046 ], [ -4.626291469999956, 53.320868231000077 ], [ -4.590443488999938, 53.297552802000041 ] ] ] } },
{ "type": "Feature", "properties": { }, "geometry": { "type": "Polygon", "coordinates": [ [ [ 6.44117272200009, 53.556626695000034 ], [ 6.510101759000065, 53.54360586100006 ], [ 6.496429884000065, 53.536200262000079 ], [ 6.44304446700005, 53.549994208000044 ], [ 6.44117272200009, 53.556626695000034 ] ] ] } },
{ "type": "Feature", "properties": { }, "geometry": { "type": "Polygon", "coordinates": [ [ [ 6.910817905000044, 53.683661200000074 ], [ 7.047048373000052, 53.694159247000073 ], [ 7.085459832000083, 53.686997789000031 ], [ 6.873789910000085, 53.672756252000056 ], [ 6.910817905000044, 53.683661200000074 ] ] ] } },
{ "type": "Feature", "properties": { }, "geometry": { "type": "Polygon", "coordinates": [ [ [ 7.178965691000087, 53.72406647300005 ], [ 7.232920769000089, 53.729437567000048 ], [ 7.346690300000091, 53.723211981000077 ], [ 7.295746290000068, 53.711004950000074 ], [ 7.17359459700009, 53.701402085000041 ], [ 7.133148634000065, 53.708075262000079 ], [ 7.178965691000087, 53.72406647300005 ] ] ] } },
{ "type": "Feature", "properties": { }, "geometry": { "type": "Polygon", "coordinates": [ [ [ 7.36654707100007, 53.72797272300005 ], [ 7.403493686000047, 53.736721096000053 ], [ 7.435557488000086, 53.72797272300005 ], [ 7.42123457100007, 53.721136786000045 ], [ 7.36654707100007, 53.72797272300005 ] ] ] } },
{ "type": "Feature", "properties": { }, "geometry": { "type": "Polygon", "coordinates": [ [ [ 8.132660352000073, 53.734035549000055 ], [ 8.152354363000086, 53.739162502000056 ], [ 8.195974155000044, 53.72797272300005 ], [ 8.150889519000089, 53.71430084800005 ], [ 8.120127800000091, 53.71430084800005 ], [ 8.132660352000073, 53.734035549000055 ] ] ] } },
{ "type": "Feature", "properties": { }, "geometry": { "type": "Polygon", "coordinates": [ [ [ 7.606618686000047, 53.762600002000056 ], [ 7.627207879000082, 53.750921942000048 ], [ 7.513926629000082, 53.745510158000059 ], [ 7.511241082000083, 53.72797272300005 ], [ 7.481944207000083, 53.727118231000077 ], [ 7.469574415000068, 53.745347398000035 ], [ 7.474619988000086, 53.756822007000039 ], [ 7.486989780000044, 53.761419989000046 ], [ 7.606618686000047, 53.762600002000056 ] ] ] } },
{ "type": "Feature", "properties": { }, "geometry": { "type": "Polygon", "coordinates": [ [ [ 7.686289910000085, 53.780991929000038 ], [ 7.72828209700009, 53.78656647300005 ], [ 7.812836134000065, 53.783148505000042 ], [ 7.812836134000065, 53.776353257000039 ], [ 7.748220248000052, 53.760931708000044 ], [ 7.719493035000085, 53.759914455000057 ], [ 7.69499759200005, 53.769517320000034 ], [ 7.67709394600007, 53.757798570000034 ], [ 7.660899285000085, 53.762111721000053 ], [ 7.686289910000085, 53.780991929000038 ] ] ] } },
{ "type": "Feature", "properties": { }, "geometry": { "type": "Polygon", "coordinates": [ [ [ 7.854502800000091, 53.784572658000059 ], [ 7.897634311000047, 53.796291408000059 ], [ 7.955577019000089, 53.782904364000046 ], [ 7.875254754000082, 53.788397528000075 ], [ 7.873789910000085, 53.776353257000039 ], [ 7.854502800000091, 53.784572658000059 ] ] ] } },
{ "type": "Feature", "properties": { }, "geometry": { "type": "Polygon", "coordinates": [ [ [ 11.39039147200009, 54.004584052000041 ], [ 11.426605665000068, 54.022935289000031 ], [ 11.468028191000087, 54.030951239000046 ], [ 11.497894727000073, 54.022772528000075 ], [ 11.457692905000044, 53.961371161000045 ], [ 11.445323113000086, 53.961127020000049 ], [ 11.44703209700009, 53.997137762000079 ], [ 11.43327884200005, 53.988755601000037 ], [ 11.437754754000082, 53.975002346000053 ], [ 11.423106316000087, 53.967718817000048 ], [ 11.375661655000044, 53.981838283000059 ], [ 11.39039147200009, 54.004584052000041 ] ] ] } },
{ "type": "Feature", "properties": { }, "geometry": { "type": "Polygon", "coordinates": [ [ [ 11.528575066000087, 54.077460028000075 ], [ 11.533946160000085, 54.084865627000056 ], [ 11.615896030000044, 54.112127997000073 ], [ 11.552744988000086, 54.073065497000073 ], [ 11.539561394000089, 54.05695221600007 ], [ 11.528575066000087, 54.077460028000075 ] ] ] } },
{ "type": "Feature", "properties": { }, "geometry": { "type": "Polygon", "coordinates": [ [ [ 8.958506707000083, 54.522447007000039 ], [ 8.956879102000073, 54.509426174000055 ], [ 8.911306186000047, 54.475490627000056 ], [ 8.887950066000087, 54.468451239000046 ], [ 8.844493035000085, 54.466498114000046 ], [ 8.82390384200005, 54.470851955000057 ], [ 8.812836134000065, 54.482123114000046 ], [ 8.82553144600007, 54.491197007000039 ], [ 8.812836134000065, 54.501939195000034 ], [ 8.844493035000085, 54.519720770000049 ], [ 8.919200066000087, 54.530462958000044 ], [ 8.958506707000083, 54.522447007000039 ] ] ] } },
{ "type": "Feature", "properties": { }, "geometry": { "type": "Polygon", "coordinates": [ [ [ 13.11890709700009, 54.586411851000037 ], [ 13.102549675000091, 54.52993398600006 ], [ 13.075043165000068, 54.509426174000055 ], [ 13.068207227000073, 54.468451239000046 ], [ 13.061371290000068, 54.468451239000046 ], [ 13.06421959700009, 54.505113023000035 ], [ 13.102305535000085, 54.596096096000053 ], [ 13.125987175000091, 54.605617580000057 ], [ 13.157237175000091, 54.59906647300005 ], [ 13.149668816000087, 54.577704169000071 ], [ 13.143402540000068, 54.577704169000071 ], [ 13.143402540000068, 54.598130601000037 ], [ 13.11890709700009, 54.586411851000037 ] ] ] } },
{ "type": "Feature", "properties": { }, "geometry": { "type": "Polygon", "coordinates": [ [ [ 8.382334832000083, 54.639146226000037 ], [ 8.401377800000091, 54.632961330000057 ], [ 8.353688998000052, 54.618963934000078 ], [ 8.291514519000089, 54.667059637000079 ], [ 8.320485873000052, 54.698716539000031 ], [ 8.360362175000091, 54.714829820000034 ], [ 8.332367384000065, 54.693793036000045 ], [ 8.382334832000083, 54.639146226000037 ] ] ] } },
{ "type": "Feature", "properties": { }, "geometry": { "type": "Polygon", "coordinates": [ [ [ 8.451670769000089, 55.339748440000051 ], [ 8.402354363000086, 55.380031643000052 ], [ 8.370941602000073, 55.427435614000046 ], [ 8.364268425000091, 55.449042059000078 ], [ 8.37435957100007, 55.463283596000053 ], [ 8.408213738000086, 55.468410549000055 ], [ 8.411957227000073, 55.438706773000035 ], [ 8.463389519000089, 55.427435614000046 ], [ 8.450205925000091, 55.393377997000073 ], [ 8.476410352000073, 55.345445054000038 ], [ 8.451670769000089, 55.339748440000051 ] ] ] } },
{ "type": "Feature", "properties": { }, "geometry": { "type": "Polygon", "coordinates": [ [ [ 11.50953209700009, 56.710150458000044 ], [ 11.52084394600007, 56.715399481000077 ], [ 11.649424675000091, 56.729641018000052 ], [ 11.649424675000091, 56.722154039000031 ], [ 11.618011915000068, 56.711330471000053 ], [ 11.581065300000091, 56.681219794000071 ], [ 11.56421959700009, 56.677435614000046 ], [ 11.524587436000047, 56.684719143000052 ], [ 11.512217644000089, 56.695461330000057 ], [ 11.50953209700009, 56.710150458000044 ] ] ] } },
{ "type": "Feature", "properties": { }, "geometry": { "type": "Polygon", "coordinates": [ [ [ 8.812673373000052, 56.734564520000049 ], [ 8.77125084700009, 56.715969143000052 ], [ 8.766123894000089, 56.698716539000031 ], [ 8.658376498000052, 56.678127346000053 ], [ 8.586273634000065, 56.736476955000057 ], [ 8.555918816000087, 56.743841864000046 ], [ 8.514659050000091, 56.738226630000042 ], [ 8.52279707100007, 56.755072333000044 ], [ 8.553233269000089, 56.768133856000077 ], [ 8.545258009000065, 56.791083075000074 ], [ 8.573008660000085, 56.802557684000078 ], [ 8.643809441000087, 56.80805084800005 ], [ 8.668793165000068, 56.825832424000055 ], [ 8.621104363000086, 56.832017320000034 ], [ 8.655121290000068, 56.866848049000055 ], [ 8.651621941000087, 56.894191799000055 ], [ 8.791758660000085, 56.914536851000037 ], [ 8.813649936000047, 56.910345770000049 ], [ 8.867442254000082, 56.962958075000074 ], [ 8.89039147200009, 56.954820054000038 ], [ 8.916270379000082, 56.979071356000077 ], [ 8.928884311000047, 56.976629950000074 ], [ 8.908457879000082, 56.948716539000031 ], [ 8.922699415000068, 56.922023830000057 ], [ 8.900401238000086, 56.874823309000078 ], [ 8.887950066000087, 56.866848049000055 ], [ 8.882660352000073, 56.886379299000055 ], [ 8.867442254000082, 56.894110419000071 ], [ 8.83961022200009, 56.879828192000048 ], [ 8.836436394000089, 56.869289455000057 ], [ 8.85515384200005, 56.81976959800005 ], [ 8.881114129000082, 56.805365302000041 ], [ 8.85328209700009, 56.797837632000039 ], [ 8.867442254000082, 56.791083075000074 ], [ 8.812673373000052, 56.734564520000049 ] ] ] } },
{ "type": "Feature", "properties": { }, "geometry": { "type": "Polygon", "coordinates": [ [ [ 11.738780144000089, 58.058539130000042 ], [ 11.745616082000083, 58.031195380000042 ], [ 11.731944207000083, 57.997707424000055 ], [ 11.710215691000087, 57.992905992000033 ], [ 11.711436394000089, 58.011379299000055 ], [ 11.69507897200009, 58.01508209800005 ], [ 11.67937259200005, 58.006252346000053 ], [ 11.650645379000082, 57.95538971600007 ], [ 11.61890709700009, 57.954250393000052 ], [ 11.594737175000091, 57.935614325000074 ], [ 11.527842644000089, 57.954291083000044 ], [ 11.512461785000085, 57.992621161000045 ], [ 11.515635613000086, 58.000799872000073 ], [ 11.567556186000047, 58.003892320000034 ], [ 11.50562584700009, 58.013006903000075 ], [ 11.497894727000073, 58.028062242000033 ], [ 11.505869988000086, 58.046047268000052 ], [ 11.52475019600007, 58.050726630000042 ], [ 11.659678582000083, 58.045477606000077 ], [ 11.71656334700009, 58.064520575000074 ], [ 11.738780144000089, 58.058539130000042 ] ] ] } },
{ "type": "Feature", "properties": { }, "geometry": { "type": "Polygon", "coordinates": [ [ [ 11.813731316000087, 58.211371161000045 ], [ 11.81381269600007, 58.144476630000042 ], [ 11.804698113000086, 58.125718492000033 ], [ 11.756683790000068, 58.118312893000052 ], [ 11.708181186000047, 58.098211981000077 ], [ 11.654633009000065, 58.107977606000077 ], [ 11.628916863000086, 58.100083726000037 ], [ 11.612315300000091, 58.11859772300005 ], [ 11.58529707100007, 58.123114325000074 ], [ 11.533946160000085, 58.10687897300005 ], [ 11.516286655000044, 58.086004950000074 ], [ 11.463877800000091, 58.10687897300005 ], [ 11.463877800000091, 58.072170315000051 ], [ 11.457692905000044, 58.072170315000051 ], [ 11.447438998000052, 58.103461005000042 ], [ 11.406586134000065, 58.131089585000041 ], [ 11.408864780000044, 58.145697333000044 ], [ 11.428965691000087, 58.160956122000073 ], [ 11.527842644000089, 58.212795315000051 ], [ 11.601573113000086, 58.237250067000048 ], [ 11.663096550000091, 58.237250067000048 ], [ 11.660004102000073, 58.25812409100007 ], [ 11.67741946700005, 58.271389065000051 ], [ 11.669932488000086, 58.285101630000042 ], [ 11.686371290000068, 58.291205145000049 ], [ 11.738780144000089, 58.285101630000042 ], [ 11.749847852000073, 58.262884833000044 ], [ 11.789398634000065, 58.24640534100007 ], [ 11.806976759000065, 58.230414130000042 ], [ 11.813731316000087, 58.211371161000045 ] ] ] } },
{ "type": "Feature", "properties": { }, "geometry": { "type": "Polygon", "coordinates": [ [ [ 19.33171634200005, 58.367621161000045 ], [ 19.250336134000065, 58.342840887000079 ], [ 19.214121941000087, 58.354681708000044 ], [ 19.187754754000082, 58.394964911000045 ], [ 19.22242272200009, 58.394964911000045 ], [ 19.33171634200005, 58.367621161000045 ] ] ] } },
{ "type": "Feature", "properties": { }, "geometry": { "type": "Polygon", "coordinates": [ [ [ -2.548451300999943, 59.109035549000055 ], [ -2.514759894999941, 59.093817450000074 ], [ -2.532622850999928, 59.083563544000071 ], [ -2.597320115999935, 59.073309637000079 ], [ -2.599476691999939, 59.095892645000049 ], [ -2.614369269999941, 59.107245184000078 ], [ -2.651844855999911, 59.101263739000046 ], [ -2.649159308999913, 59.085516669000071 ], [ -2.670725063999953, 59.081529039000031 ], [ -2.686105923999946, 59.089178778000075 ], [ -2.665516730999911, 59.108099677000041 ], [ -2.622425910999937, 59.116441148000035 ], [ -2.617787238999938, 59.127997137000079 ], [ -2.624256964999915, 59.133856512000079 ], [ -2.665516730999911, 59.155218817000048 ], [ -2.62564042899993, 59.16242096600007 ], [ -2.61156165299991, 59.161444403000075 ], [ -2.617787238999938, 59.148423570000034 ], [ -2.59007727799991, 59.148871161000045 ], [ -2.569406704999949, 59.142238674000055 ], [ -2.592884894999941, 59.138576565000051 ], [ -2.595204230999911, 59.12954336100006 ], [ -2.583648240999935, 59.12055084800005 ], [ -2.535267706999946, 59.127997137000079 ], [ -2.548451300999943, 59.109035549000055 ] ] ] } },
{ "type": "Feature", "properties": { }, "geometry": { "type": "Polygon", "coordinates": [ [ [ 18.42709394600007, 59.260891018000052 ], [ 18.413096550000091, 59.27875397300005 ], [ 18.344737175000091, 59.299261786000045 ], [ 18.461680535000085, 59.298244533000059 ], [ 18.523448113000086, 59.288641669000071 ], [ 18.612315300000091, 59.258286851000037 ], [ 18.539073113000086, 59.259955145000049 ], [ 18.516123894000089, 59.271307684000078 ], [ 18.51726321700005, 59.249009507000039 ], [ 18.532399936000047, 59.241888739000046 ], [ 18.578135613000086, 59.244614976000037 ], [ 18.551605665000068, 59.225897528000075 ], [ 18.520355665000068, 59.228664455000057 ], [ 18.468272332000083, 59.252101955000057 ], [ 18.42709394600007, 59.260891018000052 ] ] ] } },
{ "type": "Feature", "properties": { }, "geometry": { "type": "Polygon", "coordinates": [ [ [ 5.27898196700005, 59.292547919000071 ], [ 5.314098375000071, 59.273598746000062 ], [ 5.317929266000078, 59.256539763000035 ], [ 5.317382707000093, 59.22885302800006 ], [ 5.302363396000089, 59.20549853600005 ], [ 5.297090544000071, 59.168884398000046 ], [ 5.235929479000049, 59.14105820900005 ], [ 5.208550995000053, 59.142885598000078 ], [ 5.188430242000038, 59.15724584600008 ], [ 5.166168649000042, 59.195682414000032 ], [ 5.173124861000076, 59.268710430000056 ], [ 5.165278478000062, 59.273427630000072 ], [ 5.178721550000091, 59.292222398000035 ], [ 5.22828209700009, 59.285589911000045 ], [ 5.173838738000086, 59.334051825000074 ], [ 5.174489780000044, 59.349269924000055 ], [ 5.208506707000083, 59.374945380000042 ], [ 5.188487175000091, 59.383978583000044 ], [ 5.180023634000065, 59.400580145000049 ], [ 5.185883009000065, 59.414740302000041 ], [ 5.208506707000083, 59.415961005000042 ], [ 5.253916863000086, 59.34796784100007 ], [ 5.280284050000091, 59.330267645000049 ], [ 5.28646894600007, 59.320379950000074 ], [ 5.27898196700005, 59.292547919000071 ] ] ] } },
{ "type": "Feature", "properties": { }, "geometry": { "type": "Polygon", "coordinates": [ [ [ -1.643666144999941, 59.545640367000033 ], [ -1.62523352799991, 59.555812893000052 ], [ -1.583119269999941, 59.559963283000059 ], [ -1.583851691999939, 59.553697007000039 ], [ -1.608143683999913, 59.547349351000037 ], [ -1.610422329999949, 59.539496161000045 ], [ -1.596750454999949, 59.539496161000045 ], [ -1.596750454999949, 59.532049872000073 ], [ -1.645497199999909, 59.514105536000045 ], [ -1.651275193999936, 59.528957424000055 ], [ -1.643666144999941, 59.545640367000033 ] ] ] } },
{ "type": "Feature", "properties": { }, "geometry": { "type": "Polygon", "coordinates": [ [ [ 5.317637566000087, 59.75226471600007 ], [ 5.344981316000087, 59.710150458000044 ], [ 5.29078209700009, 59.683539130000042 ], [ 5.270030144000089, 59.682847398000035 ], [ 5.270030144000089, 59.689683335000041 ], [ 5.31031334700009, 59.703314520000049 ], [ 5.289317254000082, 59.749823309000078 ], [ 5.270030144000089, 59.751776434000078 ], [ 5.273448113000086, 59.73501211100006 ], [ 5.260590040000068, 59.733872789000031 ], [ 5.225596550000091, 59.755194403000075 ], [ 5.194183790000068, 59.744940497000073 ], [ 5.194183790000068, 59.713853257000039 ], [ 5.15398196700005, 59.669826565000051 ], [ 5.160166863000086, 59.655218817000048 ], [ 5.208506707000083, 59.682847398000035 ], [ 5.187998894000089, 59.655503648000035 ], [ 5.201508009000065, 59.63312409100007 ], [ 5.194183790000068, 59.62140534100007 ], [ 5.201670769000089, 59.614569403000075 ], [ 5.17709394600007, 59.597479559000078 ], [ 5.152842644000089, 59.591620184000078 ], [ 5.115407748000052, 59.636053778000075 ], [ 5.116709832000083, 59.685695705000057 ], [ 5.131358269000089, 59.711981512000079 ], [ 5.187998894000089, 59.758612372000073 ], [ 5.124847852000073, 59.761867580000057 ], [ 5.118418816000087, 59.779038804000038 ], [ 5.08952884200005, 59.762274481000077 ], [ 5.076182488000086, 59.766302802000041 ], [ 5.070648634000065, 59.782782294000071 ], [ 5.09742272200009, 59.809312242000033 ], [ 5.098643425000091, 59.827460028000075 ], [ 5.118418816000087, 59.820013739000046 ], [ 5.128428582000083, 59.831610419000071 ], [ 5.146494988000086, 59.827460028000075 ], [ 5.10482832100007, 59.868475653000075 ], [ 5.15398196700005, 59.874660549000055 ], [ 5.168304884000065, 59.850002346000053 ], [ 5.220225457000083, 59.826605536000045 ], [ 5.227224155000044, 59.807318427000041 ], [ 5.259776238000086, 59.802679755000042 ], [ 5.293223504000082, 59.764471747000073 ], [ 5.317637566000087, 59.75226471600007 ] ] ] } },
{ "type": "Feature", "properties": { }, "geometry": { "type": "Polygon", "coordinates": [ [ [ 5.490896030000044, 59.851955471000053 ], [ 5.49781334700009, 59.803412177000041 ], [ 5.481700066000087, 59.787909247000073 ], [ 5.421885613000086, 59.758978583000044 ], [ 5.363291863000086, 59.764064846000053 ], [ 5.358164910000085, 59.772202867000033 ], [ 5.399587436000047, 59.771226304000038 ], [ 5.406504754000082, 59.779038804000038 ], [ 5.390147332000083, 59.792059637000079 ], [ 5.377940300000091, 59.792914130000042 ], [ 5.352305535000085, 59.77765534100007 ], [ 5.314300977000073, 59.789455471000053 ], [ 5.28484134200005, 59.848211981000077 ], [ 5.256358269000089, 59.874660549000055 ], [ 5.261973504000082, 59.895086981000077 ], [ 5.250173373000052, 59.909409898000035 ], [ 5.297536655000044, 59.950995184000078 ], [ 5.275401238000086, 59.959662177000041 ], [ 5.28288821700005, 59.966620184000078 ], [ 5.30404707100007, 59.977687893000052 ], [ 5.326182488000086, 59.976507880000042 ], [ 5.344981316000087, 59.964056708000044 ], [ 5.388194207000083, 59.957749742000033 ], [ 5.420664910000085, 59.938381252000056 ], [ 5.490896030000044, 59.851955471000053 ] ] ] } },
{ "type": "Feature", "properties": { }, "geometry": { "type": "Polygon", "coordinates": [ [ [ 5.610606316000087, 60.073431708000044 ], [ 5.656748894000089, 60.078843492000033 ], [ 5.660411004000082, 60.066473700000074 ], [ 5.660411004000082, 60.016913153000075 ], [ 5.652842644000089, 60.000921942000048 ], [ 5.60523522200009, 59.962225653000075 ], [ 5.606130405000044, 59.950506903000075 ], [ 5.639903191000087, 59.915594794000071 ], [ 5.62240644600007, 59.911200262000079 ], [ 5.571543816000087, 59.923041083000044 ], [ 5.508067254000082, 59.899115302000041 ], [ 5.489105665000068, 59.915594794000071 ], [ 5.476817254000082, 59.962958075000074 ], [ 5.454274936000047, 59.950995184000078 ], [ 5.410166863000086, 59.95766836100006 ], [ 5.37240644600007, 59.977687893000052 ], [ 5.361827019000089, 59.995347398000035 ], [ 5.375254754000082, 60.002508856000077 ], [ 5.449392123000052, 60.005031643000052 ], [ 5.453623894000089, 60.009588934000078 ], [ 5.439707879000082, 60.032416083000044 ], [ 5.461680535000085, 60.052801825000074 ], [ 5.48414147200009, 60.046372789000031 ], [ 5.512950066000087, 60.060248114000046 ], [ 5.57789147200009, 60.066473700000074 ], [ 5.594574415000068, 60.059963283000059 ], [ 5.610606316000087, 60.073431708000044 ] ] ] } },
{ "type": "Feature", "properties": { }, "geometry": { "type": "Polygon", "coordinates": [ [ [ 22.401866082000083, 60.075751044000071 ], [ 22.41179446700005, 60.085191148000035 ], [ 22.430430535000085, 60.081854559000078 ], [ 22.449473504000082, 60.066473700000074 ], [ 22.442637566000087, 59.99750397300005 ], [ 22.40951582100007, 60.009344794000071 ], [ 22.382823113000086, 59.992580471000053 ], [ 22.35320071700005, 60.032294012000079 ], [ 22.348887566000087, 60.063218492000033 ], [ 22.35482832100007, 60.07562897300005 ], [ 22.370616082000083, 60.080755927000041 ], [ 22.382660352000073, 60.07453034100007 ], [ 22.387217644000089, 60.051662502000056 ], [ 22.408376498000052, 60.052801825000074 ], [ 22.401866082000083, 60.075751044000071 ] ] ] } },
{ "type": "Feature", "properties": { }, "geometry": { "type": "Polygon", "coordinates": [ [ [ 20.297618035000085, 60.121527411000045 ], [ 20.26889082100007, 60.086004950000074 ], [ 20.277598504000082, 60.066473700000074 ], [ 20.266286655000044, 60.060492255000042 ], [ 20.201914910000085, 60.087551174000055 ], [ 20.198252800000091, 60.104071356000077 ], [ 20.22242272200009, 60.149603583000044 ], [ 20.258067254000082, 60.107977606000077 ], [ 20.263926629000082, 60.118231512000079 ], [ 20.255707227000073, 60.145412502000056 ], [ 20.277598504000082, 60.142157294000071 ], [ 20.297618035000085, 60.121527411000045 ] ] ] } },
{ "type": "Feature", "properties": { }, "geometry": { "type": "Polygon", "coordinates": [ [ [ 21.36890709700009, 60.196600653000075 ], [ 21.44890384200005, 60.190619208000044 ], [ 21.44890384200005, 60.183742580000057 ], [ 21.409353061000047, 60.184515692000048 ], [ 21.38054446700005, 60.162665106000077 ], [ 21.35710696700005, 60.17446523600006 ], [ 21.270681186000047, 60.190619208000044 ], [ 21.30640709700009, 60.209702867000033 ], [ 21.35328209700009, 60.211086330000057 ], [ 21.36890709700009, 60.196600653000075 ] ] ] } },
{ "type": "Feature", "properties": { }, "geometry": { "type": "Polygon", "coordinates": [ [ [ 22.07203209700009, 60.196763414000031 ], [ 22.011241082000083, 60.170111395000049 ], [ 22.037852410000085, 60.155829169000071 ], [ 22.009287957000083, 60.137274481000077 ], [ 21.977712436000047, 60.135484117000033 ], [ 21.950694207000083, 60.14907461100006 ], [ 21.935394727000073, 60.176336981000077 ], [ 21.997569207000083, 60.190619208000044 ], [ 22.041758660000085, 60.211411851000037 ], [ 22.058929884000065, 60.211086330000057 ], [ 22.07203209700009, 60.196763414000031 ] ] ] } },
{ "type": "Feature", "properties": { }, "geometry": { "type": "Polygon", "coordinates": [ [ [ 25.81421959700009, 60.20766836100006 ], [ 25.840586785000085, 60.218817450000074 ], [ 25.876231316000087, 60.217230536000045 ], [ 25.863129102000073, 60.204250393000052 ], [ 25.83562259200005, 60.196030992000033 ], [ 25.820648634000065, 60.197211005000042 ], [ 25.81421959700009, 60.20766836100006 ] ] ] } },
{ "type": "Feature", "properties": { }, "geometry": { "type": "Polygon", "coordinates": [ [ [ 20.434825066000087, 60.262396552000041 ], [ 20.441416863000086, 60.245184637000079 ], [ 20.392914259000065, 60.196763414000031 ], [ 20.380869988000086, 60.198879299000055 ], [ 20.387705925000091, 60.221869208000044 ], [ 20.382660352000073, 60.240708726000037 ], [ 20.353037957000083, 60.22882721600007 ], [ 20.34538821700005, 60.237697658000059 ], [ 20.34701582100007, 60.252875067000048 ], [ 20.358897332000083, 60.265692450000074 ], [ 20.434825066000087, 60.262396552000041 ] ] ] } },
{ "type": "Feature", "properties": { }, "geometry": { "type": "Polygon", "coordinates": [ [ [ 20.790537957000083, 60.238714911000045 ], [ 20.781097852000073, 60.263657945000034 ], [ 20.787282748000052, 60.286322333000044 ], [ 20.805186394000089, 60.286200262000079 ], [ 20.853037957000083, 60.265692450000074 ], [ 20.850596550000091, 60.253607489000046 ], [ 20.838877800000091, 60.246812242000033 ], [ 20.811371290000068, 60.245184637000079 ], [ 20.818858269000089, 60.232163804000038 ], [ 20.790537957000083, 60.238714911000045 ] ] ] } },
{ "type": "Feature", "properties": { }, "geometry": { "type": "Polygon", "coordinates": [ [ [ 25.592051629000082, 60.242580471000053 ], [ 25.570160352000073, 60.258042710000041 ], [ 25.564463738000086, 60.278265692000048 ], [ 25.58171634200005, 60.296372789000031 ], [ 25.684418165000068, 60.245184637000079 ], [ 25.643728061000047, 60.228094794000071 ], [ 25.633799675000091, 60.218329169000071 ], [ 25.635996941000087, 60.204250393000052 ], [ 25.603363477000073, 60.215399481000077 ], [ 25.622325066000087, 60.238348700000074 ], [ 25.592051629000082, 60.242580471000053 ] ] ] } },
{ "type": "Feature", "properties": { }, "geometry": { "type": "Polygon", "coordinates": [ [ [ 21.760508660000085, 60.51203034100007 ], [ 21.687998894000089, 60.455308335000041 ], [ 21.681651238000086, 60.464911200000074 ], [ 21.71420332100007, 60.508612372000073 ], [ 21.74187259200005, 60.526434637000079 ], [ 21.764170769000089, 60.525783596000053 ], [ 21.760508660000085, 60.51203034100007 ] ] ] } },
{ "type": "Feature", "properties": { }, "geometry": { "type": "Polygon", "coordinates": [ [ [ -0.769154425999943, 60.613185940000051 ], [ -0.754790818999936, 60.598944403000075 ], [ -0.760731574999909, 60.587836005000042 ], [ -0.785227016999954, 60.576320705000057 ], [ -0.870472785999937, 60.587836005000042 ], [ -0.856190558999913, 60.567328192000048 ], [ -0.883534308999913, 60.570542710000041 ], [ -0.938832160999937, 60.621323960000041 ], [ -0.938832160999937, 60.628729559000078 ], [ -0.822132941999939, 60.628729559000078 ], [ -0.811512824999909, 60.625881252000056 ], [ -0.809071417999917, 60.608303127000056 ], [ -0.769154425999943, 60.613185940000051 ] ] ] } },
{ "type": "Feature", "properties": { }, "geometry": { "type": "Polygon", "coordinates": [ [ [ 21.231700066000087, 60.882025458000044 ], [ 21.202403191000087, 60.889471747000073 ], [ 21.227793816000087, 60.899725653000075 ], [ 21.276621941000087, 60.889105536000045 ], [ 21.298675977000073, 60.895697333000044 ], [ 21.291188998000052, 60.909979559000078 ], [ 21.31226647200009, 60.923000393000052 ], [ 21.283213738000086, 60.94281647300005 ], [ 21.243418816000087, 60.950873114000046 ], [ 21.270030144000089, 60.967962958000044 ], [ 21.304942254000082, 60.971380927000041 ], [ 21.374278191000087, 60.930405992000033 ], [ 21.32789147200009, 60.910142320000034 ], [ 21.31812584700009, 60.880194403000075 ], [ 21.231700066000087, 60.882025458000044 ] ] ] } },
{ "type": "Feature", "properties": { }, "geometry": { "type": "Polygon", "coordinates": [ [ [ 21.315277540000068, 63.304022528000075 ], [ 21.277517123000052, 63.301459052000041 ], [ 21.229177280000044, 63.328802802000041 ], [ 21.345957879000082, 63.363755601000037 ], [ 21.374278191000087, 63.349269924000055 ], [ 21.373871290000068, 63.333400783000059 ], [ 21.358246290000068, 63.315659898000035 ], [ 21.318532748000052, 63.287787177000041 ], [ 21.315277540000068, 63.304022528000075 ] ] ] } },
{ "type": "Feature", "properties": { }, "geometry": { "type": "Polygon", "coordinates": [ [ [ 20.86491946700005, 63.796820380000042 ], [ 20.904633009000065, 63.793524481000077 ], [ 20.920420769000089, 63.77374909100007 ], [ 20.873545769000089, 63.753973700000074 ], [ 20.880869988000086, 63.760728257000039 ], [ 20.873220248000052, 63.770697333000044 ], [ 20.83920332100007, 63.767564195000034 ], [ 20.86491946700005, 63.796820380000042 ] ] ] } },
{ "type": "Feature", "properties": { }, "geometry": { "type": "Polygon", "coordinates": [ [ [ 23.937998894000089, 58.137274481000077 ], [ 23.955332879000082, 58.15180084800005 ], [ 23.984222852000073, 58.157131252000056 ], [ 24.01335696700005, 58.153509833000044 ], [ 24.022146030000044, 58.129868882000039 ], [ 24.002452019000089, 58.108547268000052 ], [ 23.970713738000086, 58.099595445000034 ], [ 23.943369988000086, 58.113185940000051 ], [ 23.937998894000089, 58.137274481000077 ] ] ] } },
{ "type": "Feature", "properties": { }, "geometry": { "type": "Polygon", "coordinates": [ [ [ 18.690928582000083, 59.208807684000078 ], [ 18.750010613000086, 59.205145575000074 ], [ 18.73796634200005, 59.197739976000037 ], [ 18.659678582000083, 59.176906643000052 ], [ 18.690928582000083, 59.208807684000078 ] ] ] } },
{ "type": "Feature", "properties": { }, "geometry": { "type": "Polygon", "coordinates": [ [ [ 18.757660352000073, 59.294582424000055 ], [ 18.810801629000082, 59.289252020000049 ], [ 18.807627800000091, 59.283148505000042 ], [ 18.77515709700009, 59.252183335000041 ], [ 18.722666863000086, 59.262396552000041 ], [ 18.724619988000086, 59.272650458000044 ], [ 18.757660352000073, 59.294582424000055 ] ] ] } },
{ "type": "Feature", "properties": { }, "geometry": { "type": "Polygon", "coordinates": [ [ [ 18.682139519000089, 59.331244208000044 ], [ 18.63803144600007, 59.367987372000073 ], [ 18.705902540000068, 59.371242580000057 ], [ 18.741709832000083, 59.350775458000044 ], [ 18.747080925000091, 59.331854559000078 ], [ 18.726573113000086, 59.311997789000031 ], [ 18.67750084700009, 59.299546617000033 ], [ 18.673106316000087, 59.303900458000044 ], [ 18.685801629000082, 59.316473700000074 ], [ 18.682139519000089, 59.331244208000044 ] ] ] } },
{ "type": "Feature", "properties": { }, "geometry": { "type": "Polygon", "coordinates": [ [ [ 18.12273196700005, 59.389105536000045 ], [ 18.237478061000047, 59.372788804000038 ], [ 18.249278191000087, 59.366685289000031 ], [ 18.203949415000068, 59.365912177000041 ], [ 18.22242272200009, 59.351792710000041 ], [ 18.212087436000047, 59.341498114000046 ], [ 18.165537957000083, 59.340643622000073 ], [ 18.12281334700009, 59.356756903000075 ], [ 18.105316602000073, 59.377630927000041 ], [ 18.106700066000087, 59.384955145000049 ], [ 18.12273196700005, 59.389105536000045 ] ] ] } },
{ "type": "Feature", "properties": { }, "geometry": { "type": "Polygon", "coordinates": [ [ [ 18.865082227000073, 59.39984772300005 ], [ 18.865489129000082, 59.389715887000079 ], [ 18.847666863000086, 59.389349677000041 ], [ 18.854258660000085, 59.402533270000049 ], [ 18.865082227000073, 59.39984772300005 ] ] ] } },
{ "type": "Feature", "properties": { }, "geometry": { "type": "Polygon", "coordinates": [ [ [ 18.946462436000047, 59.388739325000074 ], [ 18.948252800000091, 59.378729559000078 ], [ 18.937673373000052, 59.373236395000049 ], [ 18.899912957000083, 59.393744208000044 ], [ 18.899424675000091, 59.40070221600007 ], [ 18.92156009200005, 59.405910549000055 ], [ 18.946462436000047, 59.388739325000074 ] ] ] } },
{ "type": "Feature", "properties": { }, "geometry": { "type": "Polygon", "coordinates": [ [ [ 18.925791863000086, 59.434027411000045 ], [ 18.89389082100007, 59.407171942000048 ], [ 18.872325066000087, 59.408636786000045 ], [ 18.860606316000087, 59.424505927000041 ], [ 18.873545769000089, 59.43976471600007 ], [ 18.91179446700005, 59.447211005000042 ], [ 18.925791863000086, 59.434027411000045 ] ] ] } },
{ "type": "Feature", "properties": { }, "geometry": { "type": "Polygon", "coordinates": [ [ [ 24.515879754000082, 59.598089911000045 ], [ 24.550059441000087, 59.557766018000052 ], [ 24.542816602000073, 59.547796942000048 ], [ 24.516286655000044, 59.544256903000075 ], [ 24.489105665000068, 59.559637762000079 ], [ 24.487315300000091, 59.578517971000053 ], [ 24.500498894000089, 59.596258856000077 ], [ 24.515879754000082, 59.598089911000045 ] ] ] } },
{ "type": "Feature", "properties": { }, "geometry": { "type": "Polygon", "coordinates": [ [ [ 18.95248457100007, 59.65298086100006 ], [ 18.984629754000082, 59.624335028000075 ], [ 18.968028191000087, 59.619370835000041 ], [ 18.92750084700009, 59.622463283000059 ], [ 18.905284050000091, 59.583238023000035 ], [ 18.863454623000052, 59.583970445000034 ], [ 18.858571811000047, 59.595770575000074 ], [ 18.937754754000082, 59.64907461100006 ], [ 18.95248457100007, 59.65298086100006 ] ] ] } },
{ "type": "Feature", "properties": { }, "geometry": { "type": "Polygon", "coordinates": [ [ [ 18.905284050000091, 59.633612372000073 ], [ 18.82390384200005, 59.583889065000051 ], [ 18.756846550000091, 59.572658596000053 ], [ 18.924327019000089, 59.656927802000041 ], [ 18.924164259000065, 59.648260809000078 ], [ 18.905284050000091, 59.633612372000073 ] ] ] } },
{ "type": "Feature", "properties": { }, "geometry": { "type": "Polygon", "coordinates": [ [ [ 18.998708530000044, 59.809027411000045 ], [ 18.99781334700009, 59.794623114000046 ], [ 18.97201582100007, 59.786607164000031 ], [ 18.935557488000086, 59.792669989000046 ], [ 18.891286655000044, 59.785589911000045 ], [ 18.885752800000091, 59.793931382000039 ], [ 18.959157748000052, 59.863714911000045 ], [ 18.98796634200005, 59.850531317000048 ], [ 18.99545332100007, 59.839504299000055 ], [ 18.992198113000086, 59.807521877000056 ], [ 18.998708530000044, 59.809027411000045 ] ] ] } },
{ "type": "Feature", "properties": { }, "geometry": { "type": "Polygon", "coordinates": [ [ [ 20.867930535000085, 59.917914130000042 ], [ 20.862071160000085, 59.928168036000045 ], [ 20.87086022200009, 59.936753648000035 ], [ 20.897471550000091, 59.940130927000041 ], [ 20.920176629000082, 59.909247137000079 ], [ 20.912364129000082, 59.904486395000049 ], [ 20.867930535000085, 59.917914130000042 ] ] ] } },
{ "type": "Feature", "properties": { }, "geometry": { "type": "Polygon", "coordinates": [ [ [ 20.969411655000044, 59.943833726000037 ], [ 20.991221550000091, 59.926743882000039 ], [ 20.982758009000065, 59.921535549000055 ], [ 20.913259311000047, 59.948431708000044 ], [ 20.934743686000047, 59.957993882000039 ], [ 20.989756707000083, 59.951890367000033 ], [ 20.996592644000089, 59.945013739000046 ], [ 20.969411655000044, 59.943833726000037 ] ] ] } },
{ "type": "Feature", "properties": { }, "geometry": { "type": "Polygon", "coordinates": [ [ [ 23.92351321700005, 59.969305731000077 ], [ 23.920420769000089, 59.959418036000045 ], [ 23.88607832100007, 59.947984117000033 ], [ 23.84742272200009, 59.954657294000071 ], [ 23.870290561000047, 59.972805080000057 ], [ 23.89226321700005, 59.976507880000042 ], [ 23.92351321700005, 59.969305731000077 ] ] ] } },
{ "type": "Feature", "properties": { }, "geometry": { "type": "Polygon", "coordinates": [ [ [ 29.79851321700005, 59.990057684000078 ], [ 29.78687584700009, 59.975083726000037 ], [ 29.657399936000047, 60.025458075000074 ], [ 29.713552280000044, 60.021877346000053 ], [ 29.79851321700005, 59.990057684000078 ] ] ] } },
{ "type": "Feature", "properties": { }, "geometry": { "type": "Polygon", "coordinates": [ [ [ 27.891612175000034, 60.003607489000046 ], [ 27.89234459700009, 59.995021877000056 ], [ 27.820485873000052, 59.98273346600007 ], [ 27.804860873000052, 59.989488023000035 ], [ 27.802582227000073, 59.999335028000075 ], [ 27.82007897200009, 60.030829169000071 ], [ 27.891612175000034, 60.003607489000046 ] ] ] } },
{ "type": "Feature", "properties": { }, "geometry": { "type": "Polygon", "coordinates": [ [ [ 27.025401238000086, 60.037298895000049 ], [ 27.020681186000047, 60.017564195000034 ], [ 26.984711134000065, 60.017726955000057 ], [ 26.944509311000047, 60.091376044000071 ], [ 26.950043165000068, 60.099554755000042 ], [ 26.964121941000087, 60.099432684000078 ], [ 27.025401238000086, 60.037298895000049 ] ] ] } },
{ "type": "Feature", "properties": { }, "geometry": { "type": "Polygon", "coordinates": [ [ [ 22.961680535000085, 60.104396877000056 ], [ 22.957286004000082, 60.088853257000039 ], [ 22.946787957000083, 60.084702867000033 ], [ 22.927907748000052, 60.089911200000074 ], [ 22.898936394000089, 60.081000067000048 ], [ 22.84546959700009, 60.082220770000049 ], [ 22.873301629000082, 60.109849351000037 ], [ 22.917002800000091, 60.125067450000074 ], [ 22.950043165000068, 60.118638414000031 ], [ 22.961680535000085, 60.104396877000056 ] ] ] } },
{ "type": "Feature", "properties": { }, "geometry": { "type": "Polygon", "coordinates": [ [ [ 21.962087436000047, 60.137884833000044 ], [ 22.012380405000044, 60.122748114000046 ], [ 21.98764082100007, 60.112046617000033 ], [ 21.943858269000089, 60.113470770000049 ], [ 21.929942254000082, 60.124579169000071 ], [ 21.962087436000047, 60.137884833000044 ] ] ] } },
{ "type": "Feature", "properties": { }, "geometry": { "type": "Polygon", "coordinates": [ [ [ 20.65992272200009, 60.149725653000075 ], [ 20.688243035000085, 60.117010809000078 ], [ 20.67156009200005, 60.109198309000078 ], [ 20.638682488000086, 60.131333726000037 ], [ 20.635508660000085, 60.143947658000059 ], [ 20.65992272200009, 60.149725653000075 ] ] ] } },
{ "type": "Feature", "properties": { }, "geometry": { "type": "Polygon", "coordinates": [ [ [ 18.728770379000082, 60.19672272300005 ], [ 18.71225019600007, 60.212144273000035 ], [ 18.753103061000047, 60.209173895000049 ], [ 18.788259311000047, 60.184149481000077 ], [ 18.784434441000087, 60.175116278000075 ], [ 18.800303582000083, 60.17641836100006 ], [ 18.806895379000082, 60.160589911000045 ], [ 18.760996941000087, 60.150051174000055 ], [ 18.72437584700009, 60.155462958000044 ], [ 18.713063998000052, 60.182562567000048 ], [ 18.718272332000083, 60.194159247000073 ], [ 18.728770379000082, 60.19672272300005 ] ] ] } },
{ "type": "Feature", "properties": { }, "geometry": { "type": "Polygon", "coordinates": [ [ [ 20.683767123000052, 60.229396877000056 ], [ 20.716319207000083, 60.20929596600007 ], [ 20.707692905000044, 60.199652411000045 ], [ 20.686778191000087, 60.194566148000035 ], [ 20.664073113000086, 60.205023505000042 ], [ 20.668467644000089, 60.226711330000057 ], [ 20.683767123000052, 60.229396877000056 ] ] ] } },
{ "type": "Feature", "properties": { }, "geometry": { "type": "Polygon", "coordinates": [ [ [ 21.99577884200005, 60.287298895000049 ], [ 21.972911004000082, 60.285345770000049 ], [ 22.008311394000089, 60.297308661000045 ], [ 21.99577884200005, 60.287298895000049 ] ] ] } },
{ "type": "Feature", "properties": { }, "geometry": { "type": "Polygon", "coordinates": [ [ [ 21.944590691000087, 60.277085679000038 ], [ 21.884938998000052, 60.289496161000045 ], [ 21.875336134000065, 60.304877020000049 ], [ 21.92546634200005, 60.312648830000057 ], [ 21.973806186000047, 60.309312242000033 ], [ 21.956879102000073, 60.281398830000057 ], [ 21.944590691000087, 60.277085679000038 ] ] ] } },
{ "type": "Feature", "properties": { }, "geometry": { "type": "Polygon", "coordinates": [ [ [ 28.68295332100007, 60.299505927000041 ], [ 28.721364780000044, 60.287543036000045 ], [ 28.703135613000086, 60.280015367000033 ], [ 28.694590691000087, 60.261135158000059 ], [ 28.624196811000047, 60.270209052000041 ], [ 28.551036004000082, 60.302720445000034 ], [ 28.541351759000065, 60.347357489000046 ], [ 28.568695509000065, 60.343329169000071 ], [ 28.580332879000082, 60.348944403000075 ], [ 28.586924675000034, 60.340033270000049 ], [ 28.612315300000034, 60.337307033000059 ], [ 28.68295332100007, 60.299505927000041 ] ] ] } },
{ "type": "Feature", "properties": { }, "geometry": { "type": "Polygon", "coordinates": [ [ [ 28.521820509000065, 60.333685614000046 ], [ 28.518321160000085, 60.312933661000045 ], [ 28.50367272200009, 60.311021226000037 ], [ 28.42554772200009, 60.36078522300005 ], [ 28.454600457000083, 60.366848049000055 ], [ 28.484873894000089, 60.361883856000077 ], [ 28.521820509000065, 60.333685614000046 ] ] ] } },
{ "type": "Feature", "properties": { }, "geometry": { "type": "Polygon", "coordinates": [ [ [ 20.785329623000052, 60.333563544000071 ], [ 20.732676629000082, 60.314357815000051 ], [ 20.732676629000082, 60.332749742000033 ], [ 20.75717207100007, 60.366115627000056 ], [ 20.787364129000082, 60.36196523600006 ], [ 20.792002800000091, 60.352769273000035 ], [ 20.785329623000052, 60.333563544000071 ] ] ] } },
{ "type": "Feature", "properties": { }, "geometry": { "type": "Polygon", "coordinates": [ [ [ 21.352305535000085, 60.370428778000075 ], [ 21.355316602000073, 60.351792710000041 ], [ 21.338389519000089, 60.353094794000071 ], [ 21.331065300000091, 60.365179755000042 ], [ 21.294444207000083, 60.370510158000059 ], [ 21.307790561000047, 60.389593817000048 ], [ 21.319834832000083, 60.391506252000056 ], [ 21.352305535000085, 60.370428778000075 ] ] ] } },
{ "type": "Feature", "properties": { }, "geometry": { "type": "Polygon", "coordinates": [ [ [ 26.59343509200005, 60.44594961100006 ], [ 26.652598504000082, 60.426906643000052 ], [ 26.649668816000087, 60.421535549000055 ], [ 26.573090040000068, 60.405340887000079 ], [ 26.558929884000065, 60.397406317000048 ], [ 26.54859459700009, 60.37836334800005 ], [ 26.526133660000085, 60.385158596000053 ], [ 26.50717207100007, 60.403469143000052 ], [ 26.51343834700009, 60.411281643000052 ], [ 26.574717644000089, 60.421779690000051 ], [ 26.59343509200005, 60.44594961100006 ] ] ] } },
{ "type": "Feature", "properties": { }, "geometry": { "type": "Polygon", "coordinates": [ [ [ -4.663970506999931, 51.177069403000075 ], [ -4.670480923999946, 51.160101630000042 ], [ -4.678537563999953, 51.167059637000079 ], [ -4.67642167899993, 51.193101304000038 ], [ -4.671213344999956, 51.195054429000038 ], [ -4.663970506999931, 51.177069403000075 ] ] ] } },
{ "type": "Feature", "properties": { }, "geometry": { "type": "Polygon", "coordinates": [ [ [ 8.69890384200005, 54.558579820000034 ], [ 8.692881707000083, 54.523260809000078 ], [ 8.669769727000073, 54.501898505000042 ], [ 8.61882571700005, 54.492621161000045 ], [ 8.595876498000052, 54.513657945000034 ], [ 8.602061394000089, 54.529771226000037 ], [ 8.620127800000091, 54.537909247000073 ], [ 8.69890384200005, 54.558579820000034 ] ] ] } },
{ "type": "Feature", "properties": { }, "geometry": { "type": "Polygon", "coordinates": [ [ [ 15.669118686000047, 56.123928127000056 ], [ 15.726898634000065, 56.118353583000044 ], [ 15.70085696700005, 56.105658270000049 ], [ 15.703623894000089, 56.08071523600006 ], [ 15.696787957000083, 56.074286200000074 ], [ 15.651133660000085, 56.089992580000057 ], [ 15.64234459700009, 56.104641018000052 ], [ 15.669118686000047, 56.123928127000056 ] ] ] } },
{ "type": "Feature", "properties": { }, "geometry": { "type": "Polygon", "coordinates": [ [ [ 23.270681186000047, 57.807806708000044 ], [ 23.270192905000044, 57.785630601000037 ], [ 23.250254754000082, 57.784369208000044 ], [ 23.217784050000091, 57.800930080000057 ], [ 23.22429446700005, 57.823716539000031 ], [ 23.270681186000047, 57.807806708000044 ] ] ] } },
{ "type": "Feature", "properties": { }, "geometry": { "type": "Polygon", "coordinates": [ [ [ 16.877289259000065, 58.299709377000056 ], [ 16.879079623000052, 58.280585028000075 ], [ 16.855804884000065, 58.271877346000053 ], [ 16.832530144000089, 58.304185289000031 ], [ 16.844899936000047, 58.310370184000078 ], [ 16.877289259000065, 58.299709377000056 ] ] ] } },
{ "type": "Feature", "properties": { }, "geometry": { "type": "Polygon", "coordinates": [ [ [ 16.870290561000047, 58.333238023000035 ], [ 16.918955925000091, 58.336371161000045 ], [ 16.895030144000089, 58.320705471000053 ], [ 16.846039259000065, 58.319810289000031 ], [ 16.814952019000089, 58.339178778000075 ], [ 16.785166863000086, 58.380072333000044 ], [ 16.790049675000091, 58.389064846000053 ], [ 16.807790561000047, 58.394232489000046 ], [ 16.859711134000065, 58.400295315000051 ], [ 16.861582879000082, 58.391994533000059 ], [ 16.85124759200005, 58.383368231000077 ], [ 16.828786655000044, 58.381537177000041 ], [ 16.847178582000083, 58.372137762000079 ], [ 16.82748457100007, 58.36359284100007 ], [ 16.830577019000089, 58.355943101000037 ], [ 16.870290561000047, 58.333238023000035 ] ] ] } },
{ "type": "Feature", "properties": { }, "geometry": { "type": "Polygon", "coordinates": [ [ [ 18.226410352000073, 58.944728908000059 ], [ 18.35710696700005, 58.976996161000045 ], [ 18.353851759000065, 58.967352606000077 ], [ 18.338877800000091, 58.957912502000056 ], [ 18.289805535000085, 58.941392320000034 ], [ 18.316416863000086, 58.926947333000044 ], [ 18.216319207000083, 58.905585028000075 ], [ 18.193614129000082, 58.911322333000044 ], [ 18.226410352000073, 58.944728908000059 ] ] ] } },
{ "type": "Feature", "properties": { }, "geometry": { "type": "Polygon", "coordinates": [ [ [ 18.194590691000087, 58.997992255000042 ], [ 18.159434441000087, 58.997707424000055 ], [ 18.14812259200005, 59.005275783000059 ], [ 18.144704623000052, 58.96906159100007 ], [ 18.117523634000065, 58.967352606000077 ], [ 18.09896894600007, 58.97882721600007 ], [ 18.050629102000073, 58.960923570000034 ], [ 18.058604363000086, 58.985093492000033 ], [ 18.081553582000083, 58.99673086100006 ], [ 18.082855665000068, 59.00922272300005 ], [ 18.103526238000086, 59.022650458000044 ], [ 18.21656334700009, 59.024481512000079 ], [ 18.178721550000091, 59.011419989000046 ], [ 18.198252800000091, 59.009670315000051 ], [ 18.194590691000087, 58.997992255000042 ] ] ] } },
{ "type": "Feature", "properties": { }, "geometry": { "type": "Polygon", "coordinates": [ [ [ 11.075694207000083, 59.080471096000053 ], [ 11.082367384000065, 59.067857164000031 ], [ 11.051605665000068, 59.046128648000035 ], [ 11.054860873000052, 59.035874742000033 ], [ 11.046397332000083, 59.02680084800005 ], [ 11.018239780000044, 59.019354559000078 ], [ 10.991465691000087, 59.033596096000053 ], [ 10.993174675000091, 59.076646226000037 ], [ 11.00326582100007, 59.086493231000077 ], [ 11.034353061000047, 59.088934637000079 ], [ 11.039805535000085, 59.074408270000049 ], [ 11.047618035000085, 59.073187567000048 ], [ 11.075694207000083, 59.080471096000053 ] ] ] } },
{ "type": "Feature", "properties": { }, "geometry": { "type": "Polygon", "coordinates": [ [ [ 10.91382897200009, 59.111558335000041 ], [ 10.907074415000068, 59.090562242000033 ], [ 10.877452019000089, 59.071234442000048 ], [ 10.845713738000086, 59.075751044000071 ], [ 10.829112175000091, 59.099432684000078 ], [ 10.855479363000086, 59.115383205000057 ], [ 10.867930535000085, 59.113267320000034 ], [ 10.857269727000073, 59.09906647300005 ], [ 10.897634311000047, 59.115627346000053 ], [ 10.91382897200009, 59.111558335000041 ] ] ] } },
{ "type": "Feature", "properties": { }, "geometry": { "type": "Polygon", "coordinates": [ [ [ -1.308257615999935, 60.094142971000053 ], [ -1.309803839999915, 60.076361395000049 ], [ -1.333566860999952, 60.04360586100006 ], [ -1.339019334999932, 60.043890692000048 ], [ -1.33462480399993, 60.076320705000057 ], [ -1.338368292999917, 60.064032294000071 ], [ -1.367909308999913, 60.044826565000051 ], [ -1.338002081999946, 60.093451239000046 ], [ -1.345692511999914, 60.108954169000071 ], [ -1.315825975999928, 60.115464585000041 ], [ -1.323353644999941, 60.08820221600007 ], [ -1.308257615999935, 60.094142971000053 ] ] ] } },
{ "type": "Feature", "properties": { }, "geometry": { "type": "Polygon", "coordinates": [ [ [ -2.053212042999917, 60.155503648000035 ], [ -2.048085089999915, 60.12921784100007 ], [ -2.062977667999917, 60.117987372000073 ], [ -2.112294074999909, 60.138006903000075 ], [ -2.087880011999914, 60.155462958000044 ], [ -2.053212042999917, 60.155503648000035 ] ] ] } },
{ "type": "Feature", "properties": { }, "geometry": { "type": "Polygon", "coordinates": [ [ [ -1.050526495999918, 60.169623114000046 ], [ -1.052723761999914, 60.148423570000034 ], [ -1.073801235999952, 60.10773346600007 ], [ -1.083892381999931, 60.105169989000046 ], [ -1.122222459999932, 60.123114325000074 ], [ -1.119252081999946, 60.155585028000075 ], [ -1.135650193999936, 60.167954820000034 ], [ -1.134917772999927, 60.178697007000039 ], [ -1.097523566999939, 60.175726630000042 ], [ -1.079457160999937, 60.188299872000073 ], [ -1.069935675999943, 60.164211330000057 ], [ -1.050526495999918, 60.169623114000046 ] ] ] } },
{ "type": "Feature", "properties": { }, "geometry": { "type": "Polygon", "coordinates": [ [ [ -0.912668423999946, 60.386786200000074 ], [ -0.917713995999918, 60.376654364000046 ], [ -0.975982225999928, 60.340318101000037 ], [ -1.015207485999952, 60.334133205000057 ], [ -1.034087693999936, 60.34015534100007 ], [ -1.006418423999946, 60.368963934000078 ], [ -0.912668423999946, 60.386786200000074 ] ] ] } },
{ "type": "Feature", "properties": { }, "geometry": { "type": "Polygon", "coordinates": [ [ [ 4.928396030000044, 60.864243882000039 ], [ 4.918223504000082, 60.855373440000051 ], [ 4.878754102000073, 60.865139065000051 ], [ 4.868174675000091, 60.887762762000079 ], [ 4.834727410000085, 60.895209052000041 ], [ 4.825205925000091, 60.920477606000077 ], [ 4.809580925000091, 60.911851304000038 ], [ 4.781586134000065, 60.917629299000055 ], [ 4.776866082000083, 60.92999909100007 ], [ 4.836761915000068, 60.943182684000078 ], [ 4.843272332000083, 60.938869533000059 ], [ 4.824880405000044, 60.930080471000053 ], [ 4.882823113000086, 60.92999909100007 ], [ 4.87086022200009, 60.923773505000042 ], [ 4.874034050000091, 60.917669989000046 ], [ 4.897227410000085, 60.907416083000044 ], [ 4.928396030000044, 60.864243882000039 ] ] ] } },
{ "type": "Feature", "properties": { }, "geometry": { "type": "Polygon", "coordinates": [ [ [ 4.732676629000082, 61.035060940000051 ], [ 4.739024285000085, 61.013739325000074 ], [ 4.731130405000044, 60.999945380000042 ], [ 4.706879102000073, 60.988511460000041 ], [ 4.701345248000052, 61.001613674000055 ], [ 4.70866946700005, 61.019720770000049 ], [ 4.680349155000044, 60.997137762000079 ], [ 4.664886915000068, 61.018703518000052 ], [ 4.648692254000082, 61.026434637000079 ], [ 4.643809441000087, 61.057603257000039 ], [ 4.679698113000086, 61.079657294000071 ], [ 4.700043165000068, 61.082220770000049 ], [ 4.71461022200009, 61.060126044000071 ], [ 4.711436394000089, 61.04828522300005 ], [ 4.732676629000082, 61.035060940000051 ] ] ] } },
{ "type": "Feature", "properties": { }, "geometry": { "type": "Polygon", "coordinates": [ [ [ 5.635996941000087, 62.319281317000048 ], [ 5.603037957000083, 62.32876211100006 ], [ 5.630137566000087, 62.341782945000034 ], [ 5.679860873000052, 62.346502997000073 ], [ 5.68531334700009, 62.362046617000033 ], [ 5.741465691000087, 62.360663153000075 ], [ 5.73373457100007, 62.333075262000079 ], [ 5.739024285000085, 62.332424221000053 ], [ 5.728526238000086, 62.326646226000037 ], [ 5.69898522200009, 62.321356512000079 ], [ 5.674571160000085, 62.322739976000037 ], [ 5.667246941000087, 62.329901434000078 ], [ 5.635996941000087, 62.319281317000048 ] ] ] } },
{ "type": "Feature", "properties": { }, "geometry": { "type": "Polygon", "coordinates": [ [ [ 5.593923373000052, 62.339789130000042 ], [ 5.521332227000073, 62.334865627000056 ], [ 5.509938998000052, 62.363999742000033 ], [ 5.547373894000089, 62.367865302000041 ], [ 5.596364780000044, 62.354478257000039 ], [ 5.593923373000052, 62.339789130000042 ] ] ] } },
{ "type": "Feature", "properties": { }, "geometry": { "type": "Polygon", "coordinates": [ [ [ 18.078949415000068, 62.679754950000074 ], [ 18.02702884200005, 62.684515692000048 ], [ 18.006114129000082, 62.705552476000037 ], [ 18.028330925000091, 62.745184637000079 ], [ 18.064300977000073, 62.757879950000074 ], [ 18.10320071700005, 62.745184637000079 ], [ 18.128103061000047, 62.751654364000046 ], [ 18.15984134200005, 62.747137762000079 ], [ 18.146983269000089, 62.709540106000077 ], [ 18.117035352000073, 62.701727606000077 ], [ 18.130056186000047, 62.693508205000057 ], [ 18.12468509200005, 62.687933661000045 ], [ 18.078949415000068, 62.679754950000074 ] ] ] } },
{ "type": "Feature", "properties": { }, "geometry": { "type": "Polygon", "coordinates": [ [ [ 8.235118035000085, 63.222235419000071 ], [ 8.325368686000047, 63.171372789000031 ], [ 8.209808790000068, 63.161363023000035 ], [ 8.195811394000089, 63.167181708000044 ], [ 8.181895379000082, 63.201361395000049 ], [ 8.165293816000087, 63.213446356000077 ], [ 8.188161655000044, 63.225327867000033 ], [ 8.235118035000085, 63.222235419000071 ] ] ] } },
{ "type": "Feature", "properties": { }, "geometry": { "type": "Polygon", "coordinates": [ [ [ 22.033457879000082, 63.322088934000078 ], [ 22.060801629000082, 63.302150783000059 ], [ 22.04664147200009, 63.282171942000048 ], [ 22.013845248000052, 63.277736721000053 ], [ 22.004567905000044, 63.291164455000057 ], [ 21.98991946700005, 63.277573960000041 ], [ 21.97828209700009, 63.280015367000033 ], [ 21.977712436000047, 63.298651434000078 ], [ 21.989024285000085, 63.310370184000078 ], [ 22.029958530000044, 63.308417059000078 ], [ 22.00757897200009, 63.324896552000041 ], [ 22.033457879000082, 63.322088934000078 ] ] ] } },
{ "type": "Feature", "properties": { }, "geometry": { "type": "Polygon", "coordinates": [ [ [ 22.13648522200009, 63.250555731000077 ], [ 22.079356316000087, 63.266302802000041 ], [ 22.083181186000047, 63.270453192000048 ], [ 22.068695509000065, 63.283880927000041 ], [ 22.088877800000091, 63.294623114000046 ], [ 22.069183790000068, 63.318548895000049 ], [ 22.110199415000068, 63.328924872000073 ], [ 22.158213738000086, 63.311021226000037 ], [ 22.16968834700009, 63.319159247000073 ], [ 22.195648634000065, 63.309759833000044 ], [ 22.221690300000091, 63.338568427000041 ], [ 22.231293165000068, 63.338812567000048 ], [ 22.246267123000052, 63.307074286000045 ], [ 22.20866946700005, 63.273260809000078 ], [ 22.18726647200009, 63.273504950000074 ], [ 22.156504754000082, 63.288560289000031 ], [ 22.114431186000047, 63.284165757000039 ], [ 22.158539259000065, 63.27407461100006 ], [ 22.163096550000091, 63.263332424000055 ], [ 22.157237175000091, 63.256537177000041 ], [ 22.13648522200009, 63.250555731000077 ] ] ] } },
{ "type": "Feature", "properties": { }, "geometry": { "type": "Polygon", "coordinates": [ [ [ 21.94898522200009, 63.333807684000078 ], [ 21.956228061000047, 63.349310614000046 ], [ 21.996429884000065, 63.384711005000042 ], [ 22.096039259000065, 63.383490302000041 ], [ 22.07943769600007, 63.376857815000051 ], [ 22.085134311000047, 63.367010809000078 ], [ 22.076182488000086, 63.360052802000041 ], [ 22.012705925000091, 63.363714911000045 ], [ 21.98414147200009, 63.341131903000075 ], [ 21.94898522200009, 63.333807684000078 ] ] ] } },
{ "type": "Feature", "properties": { }, "geometry": { "type": "Polygon", "coordinates": [ [ [ 9.167002800000091, 63.647202867000033 ], [ 9.170909050000091, 63.641424872000073 ], [ 9.162119988000086, 63.633856512000079 ], [ 9.076345248000052, 63.612982489000046 ], [ 9.030121290000068, 63.617254950000074 ], [ 9.014008009000065, 63.626695054000038 ], [ 9.030528191000087, 63.633002020000049 ], [ 9.041514519000089, 63.65460846600007 ], [ 9.057871941000087, 63.661078192000048 ], [ 9.107595248000052, 63.659816799000055 ], [ 9.123301629000082, 63.64984772300005 ], [ 9.167002800000091, 63.647202867000033 ] ] ] } },
{ "type": "Feature", "properties": { }, "geometry": { "type": "Polygon", "coordinates": [ [ [ 20.87086022200009, 63.66937897300005 ], [ 20.843028191000087, 63.644191799000055 ], [ 20.82593834700009, 63.643622137000079 ], [ 20.827647332000083, 63.653143622000073 ], [ 20.86459394600007, 63.676743882000039 ], [ 20.87086022200009, 63.66937897300005 ] ] ] } },
{ "type": "Feature", "properties": { }, "geometry": { "type": "Polygon", "coordinates": [ [ [ 20.880869988000086, 63.742377020000049 ], [ 20.948496941000087, 63.774603583000044 ], [ 20.932871941000087, 63.745306708000044 ], [ 20.932871941000087, 63.715277411000045 ], [ 20.923106316000087, 63.703192450000074 ], [ 20.864756707000083, 63.683091539000031 ], [ 20.862071160000085, 63.693345445000034 ], [ 20.880869988000086, 63.742377020000049 ] ] ] } },
{ "type": "Feature", "properties": { }, "geometry": { "type": "Polygon", "coordinates": [ [ [ 22.800303582000083, 63.776068427000041 ], [ 22.828868035000085, 63.776312567000048 ], [ 22.80209394600007, 63.738185940000051 ], [ 22.782074415000068, 63.744818427000041 ], [ 22.776052280000044, 63.728176174000055 ], [ 22.73959394600007, 63.720526434000078 ], [ 22.70289147200009, 63.736395575000074 ], [ 22.681488477000073, 63.763413804000038 ], [ 22.763845248000052, 63.791449286000045 ], [ 22.781748894000089, 63.790432033000059 ], [ 22.800303582000083, 63.776068427000041 ] ] ] } },
{ "type": "Feature", "properties": { }, "geometry": { "type": "Polygon", "coordinates": [ [ [ 9.939952019000089, 64.02212148600006 ], [ 9.943858269000089, 64.011460679000038 ], [ 9.928477410000085, 64.003159898000035 ], [ 9.89226321700005, 63.997015692000048 ], [ 9.853851759000065, 64.008937893000052 ], [ 9.881114129000082, 64.019964911000045 ], [ 9.84742272200009, 64.026312567000048 ], [ 9.843760613000086, 64.033189195000034 ], [ 9.875254754000082, 64.038316148000035 ], [ 9.888519727000073, 64.049058335000041 ], [ 9.939952019000089, 64.02212148600006 ] ] ] } },
{ "type": "Feature", "properties": { }, "geometry": { "type": "Polygon", "coordinates": [ [ [ 22.417816602000073, 65.449937242000033 ], [ 22.375661655000044, 65.430731512000079 ], [ 22.285166863000086, 65.431626695000034 ], [ 22.294769727000073, 65.452866929000038 ], [ 22.30640709700009, 65.45538971600007 ], [ 22.332530144000089, 65.443019924000055 ], [ 22.37086022200009, 65.459458726000037 ], [ 22.417816602000073, 65.449937242000033 ] ] ] } },
{ "type": "Feature", "properties": { }, "geometry": { "type": "Polygon", "coordinates": [ [ [ 22.148285352000073, 65.434637762000079 ], [ 22.142588738000086, 65.445786851000037 ], [ 22.147308790000068, 65.468654690000051 ], [ 22.174001498000052, 65.474310614000046 ], [ 22.210215691000087, 65.465806382000039 ], [ 22.215342644000089, 65.460028387000079 ], [ 22.206553582000083, 65.450181382000039 ], [ 22.233164910000085, 65.423895575000074 ], [ 22.231700066000087, 65.418117580000057 ], [ 22.148285352000073, 65.434637762000079 ] ] ] } },
{ "type": "Feature", "properties": { }, "geometry": { "type": "Polygon", "coordinates": [ [ [ 22.558929884000065, 65.538275458000044 ], [ 22.617198113000086, 65.517482815000051 ], [ 22.604746941000087, 65.510321356000077 ], [ 22.567556186000047, 65.516913153000075 ], [ 22.552989129000082, 65.530096747000073 ], [ 22.558929884000065, 65.538275458000044 ] ] ] } },
{ "type": "Feature", "properties": { }, "geometry": { "type": "Polygon", "coordinates": [ [ [ 22.193207227000073, 65.525783596000053 ], [ 22.186778191000087, 65.537827867000033 ], [ 22.226410352000073, 65.543931382000039 ], [ 22.318614129000082, 65.523993231000077 ], [ 22.35873457100007, 65.503973700000074 ], [ 22.358246290000068, 65.495062567000048 ], [ 22.332692905000044, 65.49164459800005 ], [ 22.278819207000083, 65.513251044000071 ], [ 22.270518425000091, 65.509833075000074 ], [ 22.270518425000091, 65.496893622000073 ], [ 22.285492384000065, 65.479193427000041 ], [ 22.280121290000068, 65.478216864000046 ], [ 22.193207227000073, 65.525783596000053 ] ] ] } },
{ "type": "Feature", "properties": { }, "geometry": { "type": "Polygon", "coordinates": [ [ [ 22.625824415000068, 65.593410549000055 ], [ 22.641449415000068, 65.589097398000035 ], [ 22.637461785000085, 65.579657294000071 ], [ 22.613942905000044, 65.571437893000052 ], [ 22.59742272200009, 65.553941148000035 ], [ 22.539317254000082, 65.563666083000044 ], [ 22.529144727000073, 65.576239325000074 ], [ 22.625824415000068, 65.593410549000055 ] ] ] } },
{ "type": "Feature", "properties": { }, "geometry": { "type": "Polygon", "coordinates": [ [ [ 22.589121941000087, 65.593736070000034 ], [ 22.55445397200009, 65.605373440000051 ], [ 22.56812584700009, 65.612534898000035 ], [ 22.59506269600007, 65.612982489000046 ], [ 22.604502800000091, 65.600287177000041 ], [ 22.589121941000087, 65.593736070000034 ] ] ] } },
{ "type": "Feature", "properties": { }, "geometry": { "type": "Polygon", "coordinates": [ [ [ 22.945974155000044, 65.721625067000048 ], [ 22.985118035000085, 65.700262762000079 ], [ 22.981944207000083, 65.693589585000041 ], [ 22.960948113000086, 65.690130927000041 ], [ 22.971934441000087, 65.667059637000079 ], [ 22.927256707000083, 65.684515692000048 ], [ 22.88217207100007, 65.720445054000038 ], [ 22.886241082000083, 65.737372137000079 ], [ 22.930023634000065, 65.741888739000046 ], [ 22.956228061000047, 65.733221747000073 ], [ 22.959727410000085, 65.725327867000033 ], [ 22.945974155000044, 65.721625067000048 ] ] ] } },
{ "type": "Feature", "properties": { }, "geometry": { "type": "Polygon", "coordinates": [ [ [ 23.800791863000086, 65.749823309000078 ], [ 23.799489780000044, 65.734808661000045 ], [ 23.784678582000083, 65.71820709800005 ], [ 23.738291863000086, 65.69672272300005 ], [ 23.699880405000044, 65.707464911000045 ], [ 23.681488477000073, 65.721665757000039 ], [ 23.681651238000086, 65.743068752000056 ], [ 23.689626498000052, 65.748439846000053 ], [ 23.70476321700005, 65.735988674000055 ], [ 23.713552280000044, 65.751898505000042 ], [ 23.75367272200009, 65.741278387000079 ], [ 23.77515709700009, 65.749579169000071 ], [ 23.786957227000073, 65.743638414000031 ], [ 23.79265384200005, 65.753892320000034 ], [ 23.800791863000086, 65.749823309000078 ] ] ] } },
{ "type": "Feature", "properties": { }, "geometry": { "type": "Polygon", "coordinates": [ [ [ 22.805430535000085, 65.705226955000057 ], [ 22.725759311000047, 65.724025783000059 ], [ 22.735524936000047, 65.766343492000033 ], [ 22.746836785000085, 65.770412502000056 ], [ 22.79078209700009, 65.75031159100007 ], [ 22.811371290000068, 65.714097398000035 ], [ 22.805430535000085, 65.705226955000057 ] ] ] } },
{ "type": "Feature", "properties": { }, "geometry": { "type": "Polygon", "coordinates": [ [ [ 7.900645379000082, 54.190659898000035 ], [ 7.897715691000087, 54.182318427000041 ], [ 7.879893425000091, 54.193915106000077 ], [ 7.900645379000082, 54.190659898000035 ] ] ] } },
{ "type": "Feature", "properties": { }, "geometry": { "type": "Polygon", "coordinates": [ [ [ 7.929860873000052, 54.195298570000034 ], [ 7.933441602000073, 54.189886786000045 ], [ 7.912364129000082, 54.192287502000056 ], [ 7.929860873000052, 54.195298570000034 ] ] ] } },
{ "type": "Feature", "properties": { }, "geometry": { "type": "Polygon", "coordinates": [ [ [ 5.775889519000089, 59.11273834800005 ], [ 5.77475019600007, 59.080552476000037 ], [ 5.750743035000085, 59.072333075000074 ], [ 5.575205925000091, 59.124009507000039 ], [ 5.607920769000089, 59.134426174000055 ], [ 5.697927280000044, 59.120184637000079 ], [ 5.739105665000068, 59.124416408000059 ], [ 5.775889519000089, 59.11273834800005 ] ] ] } },
{ "type": "Feature", "properties": { }, "geometry": { "type": "Polygon", "coordinates": [ [ [ 5.466319207000083, 59.20453522300005 ], [ 5.46461022200009, 59.183091539000031 ], [ 5.443207227000073, 59.158921617000033 ], [ 5.384776238000086, 59.195298570000034 ], [ 5.375336134000065, 59.218817450000074 ], [ 5.39389082100007, 59.240423895000049 ], [ 5.41382897200009, 59.240790106000077 ], [ 5.451996290000068, 59.22211334800005 ], [ 5.466319207000083, 59.20453522300005 ] ] ] } },
{ "type": "Feature", "properties": { }, "geometry": { "type": "Polygon", "coordinates": [ [ [ 22.510264519000089, 59.876288153000075 ], [ 22.505056186000047, 59.868719794000071 ], [ 22.443695509000065, 59.851467190000051 ], [ 22.416026238000086, 59.852932033000059 ], [ 22.41382897200009, 59.861232815000051 ], [ 22.510264519000089, 59.876288153000075 ] ] ] } },
{ "type": "Feature", "properties": { }, "geometry": { "type": "Polygon", "coordinates": [ [ [ 20.301908032000085, 59.998975214000041 ], [ 20.339446925000061, 60.020109724000065 ], [ 20.436746037000091, 60.004989416000058 ], [ 20.44705937100008, 59.995180558000072 ], [ 20.398575509000068, 59.981349051000052 ], [ 20.324819234000074, 59.977195317000053 ], [ 20.322365859000058, 59.962685524000051 ], [ 20.306648030000076, 59.953624346000083 ], [ 20.283707094000079, 59.958475456000031 ], [ 20.281315311000071, 59.976616123000042 ], [ 20.301908032000085, 59.998975214000041 ] ] ] } },
{ "type": "Feature", "properties": { }, "geometry": { "type": "Polygon", "coordinates": [ [ [ 21.59742272200009, 60.257025458000044 ], [ 21.62671959700009, 60.25259023600006 ], [ 21.601735873000052, 60.222560940000051 ], [ 21.563487175000091, 60.226223049000055 ], [ 21.56226647200009, 60.239935614000046 ], [ 21.586924675000091, 60.269354559000078 ], [ 21.604665561000047, 60.268784898000035 ], [ 21.60678144600007, 60.260687567000048 ], [ 21.59742272200009, 60.257025458000044 ] ] ] } },
{ "type": "Feature", "properties": { }, "geometry": { "type": "Polygon", "coordinates": [ [ [ 21.094737175000091, 60.475572007000039 ], [ 21.096690300000091, 60.463446356000077 ], [ 21.078379754000082, 60.448960679000038 ], [ 21.059255405000044, 60.466742255000042 ], [ 21.076426629000082, 60.480414130000042 ], [ 21.094737175000091, 60.475572007000039 ] ] ] } },
{ "type": "Feature", "properties": { }, "geometry": { "type": "Polygon", "coordinates": [ [ [ 4.851573113000086, 60.621079820000034 ], [ 4.840830925000091, 60.606756903000075 ], [ 4.843923373000052, 60.589748440000051 ], [ 4.836761915000068, 60.586737372000073 ], [ 4.801768425000091, 60.587103583000044 ], [ 4.779470248000052, 60.598537502000056 ], [ 4.788910352000073, 60.597479559000078 ], [ 4.785411004000082, 60.615790106000077 ], [ 4.794932488000086, 60.615423895000049 ], [ 4.786143425000091, 60.648423570000034 ], [ 4.791270379000082, 60.666083075000074 ], [ 4.820567254000082, 60.656439520000049 ], [ 4.830332879000082, 60.640041408000059 ], [ 4.827321811000047, 60.631415106000077 ], [ 4.851573113000086, 60.621079820000034 ] ] ] } },
{ "type": "Feature", "properties": { }, "geometry": { "type": "Polygon", "coordinates": [ [ [ 21.26734459700009, 60.851060289000031 ], [ 21.263194207000083, 60.830267645000049 ], [ 21.205332879000082, 60.843247789000031 ], [ 21.186289910000085, 60.856512762000079 ], [ 21.206553582000083, 60.863185940000051 ], [ 21.221527540000068, 60.858954169000071 ], [ 21.226573113000086, 60.84711334800005 ], [ 21.26734459700009, 60.851060289000031 ] ] ] } },
{ "type": "Feature", "properties": { }, "geometry": { "type": "Polygon", "coordinates": [ [ [ 21.42937259200005, 61.173000393000052 ], [ 21.388845248000052, 61.180975653000075 ], [ 21.352386915000068, 61.176011460000041 ], [ 21.342946811000047, 61.190619208000044 ], [ 21.380056186000047, 61.214016018000052 ], [ 21.391368035000085, 61.20962148600006 ], [ 21.389170769000089, 61.192206122000073 ], [ 21.42937259200005, 61.173000393000052 ] ] ] } },
{ "type": "Feature", "properties": { }, "geometry": { "type": "Polygon", "coordinates": [ [ [ 21.523936394000089, 61.63312409100007 ], [ 21.507823113000086, 61.618068752000056 ], [ 21.459971550000091, 61.629339911000045 ], [ 21.484548373000052, 61.640448309000078 ], [ 21.523936394000089, 61.63312409100007 ] ] ] } },
{ "type": "Feature", "properties": { }, "geometry": { "type": "Polygon", "coordinates": [ [ [ 4.831879102000073, 61.681463934000078 ], [ 4.838715040000068, 61.699611721000053 ], [ 4.858246290000068, 61.702215887000079 ], [ 4.870290561000047, 61.714667059000078 ], [ 4.879893425000091, 61.711981512000079 ], [ 4.877452019000089, 61.700995184000078 ], [ 4.903493686000047, 61.676174221000053 ], [ 4.902842644000089, 61.652492580000057 ], [ 4.892100457000083, 61.662787177000041 ], [ 4.848155144000089, 61.664984442000048 ], [ 4.831879102000073, 61.681463934000078 ] ] ] } },
{ "type": "Feature", "properties": { }, "geometry": { "type": "Polygon", "coordinates": [ [ [ 21.191416863000086, 62.953924872000073 ], [ 21.168142123000052, 62.945990302000041 ], [ 21.146657748000052, 62.953273830000057 ], [ 21.13648522200009, 62.967230536000045 ], [ 21.150563998000052, 62.963568427000041 ], [ 21.159353061000047, 62.975409247000073 ], [ 21.14039147200009, 62.984564520000049 ], [ 21.130381707000083, 63.000799872000073 ], [ 21.151621941000087, 63.010321356000077 ], [ 21.207367384000065, 62.986151434000078 ], [ 21.221934441000087, 62.951361395000049 ], [ 21.208506707000083, 62.946234442000048 ], [ 21.191416863000086, 62.953924872000073 ] ] ] } },
{ "type": "Feature", "properties": { }, "geometry": { "type": "Polygon", "coordinates": [ [ [ -4.80101477799991, 54.057928778000075 ], [ -4.812204555999926, 54.040432033000059 ], [ -4.830596482999908, 54.04962799700013 ], [ -4.810373501999948, 54.059759833000157 ], [ -4.80101477799991, 54.057928778000075 ] ] ] } }
]
}
